rank,word,pos,gender,ko,freq,cum_pct,region,cefr
1,في,,,"~안에, ~에",,,Top500,
2,من,,,"~부터, ~에서, 누구",,,Top500,
3,على,,,"~위에, ~에 대해",,,Top500,
4,أن,,,"~라는 것, ~하기를",,,Top500,
5,لا,,,"아니요, 안",,,Top500,
6,إلى,,,"~로, ~까지",,,Top500,
7,و,,,그리고,,,Top500,
8,ما,,,"무엇, ~하지 않다",,,Top500,
9,عن,,,"~에 대해, ~로부터",,,Top500,
10,هذا,,,"이것, 이",,,Top500,
11,مع,,,~와 함께,,,Top500,
12,التي,,,~하는,,,Top500,
13,كل,,,"모든, 각",,,Top500,
14,هذه,,,"이것, 이",,,Top500,
15,أو,,,또는,,,Top500,
16,هو,,,"그, 그것",,,Top500,
17,كان,,,"이다, 있다",,,Top500,
18,الذي,,,~하는,,,Top500,
19,ذلك,,,"그것, 저것",,,Top500,
20,بعد,,,"~후에, 아직",,,Top500,
21,الله,,,"알라, 하나님",,,Top500,
22,لم,,,~하지 않았다,,,Top500,
23,بين,,,~사이에,,,Top500,
24,ان,,,~라는 것,,,Top500,
25,كانت,,,그녀였다,,,Top500,
26,يا,,,"야, 이봐",,,Top500,
27,حتى,,,"~까지, 심지어",,,Top500,
28,قبل,,,~전에,,,Top500,
29,قد,,,"이미, 아마",,,Top500,
30,هي,,,"그녀, 그것",,,Top500,
31,إن,,,"정말, ~라는 것",,,Top500,
32,كما,,,"~처럼, ~같이",,,Top500,
33,أي,,,"어떤, 어느",,,Top500,
34,أيضا,,,또한,,,Top500,
35,حيث,,,"~하는 곳, ~때",,,Top500,
36,أنه,,,그가 ~라는 것,,,Top500,
37,اليوم,,,오늘,,,Top500,
38,خلال,,,"~동안, ~통해",,,Top500,
39,عليه,,,"그에게, 그는 ~해야",,,Top500,
40,غير,,,"~이 아닌, 다른",,,Top500,
41,وهو,,,그리고 그는,,,Top500,
42,بعض,,,"일부, 몇몇",,,Top500,
43,تم,,,완료되다,,,Top500,
44,علي,,,"나에게, 나는 ~해야",,,Top500,
45,إذا,,,만약,,,Top500,
46,فى,,,"~안에, ~에",,,Top500,
47,له,,,그에게,,,Top500,
48,مثل,,,"~처럼, 같은",,,Top500,
49,محمد,,,무함마드(이름),,,Top500,
50,هناك,,,"거기, ~가 있다",,,Top500,
51,يوم,,,"날, 하루",,,Top500,
52,لك,,,너에게,,,Top500,
53,أكثر,,,"더, 더 많이",,,Top500,
54,عام,,,"해, 년, 일반적인",,,Top500,
55,لي,,,나에게,,,Top500,
56,ولا,,,그리고 ~도 아니다,,,Top500,
57,ثم,,,그다음,,,Top500,
58,بن,,,"벤 (인명), 아들",,,Top500,
59,يمكن,,,~할 수 있다,,,Top500,
60,الناس,,,사람들,,,Top500,
61,به,,,"그것으로, 그로",,,Top500,
62,ولكن,,,그러나,,,Top500,
63,أنت,,,"너, 당신",,,Top500,
64,الى,,,"~로, ~까지",,,Top500,
65,شيء,,,"것, 무언가",,,Top500,
66,لكن,,,하지만,,,Top500,
67,وفي,,,그리고 ~안에,,,Top500,
68,قال,,,말했다,,,Top500,
69,ومن,,,그리고 ~로부터,,,Top500,
70,فيه,,,그 안에,,,Top500,
71,فيها,,,그 안에 여성,,,Top500,
72,منذ,,,~이래로,,,Top500,
73,إلا,,,"~외에, ~을 제외하고",,,Top500,
74,الذين,,,~하는 사람들,,,Top500,
75,العالم,,,세계,,,Top500,
76,يكون,,,"있다, 되다",,,Top500,
77,أحد,,,"누군가, 하나",,,Top500,
78,عندما,,,~할 때,,,Top500,
79,فقط,,,"단지, 오직",,,Top500,
80,وقد,,,그리고 이미,,,Top500,
81,الآن,,,지금,,,Top500,
82,بها,,,"그것으로, 그녀로",,,Top500,
83,لو,,,만약,,,Top500,
84,عدد,,,"수, 숫자",,,Top500,
85,بشكل,,,~식으로,,,Top500,
86,أخرى,,,다른 여성,,,Top500,
87,تلك,,,"저것, 그",,,Top500,
88,هنا,,,여기,,,Top500,
89,ليس,,,~이 아니다,,,Top500,
90,هل,,,~입니까,,,Top500,
91,عند,,,"~에, ~때",,,Top500,
92,كنت,,,"나였다, 너였다",,,Top500,
93,العام,,,"해, 년, 일반적인",,,Top500,
94,انا,,,나,,,Top500,
95,لها,,,그녀에게,,,Top500,
96,أنا,,,나,,,Top500,
97,بأن,,,~라는 것으로,,,Top500,
98,تكون,,,"있다, 되다",,,Top500,
99,كيف,,,어떻게,,,Top500,
100,عبد,,,"압드 (종/신하, 이름 요소)",,,Top500,
101,المتحدة,,,"연합한, 합중국의",,,Top500,
102,تحت,,,~아래,,,Top500,
103,حول,,,"~에 대해, 주위에",,,Top500,
104,وهي,,,그리고 그녀는,,,Top500,
105,العربية,,,"아랍어, 아랍의 (여성형)",,,Top500,
106,السعودية,,,사우디아라비아,,,Top500,
107,العمل,,,"일, 작업",,,Top500,
108,ب,,,"~로, ~에 (전치사)",,,Top500,
109,3,,,3 (숫자),,,Top500,
110,آخر,,,"다른, 마지막",,,Top500,
111,الوقت,,,시간,,,Top500,
112,جدا,,,매우,,,Top500,
113,جميع,,,"모든, 전부",,,Top500,
114,1,,,1 (숫자),,,Top500,
115,أجل,,,"그래, 네",,,Top500,
116,الأول,,,"첫 번째, 최초",,,Top500,
117,فإن,,,"그러면, 만약",,,Top500,
118,أنها,,,그녀가 ~라는 것,,,Top500,
119,الحياة,,,"삶, 인생",,,Top500,
120,بما,,,"~로써, ~때문에",,,Top500,
121,واحد,,,하나,,,Top500,
122,يتم,,,"이루어지다, 완료되다",,,Top500,
123,بسبب,,,~때문에,,,Top500,
124,دون,,,~없이,,,Top500,
125,لن,,,~하지 않을 것이다,,,Top500,
126,مدينة,,,도시,,,Top500,
127,مصر,,,이집트,,,Top500,
128,منها,,,그녀로부터,,,Top500,
129,يجب,,,~해야 한다,,,Top500,
130,2,,,2 (숫자),,,Top500,
131,شخص,,,사람,,,Top500,
132,عليها,,,"그녀에게, 그녀는 ~해야",,,Top500,
133,الكثير,,,"많은, 많이",,,Top500,
134,مرة,,,"번, 한 번",,,Top500,
135,الأمر,,,"일, 문제",,,Top500,
136,مما,,,"~로부터, ~보다",,,Top500,
137,والتي,,,그리고 ~하는(여),,,Top500,
138,عمل,,,"일, 작업",,,Top500,
139,عبر,,,"통해, 건너",,,Top500,
140,فقد,,,"이미, 잃다",,,Top500,
141,يقول,,,말하다,,,Top500,
142,الثاني,,,두 번째,,,Top500,
143,العديد,,,"많음, 다수",,,Top500,
144,بل,,,"오히려, 아니",,,Top500,
145,عليك,,,"너에게, 너는 ~해야",,,Top500,
146,هم,,,그들,,,Top500,
147,الأولى,,,"첫째, 첫 번째",,,Top500,
148,ل,,,"~에게, ~을 위해",,,Top500,
149,لنا,,,우리에게,,,Top500,
150,أكبر,,,"더 크다, 더 나이 많다",,,Top500,
151,أول,,,"첫째, 처음",,,Top500,
152,رئيس,,,"우두머리, 사장",,,Top500,
153,لهم,,,그들에게,,,Top500,
154,موقع,,,"위치, 사이트",,,Top500,
155,واحدة,,,하나 여성,,,Top500,
156,الرئيس,,,"대통령, 우두머리",,,Top500,
157,سنة,,,"년, 해",,,Top500,
158,لما,,,"왜, ~때",,,Top500,
159,مجموعة,,,"그룹, 집단",,,Top500,
160,او,,,또는,,,Top500,
161,ضد,,,~에 반대하여,,,Top500,
162,عنه,,,그에 대해,,,Top500,
163,كبير,,,"크다, 나이 많다",,,Top500,
164,لقد,,,"이미, 정말",,,Top500,
165,وذلك,,,그리고 저것,,,Top500,
166,وعلى,,,그리고 ~위에,,,Top500,
167,أفضل,,,"더 나은, 최고",,,Top500,
168,الدولة,,,"국가, 나라",,,Top500,
169,الدين,,,"종교, 빚",,,Top500,
170,بك,,,"너로, 너에게",,,Top500,
171,حين,,,"때, 시간",,,Top500,
172,طريق,,,"길, 도로",,,Top500,
173,وقت,,,시간,,,Top500,
174,وكان,,,그리고 ~이었다,,,Top500,
175,أما,,,"~으로 말하면, 하지만",,,Top500,
176,اذا,,,만약,,,Top500,
177,الأرض,,,"땅, 지구",,,Top500,
178,لأن,,,~때문에,,,Top500,
179,منه,,,그로부터,,,Top500,
180,نحن,,,우리,,,Top500,
181,5,,,5 (숫자),,,Top500,
182,الإنسان,,,인간,,,Top500,
183,نفسه,,,"자신, 똑같은",,,Top500,
184,وما,,,그리고 무엇,,,Top500,
185,يعني,,,의미하다,,,Top500,
186,4,,,4 (숫자),,,Top500,
187,المدينة,,,도시,,,Top500,
188,انت,,,"너, 당신",,,Top500,
189,بدون,,,~없이,,,Top500,
190,عشر,,,"열, 십",,,Top500,
191,نفس,,,"같은, 자신",,,Top500,
192,أم,,,"아니면, 어머니",,,Top500,
193,الخاصة,,,"특별한, 개인의",,,Top500,
194,جديد,,,새롭다,,,Top500,
195,الحكومة,,,정부,,,Top500,
196,العربي,,,"아랍의, 아랍인 (남성형)",,,Top500,
197,ولم,,,"그리고 왜, 그리고 않았다",,,Top500,
198,سنوات,,,"년, 해",,,Top500,
199,مجلس,,,"의회, 회의",,,Top500,
200,أحمد,,,아흐마드 (남자 이름),,,Top500,
201,الحرب,,,전쟁,,,Top500,
202,حالة,,,"상태, 경우",,,Top500,
203,عاما,,,"년, 일반적인",,,Top500,
204,علينا,,,"우리에게, 우리는 ~해야",,,Top500,
205,كبيرة,,,크다 여성,,,Top500,
206,منهم,,,그들 중에서,,,Top500,
207,وجود,,,"존재, 있음",,,Top500,
208,العامة,,,"공공의, 일반의",,,Top500,
209,المنطقة,,,"지역, 구역",,,Top500,
210,بي,,,"나로, 나에게",,,Top500,
211,شركة,,,회사,,,Top500,
212,قام,,,"일어나다, 하다",,,Top500,
213,وهذا,,,그리고 이것,,,Top500,
214,6,,,6 (숫자),,,Top500,
215,إنه,,,"그는, 그것은",,,Top500,
216,ابن,,,아들,,,Top500,
217,بينما,,,~하는 동안,,,Top500,
218,جديدة,,,새롭다,,,Top500,
219,دولار,,,달러,,,Top500,
220,يوجد,,,~이 있다,,,Top500,
221,السلام,,,"평화, 인사",,,Top500,
222,الملك,,,왕,,,Top500,
223,الولايات,,,"주들, 미국",,,Top500,
224,انه,,,"그는, 그것은",,,Top500,
225,ذات,,,"같은, 가진",,,Top500,
226,عدة,,,"여러, 장비",,,Top500,
227,فيما,,,"~하는 동안, ~에 관해",,,Top500,
228,لكل,,,"각각의, 모든 ~에게",,,Top500,
229,منطقة,,,"지역, 구역",,,Top500,
230,ال,,,정관사 ~의 (the),,,Top500,
231,الاتحاد,,,"연합, 연방, 동맹",,,Top500,
232,بالنسبة,,,"~에 관하여, ~에게",,,Top500,
233,فيديو,,,비디오,,,Top500,
234,مليون,,,백만,,,Top500,
235,يكن,,,있다,,,Top500,
236,إليه,,,그에게로,,,Top500,
237,دائما,,,항상,,,Top500,
238,داخل,,,"안, 내부",,,Top500,
239,عدم,,,"없음, 부재",,,Top500,
240,لدى,,,~에게 있다,,,Top500,
241,والذي,,,그리고 ~하는 사람/것,,,Top500,
242,العالمية,,,세계적인 (여),,,Top500,
243,اليمن,,,예멘,,,Top500,
244,خاصة,,,"특별한, 특히",,,Top500,
245,عملية,,,"수술, 작전, 과정",,,Top500,
246,7,,,7 (숫자),,,Top500,
247,الجديد,,,새로운,,,Top500,
248,الجيش,,,군대,,,Top500,
249,النار,,,불,,,Top500,
250,تقول,,,말하다,,,Top500,
251,ثلاثة,,,"셋, 3",,,Top500,
252,صلى,,,"기도하다, 축복하다 (예언자 축원구)",,,Top500,
253,صور,,,사진들,,,Top500,
254,كانوا,,,그들이었다,,,Top500,
255,كثيرا,,,많이,,,Top500,
256,مكان,,,장소,,,Top500,
257,هؤلاء,,,이들,,,Top500,
258,وزارة,,,"부(部), 부처",,,Top500,
259,أمام,,,앞에,,,Top500,
260,العراق,,,이라크,,,Top500,
261,بكل,,,모든 ~로,,,Top500,
262,لذلك,,,그래서,,,Top500,
263,لهذا,,,"이것을 위해, 그래서",,,Top500,
264,م,,,M(약자),,,Top500,
265,نظام,,,"체계, 시스템",,,Top500,
266,أبو,,,"아부 (~의 아버지, 이름 접두어)",,,Top500,
267,إيران,,,이란,,,Top500,
268,الشيخ,,,"셰이크, 장로, 스승",,,Top500,
269,النظام,,,"체계, 시스템",,,Top500,
270,الوطني,,,"국가의, 민족의",,,Top500,
271,فوق,,,위에,,,Top500,
272,وأن,,,그리고 ~하는 것,,,Top500,
273,أثناء,,,"~동안, ~중에",,,Top500,
274,الأخرى,,,다른 (여성형),,,Top500,
275,المسلمين,,,무슬림들 (목적격/소유격 복수),,,Top500,
276,سوف,,,~할 것이다,,,Top500,
277,ضمن,,,"~안에, ~에 포함된",,,Top500,
278,ليست,,,~이 아니다 여성,,,Top500,
279,استخدام,,,사용,,,Top500,
280,عليهم,,,"그들에게, 그들 위에",,,Top500,
281,لكم,,,너희에게,,,Top500,
282,مركز,,,"센터, 중심",,,Top500,
283,نهاية,,,"끝, 종말",,,Top500,
284,الثانية,,,"두 번째의 (여성형), 초",,,Top500,
285,الدولية,,,국제적인 (여성형),,,Top500,
286,الكتاب,,,책,,,Top500,
287,الماضي,,,"지난, 과거",,,Top500,
288,المملكة,,,왕국,,,Top500,
289,عمر,,,"나이, 오마르(이름)",,,Top500,
290,كذلك,,,"그렇게, 또한",,,Top500,
291,وسلم,,,그리고 평화가 있기를 (예언자 축원구),,,Top500,
292,أبي,,,"아버지, 아빠",,,Top500,
293,الأمريكية,,,미국의 (여성형),,,Top500,
294,الجديدة,,,새로운 (여성형),,,Top500,
295,الخاص,,,"특별한, ~의",,,Top500,
296,الموقع,,,"장소, 위치, 사이트",,,Top500,
297,بالإضافة,,,"게다가, 덧붙여",,,Top500,
298,رجل,,,남자,,,Top500,
299,وأنا,,,그리고 나는,,,Top500,
300,الفيلم,,,영화,,,Top500,
301,اي,,,"어떤, 어느",,,Top500,
302,سوريا,,,시리아,,,Top500,
303,فيلم,,,영화,,,Top500,
304,لماذا,,,왜,,,Top500,
305,وبعد,,,그리고 후에,,,Top500,
306,ولد,,,"소년, 태어났다",,,Top500,
307,9,,,9 (숫자),,,Top500,
308,ألف,,,천 (1000),,,Top500,
309,أمر,,,"일, 명령",,,Top500,
310,البلاد,,,"나라, 국가",,,Top500,
311,الدول,,,"국가들, 나라들",,,Top500,
312,الشرطة,,,경찰,,,Top500,
313,بأنه,,,그가 ~라는 것으로,,,Top500,
314,بواسطة,,,"~을 통해, ~에 의해",,,Top500,
315,حال,,,"상태, 경우",,,Top500,
316,خارج,,,"밖, 바깥",,,Top500,
317,كتب,,,"썼다, 책들",,,Top500,
318,نحو,,,"~쪽으로, 약, 문법",,,Top500,
319,يبدو,,,~처럼 보이다,,,Top500,
320,8,,,8 (숫자),,,Top500,
321,الأطفال,,,아이들,,,Top500,
322,الرجال,,,남자들,,,Top500,
323,العرب,,,아랍인들,,,Top500,
324,المرأة,,,여자,,,Top500,
325,الوطنية,,,"국가의, 민족의 (여성형)",,,Top500,
326,بدأ,,,시작하다,,,Top500,
327,برنامج,,,프로그램,,,Top500,
328,تقوم,,,"하다, 수행하다",,,Top500,
329,شهر,,,"달, 월",,,Top500,
330,صورة,,,"사진, 이미지",,,Top500,
331,كم,,,"얼마, 몇",,,Top500,
332,ماذا,,,무엇,,,Top500,
333,منك,,,너로부터,,,Top500,
334,أصبح,,,되다,,,Top500,
335,الشعب,,,"국민, 민족",,,Top500,
336,القانون,,,"법, 법률",,,Top500,
337,بدأت,,,시작했다,,,Top500,
338,حد,,,"한계, 한 사람",,,Top500,
339,حق,,,"권리, 진실",,,Top500,
340,قتل,,,"죽이다, 살인",,,Top500,
341,لمدة,,,~동안,,,Top500,
342,يقوم,,,"하다, 수행하다",,,Top500,
343,the,,,the (영어 정관사),,,Top500,
344,أيام,,,날들,,,Top500,
345,الجميع,,,모두,,,Top500,
346,الدولي,,,국제적인 (남성형),,,Top500,
347,المجتمع,,,"사회, 공동체",,,Top500,
348,بناء,,,"건축, 건물, ~에 따라",,,Top500,
349,حسن,,,"좋은, 잘",,,Top500,
350,دولة,,,"국가, 나라",,,Top500,
351,صحيح,,,"맞다, 옳다",,,Top500,
352,فترة,,,"기간, 시기",,,Top500,
353,مارس,,,"3월, 행하다",,,Top500,
354,وليس,,,그리고 아니다,,,Top500,
355,أنهم,,,그들이 ~라는 것,,,Top500,
356,اسم,,,이름,,,Top500,
357,الان,,,지금,,,Top500,
358,تاريخ,,,"역사, 날짜",,,Top500,
359,تعمل,,,"일하다, 작동하다",,,Top500,
360,ثلاث,,,"셋, 삼",,,Top500,
361,ذكر,,,"언급하다, 남성",,,Top500,
362,ربما,,,아마,,,Top500,
363,رقم,,,"번호, 숫자",,,Top500,
364,ساعة,,,"시간, 시계",,,Top500,
365,عنها,,,그녀에 대해,,,Top500,
366,إذ,,,"~할 때, 왜냐하면",,,Top500,
367,البعض,,,"일부, 몇몇",,,Top500,
368,الحصول,,,얻는 것,,,Top500,
369,شيئا,,,무언가,,,Top500,
370,معه,,,그와 함께,,,Top500,
371,وضع,,,"놓다, 상황",,,Top500,
372,يوما,,,"하루, 어느 날",,,Top500,
373,الإسلامية,,,이슬람의 (여성형),,,Top500,
374,السنة,,,"해, 년",,,Top500,
375,اللغة,,,언어,,,Top500,
376,باسم,,,~의 이름으로,,,Top500,
377,حسب,,,~에 따라,,,Top500,
378,فريق,,,팀,,,Top500,
379,كتاب,,,책,,,Top500,
380,نوع,,,"종류, 유형",,,Top500,
381,وزير,,,장관,,,Top500,
382,أقل,,,더 적다,,,Top500,
383,إحدى,,,~중 하나 (여성형),,,Top500,
384,الأخيرة,,,마지막의 (여성형),,,Top500,
385,الأمن,,,"안전, 보안",,,Top500,
386,الرغم,,,~에도 불구하고,,,Top500,
387,الطريق,,,"길, 도로",,,Top500,
388,العمر,,,"나이, 인생",,,Top500,
389,الكويت,,,쿠웨이트,,,Top500,
390,المزيد,,,"더, 더 많음",,,Top500,
391,النساء,,,여자들,,,Top500,
392,الواقع,,,"현실, 실제",,,Top500,
393,تماما,,,"완전히, 전적으로",,,Top500,
394,حدث,,,"일어나다, 사건",,,Top500,
395,سبيل,,,"길, 방법",,,Top500,
396,مجال,,,"분야, 영역",,,Top500,
397,مختلفة,,,다른 (여성형),,,Top500,
398,نفسك,,,너 자신,,,Top500,
399,يحدث,,,일어나다,,,Top500,
400,يعمل,,,"일하다, 작동하다",,,Top500,
401,إدارة,,,"관리, 행정",,,Top500,
402,السياسية,,,정치적인 (여성형),,,Top500,
403,الشباب,,,"청년들, 젊은이들",,,Top500,
404,المعلومات,,,정보,,,Top500,
405,بلا,,,~없이,,,Top500,
406,جنوب,,,남쪽,,,Top500,
407,علم,,,"과학, 지식, 깃발",,,Top500,
408,فعل,,,"하다, 행동",,,Top500,
409,كلمة,,,"단어, 말",,,Top500,
410,الرجل,,,그 남자,,,Top500,
411,الساعة,,,"시간, 시계",,,Top500,
412,بداية,,,시작,,,Top500,
413,حياة,,,"삶, 인생",,,Top500,
414,صباح,,,아침,,,Top500,
415,طريقة,,,방법,,,Top500,
416,لأنه,,,그가 ~때문에,,,Top500,
417,وأنت,,,그리고 너는,,,Top500,
418,وسط,,,"중간, 가운데",,,Top500,
419,ومع,,,그리고 ~와 함께,,,Top500,
420,أكتوبر,,,10월,,,Top500,
421,الحق,,,"진실, 권리",,,Top500,
422,السابق,,,이전의,,,Top500,
423,الموت,,,죽음,,,Top500,
424,بهذه,,,이것으로 여성,,,Top500,
425,جامعة,,,대학교,,,Top500,
426,دور,,,"역할, 차례",,,Top500,
427,رجال,,,남자들,,,Top500,
428,رغم,,,~에도 불구하고,,,Top500,
429,سيكون,,,~일 것이다,,,Top500,
430,صغيرة,,,"작다, 어리다",,,Top500,
431,فبراير,,,2월,,,Top500,
432,وكانت,,,그리고 그녀는 ~이었다,,,Top500,
433,يعرف,,,알다,,,Top500,
434,أصبحت,,,되었다,,,Top500,
435,الإسلام,,,이슬람,,,Top500,
436,التعليم,,,교육,,,Top500,
437,السيد,,,"씨, 선생",,,Top500,
438,العلاقات,,,관계들,,,Top500,
439,الي,,,"~에게, 나에게",,,Top500,
440,انظر,,,보다,,,Top500,
441,انك,,,네가 ~라는 것,,,Top500,
442,بذلك,,,그것으로,,,Top500,
443,بهذا,,,이것으로,,,Top500,
444,حركة,,,"움직임, 운동",,,Top500,
445,حزب,,,"정당, 당",,,Top500,
446,عالم,,,"세계, 학자",,,Top500,
447,عرض,,,"공연, 제안, 너비",,,Top500,
448,قناة,,,"채널, 운하",,,Top500,
449,كنا,,,우리였다,,,Top500,
450,لبنان,,,레바논,,,Top500,
451,مباشرة,,,"직접, 곧바로",,,Top500,
452,يعد,,,"준비하다, 약속하다, 더이상~않다",,,Top500,
453,إسرائيل,,,이스라엘,,,Top500,
454,الحكم,,,"심판, 판결",,,Top500,
455,السعودي,,,사우디의 (남성형),,,Top500,
456,تعلم,,,"알다, 배우다",,,Top500,
457,حاليا,,,"현재, 지금",,,Top500,
458,دول,,,"국가들, 나라들",,,Top500,
459,زيادة,,,"증가, 추가",,,Top500,
460,فلا,,,그래서 ~아니다,,,Top500,
461,قائمة,,,"목록, 메뉴",,,Top500,
462,قالت,,,그녀가 말했다,,,Top500,
463,معظم,,,대부분,,,Top500,
464,وهم,,,"그리고 그들은, 환상",,,Top500,
465,يمكنك,,,너는 ~할 수 있다,,,Top500,
466,يونيو,,,6월,,,Top500,
467,الأعمال,,,"일들, 사업",,,Top500,
468,التاريخ,,,"역사, 날짜",,,Top500,
469,الخارجية,,,"외부의, 외무부",,,Top500,
470,المغرب,,,"모로코, 일몰",,,Top500,
471,تقريبا,,,"거의, 대략",,,Top500,
472,جاء,,,왔다,,,Top500,
473,دي,,,"이것 (이집트 방언, 여성)",,,Top500,
474,رسول,,,"사도, 예언자, 사자",,,Top500,
475,قوات,,,"군대들, 병력",,,Top500,
476,كثير,,,많은,,,Top500,
477,مشروع,,,"프로젝트, 합법적인",,,Top500,
478,يناير,,,1월,,,Top500,
479,آل,,,"가문, 일족",,,Top500,
480,أشهر,,,"개월들, 더 유명한",,,Top500,
481,أعضاء,,,"회원들, 구성원들",,,Top500,
482,الثالث,,,세 번째,,,Top500,
483,الدفاع,,,"방어, 수비",,,Top500,
484,المدرسة,,,학교,,,Top500,
485,المناطق,,,"지역들, 구역들",,,Top500,
486,جزء,,,부분,,,Top500,
487,فكرة,,,"생각, 아이디어",,,Top500,
488,قسم,,,"부서, 맹세",,,Top500,
489,قصة,,,이야기,,,Top500,
490,مجرد,,,"단지, 그저",,,Top500,
491,مختلف,,,다른,,,Top500,
492,نتيجة,,,결과,,,Top500,
493,وكذلك,,,"또한, 그리고 마찬가지로",,,Top500,
494,الآخر,,,"다른, 타인",,,Top500,
495,النبي,,,"예언자, 선지자",,,Top500,
496,تعرف,,,알다,,,Top500,
497,تويتر,,,트위터,,,Top500,
498,سبب,,,"이유, 원인",,,Top500,
499,مايو,,,5월,,,Top500,
500,مباراة,,,"경기, 시합",,,Top500,
501,وإن,,,비록 ~일지라도,,,Top1000,
502,وكل,,,그리고 모든,,,Top1000,
503,أبدا,,,"결코, 절대",,,Top1000,
504,ألا,,,~이 아닌가,,,Top1000,
505,إعادة,,,"반복, 재 (재시도)",,,Top1000,
506,الأمور,,,"일들, 문제들",,,Top1000,
507,الحديث,,,"대화, 말",,,Top1000,
508,القوات,,,"군대, 부대들",,,Top1000,
509,المصرية,,,이집트의 (여성형),,,Top1000,
510,حقوق,,,권리들,,,Top1000,
511,فرصة,,,기회,,,Top1000,
512,قانون,,,"법, 법률",,,Top1000,
513,لديها,,,그녀에게 있다,,,Top1000,
514,نفسي,,,나 자신,,,Top1000,
515,وفقا,,,"~에 따라, ~에 의하면 (부사)",,,Top1000,
516,وقال,,,그리고 그가 말했다,,,Top1000,
517,الا,,,"~외에, ~을 제외하고",,,Top1000,
518,الحب,,,사랑,,,Top1000,
519,الشركة,,,회사,,,Top1000,
520,المصري,,,"이집트의, 이집트인 (남성형)",,,Top1000,
521,المياه,,,물,,,Top1000,
522,بيت,,,집,,,Top1000,
523,ترى,,,보다,,,Top1000,
524,جون,,,존,,,Top1000,
525,حصل,,,"일어나다, 얻다",,,Top1000,
526,حوالي,,,"약, 대략",,,Top1000,
527,طويلة,,,길다,,,Top1000,
528,عيد,,,"명절, 축제",,,Top1000,
529,كامل,,,완전한,,,Top1000,
530,مساء,,,저녁,,,Top1000,
531,مهما,,,"무엇이든, 아무리",,,Top1000,
532,نشر,,,"출판, 게재, 펼치다",,,Top1000,
533,نوفمبر,,,11월,,,Top1000,
534,أمريكا,,,미국,,,Top1000,
535,أنك,,,네가 ~라는 것,,,Top1000,
536,الأقل,,,"최소, 적어도",,,Top1000,
537,الحقيقة,,,"진실, 사실",,,Top1000,
538,الشرق,,,동쪽,,,Top1000,
539,الموضوع,,,"주제, 문제",,,Top1000,
540,تكن,,,있다 여성,,,Top1000,
541,جانب,,,"옆, 측면",,,Top1000,
542,حكم,,,"판결, 통치",,,Top1000,
543,خاص,,,"특별한, 사적인",,,Top1000,
544,سبتمبر,,,9월,,,Top1000,
545,سعيد,,,행복하다,,,Top1000,
546,شكرا,,,감사합니다,,,Top1000,
547,قوة,,,"힘, 권력",,,Top1000,
548,مني,,,나로부터,,,Top1000,
549,يوليو,,,7월,,,Top1000,
550,أهل,,,"가족, 일족, 주민",,,Top1000,
551,إلي,,,나에게로,,,Top1000,
552,اكثر,,,더 많이,,,Top1000,
553,الداخلية,,,"내부의 (여성형), 내무부",,,Top1000,
554,الرئيسية,,,주요한 (여성),,,Top1000,
555,الصغيرة,,,"작은, 어린",,,Top1000,
556,الطعام,,,음식,,,Top1000,
557,العالمي,,,"세계적인, 국제적인 (남성형)",,,Top1000,
558,العسكرية,,,군사의 (여),,,Top1000,
559,القدم,,,"발, 풋볼",,,Top1000,
560,القرآن,,,"꾸란, 코란",,,Top1000,
561,الماء,,,물,,,Top1000,
562,المركز,,,"중심, 센터",,,Top1000,
563,الوصول,,,"도착, 접근",,,Top1000,
564,روسيا,,,러시아,,,Top1000,
565,شئ,,,"것, 무언가",,,Top1000,
566,فهو,,,그래서 그는 (접속사+대명사),,,Top1000,
567,قامت,,,"그녀가 일어났다, 행했다",,,Top1000,
568,منا,,,우리로부터,,,Top1000,
569,يعتبر,,,"여기다, 간주하다",,,Top1000,
570,إليها,,,그녀에게,,,Top1000,
571,احد,,,"누군가, 하나",,,Top1000,
572,الاجتماعية,,,사회적인 (여성형),,,Top1000,
573,البحث,,,"검색, 연구",,,Top1000,
574,الخير,,,"선, 좋음",,,Top1000,
575,القاهرة,,,카이로,,,Top1000,
576,المال,,,돈,,,Top1000,
577,بهم,,,그들과 함께,,,Top1000,
578,تطبيق,,,"적용, 앱, 응용",,,Top1000,
579,جميعا,,,"모두, 다함께",,,Top1000,
580,رسالة,,,"편지, 메시지",,,Top1000,
581,طلب,,,"요청, 주문",,,Top1000,
582,قلت,,,말했다,,,Top1000,
583,لهذه,,,이것을 위해,,,Top1000,
584,مستوى,,,"수준, 레벨",,,Top1000,
585,مقابل,,,"~의 대가로, 맞은편",,,Top1000,
586,نعم,,,"네, 응",,,Top1000,
587,a,,,a (영어 부정관사),,,Top1000,
588,أعمال,,,"일, 사업, 작품",,,Top1000,
589,إليك,,,너에게,,,Top1000,
590,البيت,,,집,,,Top1000,
591,السكان,,,"주민, 인구",,,Top1000,
592,السياسي,,,"정치적인, 정치인 (남성형)",,,Top1000,
593,العزيز,,,"친애하는, 소중한",,,Top1000,
594,المجلس,,,"의회, 위원회",,,Top1000,
595,المكان,,,그 장소,,,Top1000,
596,توجد,,,"있다, 존재하다",,,Top1000,
597,جميل,,,아름답다,,,Top1000,
598,خالد,,,"칼리드 (남자 이름), 영원한",,,Top1000,
599,سوى,,,"~외에, ~을 제외하고",,,Top1000,
600,قرار,,,결정,,,Top1000,
601,لكنه,,,하지만 그는,,,Top1000,
602,مكتب,,,"사무실, 책상",,,Top1000,
603,نسبة,,,"비율, 퍼센트",,,Top1000,
604,أحب,,,"사랑하다, 좋아하다",,,Top1000,
605,أهم,,,"더 중요한, 가장 중요한",,,Top1000,
606,الأشخاص,,,사람들,,,Top1000,
607,الأمم,,,"민족들, 국가들 (UN의 움마 복수)",,,Top1000,
608,الذى,,,~하는,,,Top1000,
609,الشخص,,,그 사람,,,Top1000,
610,الصين,,,중국,,,Top1000,
611,الفيديو,,,"비디오, 동영상",,,Top1000,
612,الكبير,,,"큰, 위대한",,,Top1000,
613,بشأن,,,~에 관하여,,,Top1000,
614,تركيا,,,터키,,,Top1000,
615,دخل,,,"들어갔다, 수입",,,Top1000,
616,مدى,,,"범위, 정도",,,Top1000,
617,نادي,,,"클럽, 동호회",,,Top1000,
618,وجه,,,얼굴,,,Top1000,
619,الأكثر,,,가장 많은,,,Top1000,
620,الأمريكي,,,미국인의,,,Top1000,
621,الاجتماعي,,,사회적인 (남성형),,,Top1000,
622,التى,,,~한 그,,,Top1000,
623,السلطة,,,"권력, 샐러드",,,Top1000,
624,العاصمة,,,수도,,,Top1000,
625,الفترة,,,"기간, 시기",,,Top1000,
626,النظر,,,"보기, 시선",,,Top1000,
627,الوزراء,,,장관들,,,Top1000,
628,بعدها,,,그 후에,,,Top1000,
629,تعد,,,"준비하다, 약속하다",,,Top1000,
630,حرب,,,전쟁,,,Top1000,
631,حساب,,,"계산, 계좌",,,Top1000,
632,شمال,,,"북쪽, 왼쪽",,,Top1000,
633,صالح,,,"선한, 적합한",,,Top1000,
634,كلها,,,그것 모두,,,Top1000,
635,نصف,,,절반,,,Top1000,
636,يأتي,,,오다,,,Top1000,
637,أربعة,,,넷,,,Top1000,
638,أعلم,,,알다,,,Top1000,
639,إنك,,,너는 정말,,,Top1000,
640,إنها,,,"그녀는, 그것은",,,Top1000,
641,الأيام,,,"날들, 일들",,,Top1000,
642,البحر,,,바다,,,Top1000,
643,الحركة,,,"움직임, 운동",,,Top1000,
644,السبب,,,이유,,,Top1000,
645,القديمة,,,오래된 (여성형),,,Top1000,
646,الليل,,,밤,,,Top1000,
647,الموسم,,,"계절, 시즌",,,Top1000,
648,الوطن,,,"조국, 고향",,,Top1000,
649,تريد,,,원하다,,,Top1000,
650,خمسة,,,"다섯, 오",,,Top1000,
651,دعم,,,"지원, 후원",,,Top1000,
652,عادة,,,"보통, 습관",,,Top1000,
653,عشرة,,,열 (10),,,Top1000,
654,فلسطين,,,팔레스타인,,,Top1000,
655,قدم,,,"발, 제공하다",,,Top1000,
656,كأس,,,"잔, 컵, 트로피",,,Top1000,
657,كي,,,~하기 위해,,,Top1000,
658,مواقع,,,"사이트들, 위치들",,,Top1000,
659,نفسها,,,그녀 자신,,,Top1000,
660,يريد,,,원하다,,,Top1000,
661,أغسطس,,,8월,,,Top1000,
662,البحرين,,,바레인,,,Top1000,
663,التواصل,,,"의사소통, 연결",,,Top1000,
664,الشخصية,,,"성격, 인격",,,Top1000,
665,اللي,,,~하는 것 (구어체 관계대명사),,,Top1000,
666,بدلا,,,대신에,,,Top1000,
667,تحمل,,,"견디다, 운반하다",,,Top1000,
668,تعتبر,,,"간주되다, 여겨지다",,,Top1000,
669,تنظيم,,,"조직, 편성, 규정",,,Top1000,
670,حكومة,,,정부,,,Top1000,
671,درجة,,,"정도, 등급",,,Top1000,
672,ساعات,,,시간들,,,Top1000,
673,صوت,,,"소리, 목소리",,,Top1000,
674,علاقة,,,관계,,,Top1000,
675,فعلا,,,"정말로, 실제로",,,Top1000,
676,قطر,,,카타르,,,Top1000,
677,كله,,,"전부, 모두",,,Top1000,
678,لجنة,,,위원회,,,Top1000,
679,لكي,,,~하기 위해,,,Top1000,
680,منظمة,,,"조직, 기구",,,Top1000,
681,هيئة,,,"기관, 조직, 모습",,,Top1000,
682,وحتى,,,그리고 ~까지,,,Top1000,
683,أبريل,,,4월,,,Top1000,
684,أصحاب,,,"친구들, 소유자들",,,Top1000,
685,أعلى,,,"가장 높은, 위로",,,Top1000,
686,إضافة,,,"추가, 더함",,,Top1000,
687,التالي,,,다음의,,,Top1000,
688,الجامعة,,,대학교,,,Top1000,
689,الجزء,,,부분,,,Top1000,
690,السابقة,,,이전의(여),,,Top1000,
691,الشمس,,,태양,,,Top1000,
692,الصور,,,사진들,,,Top1000,
693,الصورة,,,사진,,,Top1000,
694,الطفل,,,아이,,,Top1000,
695,العملية,,,"작전, 수술",,,Top1000,
696,الفريق,,,팀,,,Top1000,
697,الوحيد,,,유일한,,,Top1000,
698,الوضع,,,"상황, 상태",,,Top1000,
699,انها,,,"그녀는, 그것은",,,Top1000,
700,بالفعل,,,"정말로, 이미",,,Top1000,
701,بطريقة,,,어떤 방식으로,,,Top1000,
702,تقدم,,,"진보, 제공하다",,,Top1000,
703,حقيقة,,,"진실, 사실",,,Top1000,
704,خدمة,,,"서비스, 봉사",,,Top1000,
705,سواء,,,"~이든, 동등한",,,Top1000,
706,شكل,,,"형태, 모양",,,Top1000,
707,عين,,,"눈, 샘",,,Top1000,
708,وإذا,,,그리고 만약,,,Top1000,
709,وتم,,,그리고 이루어졌다 (접속사+동사),,,Top1000,
710,وعن,,,그리고 ~에 관하여 (접속사+전치사),,,Top1000,
711,أطفال,,,아이들,,,Top1000,
712,أفريقيا,,,아프리카,,,Top1000,
713,السوري,,,시리아의 (남성형),,,Top1000,
714,المجموعة,,,"그룹, 집합",,,Top1000,
715,المحلية,,,"지역의, 현지의 (여성형)",,,Top1000,
716,امرأة,,,여자,,,Top1000,
717,بأنها,,,그녀가 ~라고 (전치사+접속사+대명사),,,Top1000,
718,تحدث,,,"말하다, 일어나다",,,Top1000,
719,تقديم,,,"제출, 제공",,,Top1000,
720,جمال,,,아름다움,,,Top1000,
721,حسين,,,후세인 (남자 이름),,,Top1000,
722,حي,,,"살아있는, 동네",,,Top1000,
723,سلسلة,,,"사슬, 시리즈",,,Top1000,
724,فما,,,"그래서 무엇, 그러면",,,Top1000,
725,كرة,,,공,,,Top1000,
726,للغاية,,,"극도로, 매우",,,Top1000,
727,متى,,,언제,,,Top1000,
728,مشكلة,,,문제,,,Top1000,
729,معلومات,,,정보,,,Top1000,
730,نقل,,,"이동, 운반",,,Top1000,
731,وبين,,,그리고 ~사이에,,,Top1000,
732,يعلم,,,알다,,,Top1000,
733,ينبغي,,,해야 한다,,,Top1000,
734,0,,,0 (숫자),,,Top1000,
735,أعتقد,,,생각하다,,,Top1000,
736,الآخرين,,,다른 사람들,,,Top1000,
737,الدم,,,피,,,Top1000,
738,السورية,,,시리아의 (여성형),,,Top1000,
739,الصباح,,,아침,,,Top1000,
740,الصحة,,,"보건, 건강",,,Top1000,
741,الطاقة,,,"에너지, 힘",,,Top1000,
742,الطريقة,,,"방법, 방식",,,Top1000,
743,القرن,,,"세기, 뿔",,,Top1000,
744,القلب,,,"심장, 마음",,,Top1000,
745,سي,,,"씨(미스터, 호칭)",,,Top1000,
746,سيتم,,,~될 것이다 (수동 미래),,,Top1000,
747,صاحب,,,"주인, 친구",,,Top1000,
748,صحيفة,,,"신문, 지면",,,Top1000,
749,لمن,,,누구를 위한,,,Top1000,
750,ممكن,,,가능한,,,Top1000,
751,مناطق,,,"지역들, 구역들",,,Top1000,
752,مهمة,,,"임무, 중요한",,,Top1000,
753,يتعلق,,,관련되다,,,Top1000,
754,يوسف,,,"유수프 (요셉, 남자 이름)",,,Top1000,
755,http,,,http (프로토콜),,,Top1000,
756,الأسبوع,,,"주, 일주일",,,Top1000,
757,الثورة,,,혁명,,,Top1000,
758,الجزيرة,,,"섬, 알자지라",,,Top1000,
759,الحدود,,,"경계, 국경, 한계",,,Top1000,
760,الدوري,,,"리그, 정기적인",,,Top1000,
761,الغربية,,,"서쪽의, 서양의 (여성형)",,,Top1000,
762,الفرنسية,,,"프랑스어, 프랑스의",,,Top1000,
763,الماضية,,,"지난, 과거의",,,Top1000,
764,النوع,,,"종류, 유형",,,Top1000,
765,باستخدام,,,~을 사용하여,,,Top1000,
766,بني,,,"갈색의, 내 아들",,,Top1000,
767,ديسمبر,,,12월,,,Top1000,
768,عائلة,,,가족,,,Top1000,
769,لدينا,,,우리에게 있다,,,Top1000,
770,ليلة,,,밤,,,Top1000,
771,معك,,,너와 함께,,,Top1000,
772,معهم,,,그들과 함께,,,Top1000,
773,نيويورك,,,뉴욕,,,Top1000,
774,ولو,,,비록 ~일지라도,,,Top1000,
775,أشخاص,,,사람들,,,Top1000,
776,أننا,,,우리가 ~라는 것,,,Top1000,
777,أيها,,,"~여, ~야",,,Top1000,
778,إبراهيم,,,"이브라힘 (아브라함, 남자 이름)",,,Top1000,
779,الأخير,,,마지막의,,,Top1000,
780,الجمعة,,,금요일,,,Top1000,
781,المحكمة,,,법원,,,Top1000,
782,حقا,,,정말로,,,Top1000,
783,ذا,,,"이, 가진",,,Top1000,
784,شخصية,,,"성격, 인물",,,Top1000,
785,شركات,,,"회사들, 기업들",,,Top1000,
786,عضو,,,"회원, 구성원",,,Top1000,
787,عمان,,,"오만, 암만",,,Top1000,
788,عمليات,,,"작전들, 수술들",,,Top1000,
789,لاحقا,,,나중에,,,Top1000,
790,لديهم,,,그들에게 있다,,,Top1000,
791,مدرسة,,,학교,,,Top1000,
792,معنا,,,우리와 함께,,,Top1000,
793,ملك,,,"왕, 소유",,,Top1000,
794,ولن,,,그리고 결코 ~않을 것이다,,,Top1000,
795,أوروبا,,,유럽,,,Top1000,
796,إطلاق,,,"발사, 출시",,,Top1000,
797,إني,,,나는 정말로,,,Top1000,
798,الأشياء,,,것들,,,Top1000,
799,الأعلى,,,"가장 높은, 위",,,Top1000,
800,الإمارات,,,아랍에미리트,,,Top1000,
801,البداية,,,"시작, 처음",,,Top1000,
802,الحالة,,,"상태, 경우",,,Top1000,
803,الحالي,,,"현재의, 지금의",,,Top1000,
804,الدخول,,,"입장, 들어감",,,Top1000,
805,القرار,,,결정,,,Top1000,
806,القيام,,,"하기, 수행",,,Top1000,
807,الكريم,,,"관대한, 고귀한",,,Top1000,
808,الهند,,,인도,,,Top1000,
809,باب,,,문,,,Top1000,
810,تظهر,,,나타나다,,,Top1000,
811,حل,,,"해결, 해결책",,,Top1000,
812,داعش,,,"다에시 (IS, 이슬람국가)",,,Top1000,
813,سكان,,,"주민, 인구",,,Top1000,
814,سيارة,,,자동차,,,Top1000,
815,شبكة,,,"네트워크, 그물",,,Top1000,
816,عقد,,,"계약, 매듭",,,Top1000,
817,قضية,,,"사건, 문제",,,Top1000,
818,لذا,,,그래서,,,Top1000,
819,محمود,,,마흐무드 (남자 이름),,,Top1000,
820,معرفة,,,"앎, 지식",,,Top1000,
821,وسائل,,,"수단, 매체",,,Top1000,
822,يد,,,손,,,Top1000,
823,أعلنت,,,발표했다 (여성/1인칭),,,Top1000,
824,أولا,,,"첫째로, 우선",,,Top1000,
825,افضل,,,"더 낫다, 선호하다",,,Top1000,
826,الإعلام,,,"언론, 미디어",,,Top1000,
827,الإنترنت,,,인터넷,,,Top1000,
828,البرنامج,,,프로그램,,,Top1000,
829,الحزب,,,"당, 정당",,,Top1000,
830,الخليج,,,"걸프만, 만",,,Top1000,
831,الرحمن,,,자비로운 (알라의 이름),,,Top1000,
832,الرسمي,,,공식적인 (남성형),,,Top1000,
833,السجن,,,감옥,,,Top1000,
834,العلم,,,"학문, 깃발",,,Top1000,
835,القوة,,,"힘, 권력",,,Top1000,
836,المختلفة,,,"다양한, 서로 다른 (여성형)",,,Top1000,
837,باللغة,,,~어로 (전치사+언어),,,Top1000,
838,تستطيع,,,할 수 있다,,,Top1000,
839,تعالى,,,오라 (와),,,Top1000,
840,جهة,,,"방향, 쪽, 기관",,,Top1000,
841,شارك,,,참여했다,,,Top1000,
842,غزة,,,가자 (지역),,,Top1000,
843,فمن,,,그렇다면 누구,,,Top1000,
844,لعبة,,,"놀이, 게임",,,Top1000,
845,محاولة,,,시도,,,Top1000,
846,مرات,,,"번, 횟수",,,Top1000,
847,منزل,,,집,,,Top1000,
848,نقطة,,,"점, 지점",,,Top1000,
849,وغيرها,,,그리고 그 외 (접속사구),,,Top1000,
850,ونحن,,,그리고 우리는,,,Top1000,
851,يعود,,,돌아오다,,,Top1000,
852,أعلن,,,발표했다 (남성),,,Top1000,
853,أنني,,,내가 ~라는 것,,,Top1000,
854,أهمية,,,중요성,,,Top1000,
855,أين,,,어디,,,Top1000,
856,الانتخابات,,,선거,,,Top1000,
857,التالية,,,다음의 (여성형),,,Top1000,
858,الثالثة,,,세 번째(여),,,Top1000,
859,الجانب,,,"측면, 옆",,,Top1000,
860,الجنس,,,"성별, 성",,,Top1000,
861,الدكتور,,,"박사, 의사",,,Top1000,
862,القضية,,,"사건, 문제",,,Top1000,
863,المرة,,,"번, 회",,,Top1000,
864,المنزل,,,집,,,Top1000,
865,المواد,,,"재료들, 과목들",,,Top1000,
866,بينهم,,,그들 사이에,,,Top1000,
867,تبقى,,,"남다, 머물다",,,Top1000,
868,تعيش,,,살다,,,Top1000,
869,تغيير,,,"변화, 변경",,,Top1000,
870,تونس,,,튀니지,,,Top1000,
871,جعل,,,"만들다, ~하게 하다",,,Top1000,
872,جهاز,,,"장치, 기기",,,Top1000,
873,حياتي,,,내 삶,,,Top1000,
874,ذو,,,~을 가진 (소유자),,,Top1000,
875,رؤية,,,"봄, 시각",,,Top1000,
876,ريال,,,리얄 (화폐),,,Top1000,
877,ظل,,,"그림자, 계속 있다",,,Top1000,
878,عنك,,,너에 대해,,,Top1000,
879,فهم,,,"이해, 그래서 그들은",,,Top1000,
880,فهي,,,그래서 그녀는,,,Top1000,
881,لاعب,,,"선수, 플레이어",,,Top1000,
882,لديه,,,그에게 있다,,,Top1000,
883,مؤسسة,,,"기관, 재단",,,Top1000,
884,يستطيع,,,할 수 있다,,,Top1000,
885,يظهر,,,나타나다,,,Top1000,
886,الإسلامي,,,이슬람의 (남성형),,,Top1000,
887,الرئيسي,,,"주요한, 중심의",,,Top1000,
888,العليا,,,최고의 (여성),,,Top1000,
889,المثال,,,"예, 본보기",,,Top1000,
890,المشاركة,,,"참여, 참가",,,Top1000,
891,النوم,,,"잠, 수면",,,Top1000,
892,حاجة,,,"필요, 것",,,Top1000,
893,رد,,,"대답, 응답하다",,,Top1000,
894,ستة,,,여섯,,,Top1000,
895,سجل,,,"기록, 등록",,,Top1000,
896,عني,,,나에 대해,,,Top1000,
897,غدا,,,내일,,,Top1000,
898,كلا,,,"아니요, 둘 다",,,Top1000,
899,مش,,,~이 아닌 (구어체 부정사),,,Top1000,
900,معا,,,함께,,,Top1000,
901,معها,,,그녀와 함께,,,Top1000,
902,وصل,,,도착했다,,,Top1000,
903,أحيانا,,,"가끔, 때때로",,,Top1000,
904,أنحاء,,,"여러 지역, 곳곳",,,Top1000,
905,اسمه,,,그의 이름,,,Top1000,
906,الحال,,,"상태, 상황",,,Top1000,
907,الممكن,,,가능한,,,Top1000,
908,تحقيق,,,"조사, 달성",,,Top1000,
909,تمت,,,완료되었다,,,Top1000,
910,جيدا,,,"잘, 좋게",,,Top1000,
911,خمس,,,다섯,,,Top1000,
912,دار,,,"집, 돌았다",,,Top1000,
913,دقيقة,,,"분, 정확한",,,Top1000,
914,ستكون,,,~일 것이다 여성,,,Top1000,
915,سيدي,,,"주인님, 선생님",,,Top1000,
916,ظهر,,,"나타났다, 등",,,Top1000,
917,عبارة,,,"구절, 표현",,,Top1000,
918,عليكم,,,너희들에게,,,Top1000,
919,فرنسا,,,프랑스,,,Top1000,
920,كبيرا,,,큰,,,Top1000,
921,كثيرة,,,많은(여),,,Top1000,
922,لحظة,,,순간,,,Top1000,
923,لكنها,,,하지만 그녀는,,,Top1000,
924,مشاهدة,,,"보기, 시청",,,Top1000,
925,معي,,,나와 함께,,,Top1000,
926,هكذا,,,이렇게,,,Top1000,
927,ولكنه,,,하지만 그는,,,Top1000,
928,يجعل,,,~하게 만들다,,,Top1000,
929,يعيش,,,살다,,,Top1000,
930,أية,,,"어떤, 어느",,,Top1000,
931,الاتصال,,,"연락, 통화",,,Top1000,
932,الجزائر,,,알제리,,,Top1000,
933,الجمهورية,,,공화국,,,Top1000,
934,الرياض,,,리야드,,,Top1000,
935,الشركات,,,"회사들, 기업들",,,Top1000,
936,القادمة,,,"다가오는, 다음",,,Top1000,
937,الكلام,,,"말, 말하기",,,Top1000,
938,بخير,,,괜찮다,,,Top1000,
939,بعيد,,,"먼, 멀리",,,Top1000,
940,بعيدا,,,멀리,,,Top1000,
941,تستخدم,,,사용하다,,,Top1000,
942,جميلة,,,아름답다 여성,,,Top1000,
943,حماية,,,보호,,,Top1000,
944,د,,,박사 (약자),,,Top1000,
945,رأس,,,머리,,,Top1000,
946,طول,,,"길이, 키",,,Top1000,
947,لله,,,신을 위해,,,Top1000,
948,مدير,,,"매니저, 관리자",,,Top1000,
949,وراء,,,~뒤에,,,Top1000,
950,أدى,,,"이끌었다, 초래했다, 수행했다",,,Top1000,
951,البشر,,,"인간, 인류",,,Top1000,
952,البلد,,,"나라, 국가",,,Top1000,
953,الليلة,,,오늘 밤,,,Top1000,
954,المشروع,,,"프로젝트, 사업",,,Top1000,
955,المشكلة,,,문제,,,Top1000,
956,النهاية,,,"끝, 결말",,,Top1000,
957,بسرعة,,,빨리,,,Top1000,
958,تصل,,,도착하다,,,Top1000,
959,جيد,,,좋다,,,Top1000,
960,دمشق,,,다마스쿠스,,,Top1000,
961,سابقا,,,"이전에, 전에",,,Top1000,
962,عبدالله,,,압둘라 (남자 이름),,,Top1000,
963,قول,,,"말, 진술",,,Top1000,
964,لأنها,,,왜냐하면 그녀가,,,Top1000,
965,مساعدة,,,도움,,,Top1000,
966,هدف,,,"목표, 골",,,Top1000,
967,وهذه,,,그리고 이것 (여성),,,Top1000,
968,يزال,,,여전히,,,Top1000,
969,of,,,of (영어 전치사),,,Top1000,
970,إنشاء,,,"설립, 건설, 창설",,,Top1000,
971,الأساسية,,,"기본적인, 기초적인 (여성형)",,,Top1000,
972,البيانات,,,"데이터, 자료들",,,Top1000,
973,الخارج,,,"바깥, 외부",,,Top1000,
974,الخامس,,,다섯 번째,,,Top1000,
975,الخدمة,,,"서비스, 봉사",,,Top1000,
976,الخروج,,,"나감, 출구",,,Top1000,
977,السؤال,,,질문,,,Top1000,
978,السماء,,,하늘,,,Top1000,
979,الشرقية,,,"동쪽의, 동양의 (여성형)",,,Top1000,
980,الشعبية,,,"대중적인, 민중의 (여성형)",,,Top1000,
981,الصلاة,,,"기도, 예배",,,Top1000,
982,الفلسطينية,,,팔레스타인의 (여성형),,,Top1000,
983,القصة,,,이야기,,,Top1000,
984,النفس,,,"자아, 호흡",,,Top1000,
985,الهدف,,,"목표, 표적",,,Top1000,
986,بعضهم,,,그들 중 일부,,,Top1000,
987,حياتك,,,너의 삶,,,Top1000,
988,دخول,,,"입장, 들어가기",,,Top1000,
989,شرق,,,"동쪽, 동방",,,Top1000,
990,قيد,,,"제약, ~중인",,,Top1000,
991,للعمل,,,일을 위해,,,Top1000,
992,محافظة,,,"주, 도(행정구역), 보존",,,Top1000,
993,مصادر,,,"출처, 소식통",,,Top1000,
994,وكالة,,,"기관, 대행사",,,Top1000,
995,وهناك,,,그리고 거기에,,,Top1000,
996,يصل,,,도착하다,,,Top1000,
997,أخبار,,,"뉴스, 소식",,,Top1000,
998,أمي,,,"어머니, 엄마",,,Top1000,
999,أنواع,,,종류들,,,Top1000,
1000,الأردن,,,요르단,,,Top1000,
1001,الأوسط,,,"중간의, 중동의",,,Top2000,
1002,الإمام,,,이맘 (지도자),,,Top2000,
1003,الرابع,,,네 번째,,,Top2000,
1004,الزواج,,,결혼,,,Top2000,
1005,السودان,,,수단,,,Top2000,
1006,الشمالية,,,북쪽의 (여성형),,,Top2000,
1007,الصغير,,,"작은, 어린",,,Top2000,
1008,العائلة,,,가족,,,Top2000,
1009,العرض,,,"공연, 제안",,,Top2000,
1010,المساعدة,,,도움,,,Top2000,
1011,الهجوم,,,공격,,,Top2000,
1012,اليابان,,,일본,,,Top2000,
1013,بحق,,,"진짜, 정말",,,Top2000,
1014,تحديد,,,"결정, 지정",,,Top2000,
1015,خلف,,,뒤에,,,Top2000,
1016,دفع,,,"지불하다, 밀다",,,Top2000,
1017,دليل,,,"증거, 안내서",,,Top2000,
1018,رمضان,,,라마단,,,Top2000,
1019,شخصا,,,"사람, 인물",,,Top2000,
1020,طالب,,,"학생, 요구자",,,Top2000,
1021,عاد,,,그가 돌아왔다,,,Top2000,
1022,عما,,,무엇에 대해,,,Top2000,
1023,قرية,,,마을,,,Top2000,
1024,مصدر,,,"원천, 출처",,,Top2000,
1025,وان,,,그리고 ~하더라도,,,Top2000,
1026,وصلت,,,"내가 도착했다, 그녀가 도착했다",,,Top2000,
1027,ولاية,,,"주(州), 통치",,,Top2000,
1028,اخر,,,"다른, 또",,,Top2000,
1029,الأمير,,,왕자,,,Top2000,
1030,الاقتصادية,,,경제적인 (여성형),,,Top2000,
1031,الثقافة,,,문화,,,Top2000,
1032,الشعر,,,"머리카락, 시",,,Top2000,
1033,العودة,,,"돌아감, 귀환",,,Top2000,
1034,الكتب,,,책들,,,Top2000,
1035,المستقبل,,,미래,,,Top2000,
1036,الهاتف,,,전화기,,,Top2000,
1037,ايضا,,,"또한, 역시",,,Top2000,
1038,برامج,,,프로그램들,,,Top2000,
1039,تأثير,,,"영향, 효과",,,Top2000,
1040,تحتاج,,,필요하다,,,Top2000,
1041,جيدة,,,좋다 여성,,,Top2000,
1042,حدود,,,"경계, 한계",,,Top2000,
1043,دراسة,,,"연구, 학업, 공부",,,Top2000,
1044,رفع,,,"올리다, 들다",,,Top2000,
1045,صدر,,,"발표되었다, 가슴, 발간되다",,,Top2000,
1046,فلم,,,"영화, 그러므로 ~안 했다",,,Top2000,
1047,كلما,,,~할 때마다,,,Top2000,
1048,موضوع,,,"주제, 사안",,,Top2000,
1049,وبالتالي,,,"따라서, 그러므로 (접속사구)",,,Top2000,
1050,أولئك,,,저들,,,Top2000,
1051,الجنوبية,,,남쪽의 (여성형),,,Top2000,
1052,السنوات,,,"년들, 해들",,,Top2000,
1053,الطرق,,,"길들, 방법들",,,Top2000,
1054,القادم,,,"다가오는, 다음의",,,Top2000,
1055,الكبرى,,,가장 큰 (여성),,,Top2000,
1056,النادي,,,클럽,,,Top2000,
1057,بحسب,,,~에 따라 (전치사),,,Top2000,
1058,بنا,,,"우리로, 우리에게",,,Top2000,
1059,تزال,,,여전히 (여성),,,Top2000,
1060,تقع,,,"떨어지다, 위치하다",,,Top2000,
1061,حالات,,,"경우들, 상태들",,,Top2000,
1062,خير,,,"선, 좋음",,,Top2000,
1063,دوري,,,"리그, 내 차례",,,Top2000,
1064,سابق,,,"이전의, 전직",,,Top2000,
1065,عالية,,,높은(여성형),,,Top2000,
1066,غالبا,,,"대개, 대부분 (부사)",,,Top2000,
1067,فإنه,,,"그러면 그는, 그것은",,,Top2000,
1068,فتاة,,,소녀,,,Top2000,
1069,قليلا,,,"조금, 약간",,,Top2000,
1070,للحصول,,,얻기 위해,,,Top2000,
1071,مؤخرا,,,최근에,,,Top2000,
1072,مشاكل,,,문제들,,,Top2000,
1073,معنى,,,"의미, 뜻",,,Top2000,
1074,وجدت,,,"찾다, 발견하다",,,Top2000,
1075,يعتقد,,,"믿다, 생각하다",,,Top2000,
1076,آلاف,,,수천,,,Top2000,
1077,أخذ,,,"가지다, 취하다",,,Top2000,
1078,أرض,,,"땅, 지구",,,Top2000,
1079,أريد,,,원하다,,,Top2000,
1080,أفراد,,,"개인들, 구성원들",,,Top2000,
1081,أني,,,내가 ~라는 것,,,Top2000,
1082,الإنجليزية,,,"영어, 영국의 (여성형)",,,Top2000,
1083,الحقيقي,,,"진짜의, 실제의",,,Top2000,
1084,الدينية,,,종교적인 (여성형),,,Top2000,
1085,السلطات,,,"당국, 권한들",,,Top2000,
1086,الشهر,,,"월, 달",,,Top2000,
1087,العسكري,,,"군사적인, 군인 (남성형)",,,Top2000,
1088,القائمة,,,"목록, 메뉴",,,Top2000,
1089,القاعدة,,,"규칙, 기지",,,Top2000,
1090,القديم,,,"오래된, 옛",,,Top2000,
1091,الكبيرة,,,큰(여),,,Top2000,
1092,المالية,,,재정의 (여),,,Top2000,
1093,المدن,,,도시들,,,Top2000,
1094,الهواء,,,"공기, 바람",,,Top2000,
1095,بنت,,,"소녀, 딸",,,Top2000,
1096,تجد,,,"찾다, 발견하다",,,Top2000,
1097,تصميم,,,"디자인, 설계, 결심",,,Top2000,
1098,تعرض,,,"보여주다, 제시하다",,,Top2000,
1099,تعود,,,"돌아오다, 익숙해지다",,,Top2000,
1100,تقرير,,,"보고서, 결정",,,Top2000,
1101,جمعية,,,"협회, 단체",,,Top2000,
1102,حملة,,,"캠페인, 운동",,,Top2000,
1103,شباب,,,"젊은이들, 청년",,,Top2000,
1104,عامة,,,"일반의, 공공의 (여성형)",,,Top2000,
1105,غرفة,,,방,,,Top2000,
1106,فتح,,,"열기, 열었다",,,Top2000,
1107,قريبا,,,곧,,,Top2000,
1108,قطع,,,"조각, 자르다",,,Top2000,
1109,قليل,,,"적은, 조금",,,Top2000,
1110,كيفية,,,"방법, 어떻게",,,Top2000,
1111,لغة,,,언어,,,Top2000,
1112,لندن,,,런던,,,Top2000,
1113,منتصف,,,"중간, 가운데",,,Top2000,
1114,نسخة,,,"사본, 복사본",,,Top2000,
1115,آسيا,,,아시아,,,Top2000,
1116,أطلق,,,"발사하다, 풀어주다",,,Top2000,
1117,الأحداث,,,사건들,,,Top2000,
1118,البلدان,,,"국가들, 지역들",,,Top2000,
1119,الحكومية,,,정부의 (여성형),,,Top2000,
1120,الرسمية,,,공식적인 (여성형),,,Top2000,
1121,السيارات,,,자동차들,,,Top2000,
1122,الصحية,,,"보건의, 위생의 (여성형)",,,Top2000,
1123,الطلاب,,,학생들,,,Top2000,
1124,اللجنة,,,위원회,,,Top2000,
1125,المؤتمر,,,"회의, 회담",,,Top2000,
1126,المباراة,,,"경기, 시합",,,Top2000,
1127,بس,,,"단지, 그러나 (구어체 부사)",,,Top2000,
1128,تأتي,,,오다,,,Top2000,
1129,جائزة,,,"상, 상품",,,Top2000,
1130,حب,,,사랑,,,Top2000,
1131,حياته,,,그의 인생,,,Top2000,
1132,خط,,,"선, 글씨",,,Top2000,
1133,دبي,,,두바이,,,Top2000,
1134,عظيم,,,"위대하다, 훌륭하다",,,Top2000,
1135,قلب,,,"심장, 마음",,,Top2000,
1136,قوية,,,강한(여),,,Top2000,
1137,كلمات,,,"단어들, 말들",,,Top2000,
1138,ممن,,,누구로부터,,,Top2000,
1139,نتائج,,,결과들,,,Top2000,
1140,وعندما,,,그리고 ~할 때,,,Top2000,
1141,وفق,,,~에 따라 (전치사),,,Top2000,
1142,ولكنها,,,그러나 그녀는,,,Top2000,
1143,أقول,,,말하다,,,Top2000,
1144,أمريكي,,,미국인,,,Top2000,
1145,إجراء,,,"절차, 시행",,,Top2000,
1146,الانسان,,,"인간, 사람",,,Top2000,
1147,الدعم,,,"지원, 후원",,,Top2000,
1148,السيطرة,,,"통제, 지배",,,Top2000,
1149,المادة,,,"물질, 과목, 조항",,,Top2000,
1150,المدارس,,,학교들,,,Top2000,
1151,المستوى,,,"수준, 레벨",,,Top2000,
1152,المواطنين,,,시민들 (목적격/소유격),,,Top2000,
1153,الميلاد,,,"탄생, 크리스마스",,,Top2000,
1154,بأي,,,어떤 것으로,,,Top2000,
1155,بعنوان,,,~라는 제목으로,,,Top2000,
1156,تطوير,,,"개발, 발전",,,Top2000,
1157,حصلت,,,얻었다,,,Top2000,
1158,خدمات,,,서비스들,,,Top2000,
1159,خطر,,,위험,,,Top2000,
1160,رحلة,,,"여행, 여정",,,Top2000,
1161,سؤال,,,질문,,,Top2000,
1162,شرطة,,,경찰,,,Top2000,
1163,طفل,,,아이,,,Top2000,
1164,عربية,,,"아랍의, 아랍어 (여성형)",,,Top2000,
1165,لأي,,,어떤 ~에게,,,Top2000,
1166,مباشر,,,"직접적인, 라이브",,,Top2000,
1167,مرحلة,,,"단계, 시기",,,Top2000,
1168,مسلسل,,,"드라마, 연속극",,,Top2000,
1169,واضح,,,"명백한, 분명한",,,Top2000,
1170,وحدة,,,"단위, 유닛, 외로움",,,Top2000,
1171,وفاة,,,사망,,,Top2000,
1172,يبقى,,,"머물다, 남다",,,Top2000,
1173,يرى,,,보다 (3인칭 남성),,,Top2000,
1174,and,,,and (영어 접속사),,,Top2000,
1175,أربع,,,"넷, 4",,,Top2000,
1176,أصل,,,"기원, 도착하다",,,Top2000,
1177,الأحد,,,일요일,,,Top2000,
1178,الأحمر,,,"빨간색, 붉은",,,Top2000,
1179,البرلمان,,,의회,,,Top2000,
1180,الخبر,,,"소식, 뉴스",,,Top2000,
1181,الدنيا,,,"현세, 세상, 낮은",,,Top2000,
1182,السياسة,,,"정치, 정책",,,Top2000,
1183,بيع,,,판매,,,Top2000,
1184,تحب,,,"좋아하다, 사랑하다",,,Top2000,
1185,تغير,,,"변하다, 변화",,,Top2000,
1186,جمع,,,"모으다, 복수",,,Top2000,
1187,سليمان,,,"술레이만 (솔로몬, 남자 이름)",,,Top2000,
1188,سوق,,,시장,,,Top2000,
1189,شارع,,,"거리, 길",,,Top2000,
1190,طوال,,,~내내,,,Top2000,
1191,طويل,,,길다,,,Top2000,
1192,قيمة,,,가치,,,Top2000,
1193,لست,,,나는 ~이 아니다,,,Top2000,
1194,ليبيا,,,리비아,,,Top2000,
1195,نطاق,,,"범위, 영역",,,Top2000,
1196,والله,,,알라께 맹세코 (감탄사),,,Top2000,
1197,وانا,,,그리고 나는,,,Top2000,
1198,يحتاج,,,필요로 하다,,,Top2000,
1199,يزيد,,,"증가하다, 야지드 (이름)",,,Top2000,
1200,يستخدم,,,사용하다,,,Top2000,
1201,يلي,,,"다음의, 이어지는 (관계사/동사)",,,Top2000,
1202,أ,,,아 (의문 접두사/글자),,,Top2000,
1203,أنفسهم,,,그들 자신,,,Top2000,
1204,اجل,,,"그래, 네",,,Top2000,
1205,الأكبر,,,"가장 큰, 더 큰",,,Top2000,
1206,التفكير,,,"생각, 사고",,,Top2000,
1207,الروسية,,,"러시아의, 러시아어 (여성형)",,,Top2000,
1208,الشارع,,,거리,,,Top2000,
1209,الضوء,,,빛,,,Top2000,
1210,الطائرة,,,비행기,,,Top2000,
1211,القيادة,,,"지도력, 운전",,,Top2000,
1212,اللعبة,,,"게임, 놀이",,,Top2000,
1213,المسلحة,,,무장한 (여성형),,,Top2000,
1214,المصدر,,,"출처, 소식통, 원천",,,Top2000,
1215,الموسيقى,,,음악,,,Top2000,
1216,باريس,,,파리 (지명),,,Top2000,
1217,بحيث,,,"~하도록, ~하게",,,Top2000,
1218,تبدأ,,,시작하다,,,Top2000,
1219,تجمع,,,"집합, 모임, 모이다",,,Top2000,
1220,ثانية,,,"초, 다시",,,Top2000,
1221,جورج,,,조지,,,Top2000,
1222,خطة,,,계획,,,Top2000,
1223,خلق,,,"창조, 창조하다, 성품",,,Top2000,
1224,ذي,,,"~의, 가진",,,Top2000,
1225,سياسة,,,"정치, 정책",,,Top2000,
1226,سياسية,,,정치적인 (여성형),,,Top2000,
1227,طبعا,,,물론,,,Top2000,
1228,طرق,,,"길들, 방법들",,,Top2000,
1229,عديدة,,,많은 (여성),,,Top2000,
1230,عندي,,,내게 있다,,,Top2000,
1231,عنهم,,,그들에 대하여,,,Top2000,
1232,قرب,,,"가까이, 근처",,,Top2000,
1233,قصيرة,,,짧은 (여성형),,,Top2000,
1234,مؤتمر,,,"회의, 회담",,,Top2000,
1235,مات,,,죽다,,,Top2000,
1236,مثلا,,,예를 들어 (부사),,,Top2000,
1237,وغير,,,그리고 다른,,,Top2000,
1238,يتحدث,,,말하다 (3인칭 남성),,,Top2000,
1239,يحمل,,,"운반하다, 들고 있다",,,Top2000,
1240,يقدم,,,"제공하다, 앞으로 가다",,,Top2000,
1241,_,,,_ (언더스코어),,,Top2000,
1242,أخيرا,,,마침내,,,Top2000,
1243,أسماء,,,이름들,,,Top2000,
1244,الأخبار,,,"뉴스, 소식",,,Top2000,
1245,الأم,,,어머니,,,Top2000,
1246,الإسرائيلي,,,이스라엘의 (남성형),,,Top2000,
1247,التجارية,,,상업적인 (여성형),,,Top2000,
1248,الجنسية,,,"국적, 성적인",,,Top2000,
1249,الزمن,,,"시간, 시대",,,Top2000,
1250,السيارة,,,자동차,,,Top2000,
1251,الضغط,,,"압력, 누르기",,,Top2000,
1252,العلاج,,,"치료, 치유",,,Top2000,
1253,العين,,,눈,,,Top2000,
1254,الفلسطيني,,,팔레스타인의 (남성형),,,Top2000,
1255,الكاتب,,,"작가, 저자",,,Top2000,
1256,المسيح,,,"그리스도, 메시아",,,Top2000,
1257,الموجودة,,,존재하는 (여성형),,,Top2000,
1258,ام,,,"또는, 어머니",,,Top2000,
1259,بتاريخ,,,~일자로 (전치사구),,,Top2000,
1260,بنسبة,,,~의 비율로 (전치사구),,,Top2000,
1261,بيروت,,,베이루트,,,Top2000,
1262,ثاني,,,두 번째의,,,Top2000,
1263,رائع,,,멋지다,,,Top2000,
1264,زيارة,,,방문,,,Top2000,
1265,سبق,,,"앞서다, 이전에 ~한 적 있다",,,Top2000,
1266,صغير,,,"작다, 어리다",,,Top2000,
1267,قائد,,,"지도자, 사령관",,,Top2000,
1268,قدر,,,"운명, 양, 능력",,,Top2000,
1269,كافة,,,"전체, 모든",,,Top2000,
1270,كاملة,,,완전한(여),,,Top2000,
1271,كن,,,~이 되어라,,,Top2000,
1272,لدي,,,나에게 있다,,,Top2000,
1273,لقاء,,,만남,,,Top2000,
1274,مجلة,,,잡지,,,Top2000,
1275,و00,,,그리고 00 (접속사+숫자),,,Top2000,
1276,يؤدي,,,"이끌다, 수행하다",,,Top2000,
1277,يحصل,,,"얻다, 일어나다",,,Top2000,
1278,يسمح,,,허락하다,,,Top2000,
1279,أسباب,,,"이유들, 원인들",,,Top2000,
1280,أشياء,,,"것들, 물건들",,,Top2000,
1281,الأوروبي,,,유럽의 (남성형),,,Top2000,
1282,التابعة,,,"소속된, 부속의 (여성형)",,,Top2000,
1283,الثلاثة,,,"셋, 세 명",,,Top2000,
1284,الجنوب,,,남쪽,,,Top2000,
1285,الحلقة,,,"에피소드, 고리",,,Top2000,
1286,الشيء,,,그 것,,,Top2000,
1287,المرحلة,,,"단계, 시기",,,Top2000,
1288,المنظمة,,,"기구, 조직",,,Top2000,
1289,المواقع,,,"사이트들, 위치들",,,Top2000,
1290,النواب,,,"의원들, 대리인들",,,Top2000,
1291,الواحد,,,"하나, 한 사람",,,Top2000,
1292,تذكر,,,기억하다,,,Top2000,
1293,جماعة,,,"무리, 집단",,,Top2000,
1294,سورية,,,"시리아, 시리아의 (여성형)",,,Top2000,
1295,شعر,,,"머리카락, 느꼈다",,,Top2000,
1296,عربي,,,"아랍의, 아랍인 (남성형)",,,Top2000,
1297,قم,,,"일어나라, 해라",,,Top2000,
1298,وجد,,,"찾았다, 발견했다",,,Top2000,
1299,وكيف,,,그리고 어떻게,,,Top2000,
1300,ولقد,,,그리고 정말로,,,Top2000,
1301,أساس,,,"기초, 토대, 근거",,,Top2000,
1302,أمس,,,어제,,,Top2000,
1303,اختيار,,,선택,,,Top2000,
1304,الإنسانية,,,"인류, 인간성, 인도적인",,,Top2000,
1305,البشرية,,,"인류, 인간성",,,Top2000,
1306,التعامل,,,"다루기, 대처",,,Top2000,
1307,التعاون,,,협력,,,Top2000,
1308,الجسم,,,"몸, 신체",,,Top2000,
1309,الجهاز,,,"기계, 장치",,,Top2000,
1310,السادس,,,여섯 번째,,,Top2000,
1311,الفرنسي,,,프랑스의 (남성형),,,Top2000,
1312,الفضاء,,,"우주, 공간",,,Top2000,
1313,المجال,,,"분야, 영역",,,Top2000,
1314,المشاكل,,,문제들,,,Top2000,
1315,المهم,,,중요한 것,,,Top2000,
1316,بحاجة,,,필요한,,,Top2000,
1317,بصورة,,,"~한 방식으로, ~하게",,,Top2000,
1318,تصبح,,,~이 되다,,,Top2000,
1319,تعني,,,의미하다,,,Top2000,
1320,حاول,,,"시도하다, 노력하다",,,Top2000,
1321,حجم,,,크기,,,Top2000,
1322,رائعة,,,멋지다 여성,,,Top2000,
1323,شاب,,,"청년, 젊은이",,,Top2000,
1324,صفحة,,,"페이지, 면",,,Top2000,
1325,قيادة,,,"리더십, 운전",,,Top2000,
1326,للجميع,,,모두에게,,,Top2000,
1327,محطة,,,"역, 스테이션",,,Top2000,
1328,مدة,,,"기간, 동안",,,Top2000,
1329,مهم,,,중요한,,,Top2000,
1330,ناحية,,,"방향, 측면",,,Top2000,
1331,نريد,,,우리는 원한다,,,Top2000,
1332,نور,,,"빛, 누르 (이름)",,,Top2000,
1333,وصف,,,"묘사, 설명",,,Top2000,
1334,يسمى,,,"불리다, 이름 지어지다",,,Top2000,
1335,يقولون,,,그들이 말하다,,,Top2000,
1336,to,,,to (영어 전치사),,,Top2000,
1337,أعرف,,,알다,,,Top2000,
1338,أكون,,,"되다, 이다",,,Top2000,
1339,إنهم,,,그들은,,,Top2000,
1340,ارتفاع,,,"상승, 높이",,,Top2000,
1341,ال00,,,00번째 (정관사+숫자),,,Top2000,
1342,الأبيض,,,"하얀, 흰색",,,Top2000,
1343,الأفلام,,,영화들,,,Top2000,
1344,الرابعة,,,네 번째(여성형),,,Top2000,
1345,الصوت,,,"소리, 목소리",,,Top2000,
1346,العظيم,,,"위대한, 대단한",,,Top2000,
1347,القدس,,,예루살렘,,,Top2000,
1348,القضاء,,,"사법, 재판, 판결",,,Top2000,
1349,القوى,,,"세력, 힘들",,,Top2000,
1350,اللقاء,,,만남,,,Top2000,
1351,المغربية,,,모로코의 (여성형),,,Top2000,
1352,انهم,,,그들은,,,Top2000,
1353,اني,,,내가,,,Top2000,
1354,بالقرب,,,"가까이, 근처에",,,Top2000,
1355,بالله,,,신에 맹세코,,,Top2000,
1356,بغداد,,,바그다드,,,Top2000,
1357,بنفس,,,같은 ~로,,,Top2000,
1358,تحرير,,,"해방, 편집",,,Top2000,
1359,جريمة,,,범죄,,,Top2000,
1360,حديث,,,"새로운, 대화",,,Top2000,
1361,رفض,,,거절하다,,,Top2000,
1362,عمله,,,"그의 일, 그의 직업",,,Top2000,
1363,عنوان,,,"주소, 제목",,,Top2000,
1364,فإذا,,,만약 ~라면 (접속사),,,Top2000,
1365,قاعدة,,,"규칙, 기지, 토대",,,Top2000,
1366,قراءة,,,"읽기, 독서",,,Top2000,
1367,قطاع,,,"부문, 지구, 구역",,,Top2000,
1368,كلية,,,"대학, 단과대학, 신장",,,Top2000,
1369,لأول,,,처음으로,,,Top2000,
1370,مسلم,,,"무슬림, 이슬람교도",,,Top2000,
1371,مكافحة,,,"투쟁, 대처",,,Top2000,
1372,نشرت,,,"출판했다, 게재했다 (여성/1인칭)",,,Top2000,
1373,نظرا,,,~을 고려하여 (부사),,,Top2000,
1374,واحدا,,,하나,,,Top2000,
1375,وقع,,,"발생하다, 떨어지다, 서명하다",,,Top2000,
1376,يصبح,,,~이 되다,,,Top2000,
1377,أجهزة,,,"기기들, 장치들",,,Top2000,
1378,الحسن,,,"하산 (남자 이름), 좋은",,,Top2000,
1379,الديمقراطية,,,"민주주의, 민주적인",,,Top2000,
1380,السوق,,,시장,,,Top2000,
1381,الفرق,,,"차이, 그룹",,,Top2000,
1382,الوحيدة,,,유일한,,,Top2000,
1383,بهدف,,,~목적으로 (전치사구),,,Top2000,
1384,تجاه,,,~을 향하여,,,Top2000,
1385,تدخل,,,"들어가다, 개입",,,Top2000,
1386,ترك,,,"떠나다, 남기다",,,Top2000,
1387,تسجيل,,,"기록, 등록, 녹음",,,Top2000,
1388,جي,,,제이,,,Top2000,
1389,حلب,,,알레포,,,Top2000,
1390,دين,,,"종교, 빚",,,Top2000,
1391,سياسي,,,"정치적인, 정치인 (남성형)",,,Top2000,
1392,شي,,,"것, 어떤 것",,,Top2000,
1393,صناعة,,,"산업, 제조",,,Top2000,
1394,صنع,,,"만들기, 만들다",,,Top2000,
1395,ع,,,"아인 (아랍어 글자), ~에 (구어 전치사)",,,Top2000,
1396,فان,,,"왜냐하면, 밴 (차)",,,Top2000,
1397,قل,,,말해라,,,Top2000,
1398,لبعض,,,"일부에게, 서로",,,Top2000,
1399,مدريد,,,마드리드,,,Top2000,
1400,مصطفى,,,무스타파 (남자 이름),,,Top2000,
1401,وأيضا,,,그리고 또한 (접속사구),,,Top2000,
1402,يجري,,,"일어나다, 달리다",,,Top2000,
1403,يحب,,,"좋아하다, 사랑하다",,,Top2000,
1404,t,,,t (영어 알파벳),,,Top2000,
1405,أحدهم,,,"그들 중 하나, 누군가",,,Top2000,
1406,أمن,,,"안전, 보안",,,Top2000,
1407,إنتاج,,,"생산, 제작",,,Top2000,
1408,إنما,,,"오직, 다만 (접속사)",,,Top2000,
1409,الأحيان,,,"때들, 때때로",,,Top2000,
1410,الأسد,,,"사자, 아사드 (이름)",,,Top2000,
1411,الإرهاب,,,테러리즘,,,Top2000,
1412,الاقتصاد,,,경제,,,Top2000,
1413,الجمعية,,,"협회, 총회",,,Top2000,
1414,الحد,,,"한계, 경계",,,Top2000,
1415,الرياضية,,,"스포츠의, 운동의",,,Top2000,
1416,الشعور,,,"감정, 느낌",,,Top2000,
1417,الطبية,,,"의학의, 의료의",,,Top2000,
1418,العراقية,,,이라크의 (여성형),,,Top2000,
1419,العنف,,,폭력,,,Top2000,
1420,القمر,,,달,,,Top2000,
1421,الكرة,,,공,,,Top2000,
1422,المتعلقة,,,관련된 (여성형),,,Top2000,
1423,المحلي,,,"지역의, 국내의 (남성형)",,,Top2000,
1424,المدني,,,"민간의, 시민의 (남성형)",,,Top2000,
1425,المعروف,,,"알려진, 유명한",,,Top2000,
1426,المهمة,,,"임무, 중요한(여)",,,Top2000,
1427,بطولة,,,"선수권, 토너먼트, 영웅적 행위",,,Top2000,
1428,تجربة,,,"경험, 실험",,,Top2000,
1429,ترجمة,,,번역,,,Top2000,
1430,تسبب,,,"야기하다, 원인이 되다",,,Top2000,
1431,تشير,,,"가리키다, 신호하다",,,Top2000,
1432,خصوصا,,,특히 (부사),,,Top2000,
1433,دقائق,,,분들,,,Top2000,
1434,زال,,,"여전히, 사라졌다",,,Top2000,
1435,قائلا,,,말하면서 (부사적 분사),,,Top2000,
1436,قدمت,,,"제공했다, 왔다",,,Top2000,
1437,قصص,,,이야기들,,,Top2000,
1438,كلنا,,,우리 모두,,,Top2000,
1439,لصالح,,,"~을 위해, ~의 이익을 위해",,,Top2000,
1440,لعام,,,~년에 (전치사구),,,Top2000,
1441,لفترة,,,한동안,,,Top2000,
1442,مر,,,"지나갔다, 쓴맛",,,Top2000,
1443,مصرية,,,이집트의 (여성형),,,Top2000,
1444,معينة,,,특정한 (여성형),,,Top2000,
1445,مقتل,,,"살해, 죽음",,,Top2000,
1446,منكم,,,너희들 중에서,,,Top2000,
1447,موقف,,,"상황, 입장, 주차장",,,Top2000,
1448,نظرة,,,"시선, 한 번 봄",,,Top2000,
1449,وقعت,,,"떨어졌다, 일어났다, 서명했다",,,Top2000,
1450,ويمكن,,,그리고 ~할 수 있다 (접속사+동사),,,Top2000,
1451,يريدون,,,그들이 원하다,,,Top2000,
1452,يقع,,,"위치하다, 떨어지다",,,Top2000,
1453,أحداث,,,"사건들, 사태들",,,Top2000,
1454,الباب,,,문,,,Top2000,
1455,الخدمات,,,서비스들,,,Top2000,
1456,السفر,,,여행,,,Top2000,
1457,السيدة,,,"여사, 부인",,,Top2000,
1458,الطبيعية,,,"자연의, 자연적인 (여성형)",,,Top2000,
1459,العلماء,,,"학자들, 과학자들",,,Top2000,
1460,العمال,,,노동자들,,,Top2000,
1461,القول,,,"말, 발언",,,Top2000,
1462,اللبنانية,,,레바논의 (여성형),,,Top2000,
1463,المسجد,,,"모스크, 이슬람 사원",,,Top2000,
1464,الملكية,,,"왕실의, 소유권 (여성형)",,,Top2000,
1465,بإذن,,,~의 허락으로 (전치사구),,,Top2000,
1466,بالكامل,,,"완전히, 전부",,,Top2000,
1467,بعدما,,,~한 후에,,,Top2000,
1468,بكثير,,,"훨씬, 많이",,,Top2000,
1469,بيانات,,,"데이터, 자료",,,Top2000,
1470,تمثل,,,"대표하다, 표현하다",,,Top2000,
1471,جيش,,,군대,,,Top2000,
1472,زوجته,,,그의 아내,,,Top2000,
1473,سن,,,"나이, 이",,,Top2000,
1474,شاهد,,,"보았다, 목격자",,,Top2000,
1475,شديد,,,"강한, 심한",,,Top2000,
1476,طرف,,,"끝, 가장자리, 측",,,Top2000,
1477,ظهرت,,,나타났다,,,Top2000,
1478,عهد,,,"시대, 약속, 서약",,,Top2000,
1479,كريم,,,"친절한, 관대한",,,Top2000,
1480,لان,,,왜냐하면,,,Top2000,
1481,موجودة,,,"존재하는, 있는(여)",,,Top2000,
1482,نجد,,,우리는 찾다,,,Top2000,
1483,يبلغ,,,"도달하다, 이르다",,,Top2000,
1484,يذكر,,,"언급하다, 기억하다",,,Top2000,
1485,أبناء,,,"아들들, 자녀들",,,Top2000,
1486,أحبك,,,너를 사랑한다,,,Top2000,
1487,إما,,,~이거나,,,Top2000,
1488,اثنين,,,둘,,,Top2000,
1489,الأسلحة,,,무기들,,,Top2000,
1490,الأمنية,,,"보안의, 안보의 (여성형)",,,Top2000,
1491,الإدارة,,,"행정, 관리, 경영",,,Top2000,
1492,البحرية,,,"해군, 해양의",,,Top2000,
1493,البيئة,,,환경,,,Top2000,
1494,الخميس,,,목요일,,,Top2000,
1495,الدعوة,,,"초대, 소명, 다와",,,Top2000,
1496,الصعب,,,어려운,,,Top2000,
1497,العمليات,,,"작전들, 수술들",,,Top2000,
1498,الغرب,,,"서쪽, 서양",,,Top2000,
1499,الفنية,,,"예술의, 기술의 (여성형)",,,Top2000,
1500,القدرة,,,능력,,,Top2000,
1501,المخدرات,,,마약,,,Top2000,
1502,المرض,,,"병, 질병",,,Top2000,
1503,المعارضة,,,"반대, 야당",,,Top2000,
1504,باقي,,,"나머지, 남은",,,Top2000,
1505,تصوير,,,"촬영, 사진",,,Top2000,
1506,تنفيذ,,,"실행, 이행",,,Top2000,
1507,خلالها,,,"그 동안에, 그것을 통해 (부사구)",,,Top2000,
1508,رسميا,,,공식적으로 (부사),,,Top2000,
1509,زمن,,,"시간, 시대",,,Top2000,
1510,سان,,,"산 (San, 인명/지명)",,,Top2000,
1511,صديق,,,친구,,,Top2000,
1512,عسكرية,,,군사적인 (여성형),,,Top2000,
1513,علاج,,,치료,,,Top2000,
1514,ففي,,,그래서 ~에서 (접속사+전치사),,,Top2000,
1515,قالوا,,,그들은 말했다,,,Top2000,
1516,كلام,,,"말, 이야기",,,Top2000,
1517,كوريا,,,"한국, 코리아",,,Top2000,
1518,لابد,,,"반드시, 틀림없이",,,Top2000,
1519,لكرة,,,~구기 종목의 (전치사구),,,Top2000,
1520,مالك,,,"주인, 무엇이 있느냐",,,Top2000,
1521,مرض,,,"병, 질병",,,Top2000,
1522,مقارنة,,,비교,,,Top2000,
1523,مكة,,,메카,,,Top2000,
1524,ملايين,,,수백만,,,Top2000,
1525,مواجهة,,,"대면, 직면",,,Top2000,
1526,موعد,,,"약속, 일정",,,Top2000,
1527,واسع,,,"넓은, 광범위한",,,Top2000,
1528,يحاول,,,"시도하다, 노력하다",,,Top2000,
1529,يستحق,,,~할 가치가 있다,,,Top2000,
1530,يوميا,,,"매일, 일일 (부사)",,,Top2000,
1531,أستطيع,,,할 수 있다,,,Top2000,
1532,الأسود,,,검은색,,,Top2000,
1533,الإسرائيلية,,,이스라엘의 (여성형),,,Top2000,
1534,الاسم,,,이름,,,Top2000,
1535,البرازيل,,,브라질,,,Top2000,
1536,الحالية,,,현재의 (여성형),,,Top2000,
1537,الحرية,,,자유,,,Top2000,
1538,الحي,,,"동네, 산 (살아있는)",,,Top2000,
1539,الدراسة,,,"공부, 학업",,,Top2000,
1540,الشمال,,,북쪽,,,Top2000,
1541,العراقي,,,이라크의 (남성형),,,Top2000,
1542,الغير,,,"타인, 다른 것",,,Top2000,
1543,الفرصة,,,기회,,,Top2000,
1544,القبض,,,"체포, 붙잡기",,,Top2000,
1545,الكلمات,,,"단어들, 말들",,,Top2000,
1546,المستشفى,,,병원,,,Top2000,
1547,النتائج,,,결과들,,,Top2000,
1548,النفط,,,석유,,,Top2000,
1549,الهيئة,,,"기구, 위원회, 외형",,,Top2000,
1550,بقدر,,,~만큼,,,Top2000,
1551,بيان,,,"성명, 발표문",,,Top2000,
1552,تجعل,,,~하게 만들다,,,Top2000,
1553,ثورة,,,혁명,,,Top2000,
1554,جزيرة,,,섬,,,Top2000,
1555,خطوة,,,"걸음, 단계",,,Top2000,
1556,دعوة,,,"초대, 요청",,,Top2000,
1557,ذهب,,,"가다, 금",,,Top2000,
1558,سعد,,,"사드 (남자 이름), 행복",,,Top2000,
1559,سعود,,,사우드 (이름),,,Top2000,
1560,سكس,,,섹스,,,Top2000,
1561,فرق,,,"차이, 팀들",,,Top2000,
1562,قريب,,,"가까운, 친척",,,Top2000,
1563,كتابة,,,"쓰기, 글쓰기",,,Top2000,
1564,لديك,,,너에게 있다,,,Top2000,
1565,محكمة,,,법원,,,Top2000,
1566,مطار,,,공항,,,Top2000,
1567,معرض,,,"전시회, 박람회",,,Top2000,
1568,مهرجان,,,"축제, 페스티벌",,,Top2000,
1569,نائب,,,"부, 대리",,,Top2000,
1570,نيك,,,닉(이름),,,Top2000,
1571,واشنطن,,,워싱턴,,,Top2000,
1572,وبعض,,,그리고 일부,,,Top2000,
1573,يبدأ,,,시작하다 (3인칭),,,Top2000,
1574,يكفي,,,충분하다,,,Top2000,
1575,يمثل,,,"대표하다, 상징하다",,,Top2000,
1576,الأحزاب,,,정당들,,,Top2000,
1577,الاول,,,첫 번째,,,Top2000,
1578,التاريخية,,,역사적인 (여성형),,,Top2000,
1579,التركية,,,"터키의, 터키어 (여성형)",,,Top2000,
1580,الحقوق,,,"권리들, 법학",,,Top2000,
1581,الذهب,,,금,,,Top2000,
1582,الرسالة,,,"메시지, 편지",,,Top2000,
1583,الرقم,,,"숫자, 번호",,,Top2000,
1584,السلاح,,,무기,,,Top2000,
1585,الظروف,,,"상황, 환경",,,Top2000,
1586,الفوز,,,승리,,,Top2000,
1587,المدنية,,,"민간의, 시민의 (여성형)",,,Top2000,
1588,المنظمات,,,"조직들, 기구들",,,Top2000,
1589,اليمنية,,,예멘의 (여성형),,,Top2000,
1590,بشدة,,,"강하게, 심하게",,,Top2000,
1591,بنات,,,"딸들, 소녀들",,,Top2000,
1592,تبحث,,,"찾다, 검색하다",,,Top2000,
1593,تبدو,,,~처럼 보이다,,,Top2000,
1594,تفاصيل,,,세부사항들,,,Top2000,
1595,حفل,,,"파티, 행사",,,Top2000,
1596,دورة,,,"과정, 회전",,,Top2000,
1597,سمعت,,,들었다,,,Top2000,
1598,سوء,,,"나쁨, 악",,,Top2000,
1599,سيارات,,,자동차들,,,Top2000,
1600,قليلة,,,"적은, 약간의",,,Top2000,
1601,مستشفى,,,병원,,,Top2000,
1602,مشاركة,,,"참여, 참가",,,Top2000,
1603,مفهوم,,,"이해된, 개념",,,Top2000,
1604,ناصر,,,"나세르 (남자 이름), 조력자",,,Top2000,
1605,نساء,,,여성들,,,Top2000,
1606,هما,,,그 둘,,,Top2000,
1607,هى,,,그녀,,,Top2000,
1608,وعدم,,,그리고 ~하지 않음 (접속사+부정),,,Top2000,
1609,يشير,,,"가리키다, 암시하다",,,Top2000,
1610,in,,,in (영어 전치사),,,Top2000,
1611,آخرين,,,다른 사람들,,,Top2000,
1612,أدري,,,알다,,,Top2000,
1613,أسعار,,,가격들,,,Top2000,
1614,أسوأ,,,"더 나쁜, 최악의",,,Top2000,
1615,الأراضي,,,"토지, 영토",,,Top2000,
1616,الإيراني,,,이란의 (남성형),,,Top2000,
1617,الاقتصادي,,,경제적인 (남성형),,,Top2000,
1618,البرامج,,,프로그램들,,,Top2000,
1619,التحقيق,,,"수사, 조사",,,Top2000,
1620,التحكم,,,"제어, 통제",,,Top2000,
1621,الثانوية,,,고등학교,,,Top2000,
1622,الخوف,,,"두려움, 공포",,,Top2000,
1623,الذهاب,,,가는 것,,,Top2000,
1624,السابع,,,일곱 번째,,,Top2000,
1625,الشاب,,,"젊은이, 청년",,,Top2000,
1626,العدد,,,"숫자, 개수",,,Top2000,
1627,المدير,,,"관리자, 매니저",,,Top2000,
1628,المصادر,,,"출처들, 소식통들",,,Top2000,
1629,الواضح,,,"명백한, 분명한",,,Top2000,
1630,بث,,,"방송, 송출",,,Top2000,
1631,بلاد,,,"국가, 나라들",,,Top2000,
1632,تشرين,,,"타슈린 (10월/11월, 시리아식)",,,Top2000,
1633,جزءا,,,부분 (목적격),,,Top2000,
1634,روح,,,"영혼, 정신",,,Top2000,
1635,سبعة,,,"일곱, 7",,,Top2000,
1636,سلمان,,,살만 (남자 이름),,,Top2000,
1637,شعب,,,"민족, 국민",,,Top2000,
1638,صباحا,,,아침에,,,Top2000,
1639,صلاة,,,"기도, 예배",,,Top2000,
1640,عمرو,,,아므르 (남자 이름),,,Top2000,
1641,غرب,,,"서쪽, 서방",,,Top2000,
1642,فقال,,,그리고 그는 말했다 (접속사+동사),,,Top2000,
1643,قررت,,,결정했다,,,Top2000,
1644,قمة,,,"정상, 꼭대기",,,Top2000,
1645,قوي,,,강한,,,Top2000,
1646,ك,,,너 (접미 대명사),,,Top2000,
1647,مجددا,,,"다시, 또",,,Top2000,
1648,محل,,,"가게, 장소",,,Top2000,
1649,موت,,,죽음,,,Top2000,
1650,موجود,,,"존재하는, 있는",,,Top2000,
1651,نقاط,,,"점들, 포인트들",,,Top2000,
1652,وربما,,,그리고 아마도,,,Top2000,
1653,وقف,,,"섰다, 멈춤",,,Top2000,
1654,أراد,,,그가 원했다,,,Top2000,
1655,أقدم,,,"가장 오래된, 제공하다",,,Top2000,
1656,أماكن,,,장소들,,,Top2000,
1657,أهداف,,,"목표들, 골들",,,Top2000,
1658,إعلان,,,"광고, 발표, 선언",,,Top2000,
1659,الأمل,,,희망,,,Top2000,
1660,التحرير,,,"해방, 편집",,,Top2000,
1661,الجوية,,,"공중의, 항공의",,,Top2000,
1662,الحالات,,,"경우들, 사례들",,,Top2000,
1663,الحديثة,,,"현대의, 최근의 (여성형)",,,Top2000,
1664,الخامسة,,,다섯 번째 (여성형),,,Top2000,
1665,السبت,,,토요일,,,Top2000,
1666,العصر,,,"시대, 오후",,,Top2000,
1667,العهد,,,"시대, 언약, 서약",,,Top2000,
1668,القتل,,,살인,,,Top2000,
1669,المكتب,,,"사무실, 책상",,,Top2000,
1670,المكسيك,,,멕시코,,,Top2000,
1671,الملكي,,,왕실의 (남성형),,,Top2000,
1672,اليهود,,,유대인들,,,Top2000,
1673,بان,,,"~라고, 명백해졌다",,,Top2000,
1674,بجانب,,,옆에,,,Top2000,
1675,بحث,,,"수색, 연구",,,Top2000,
1676,بخصوص,,,~에 관하여,,,Top2000,
1677,بعضها,,,그것들 중 일부,,,Top2000,
1678,تتحدث,,,말하다,,,Top2000,
1679,تحاول,,,"시도하다, 노력하다",,,Top2000,
1680,توقف,,,멈추다,,,Top2000,
1681,حقيقية,,,"진짜의, 실제의",,,Top2000,
1682,خبر,,,"소식, 뉴스",,,Top2000,
1683,طيب,,,"좋아, 친절한",,,Top2000,
1684,عمره,,,그의 나이,,,Top2000,
1685,لجميع,,,모든 ~에게 (전치사구),,,Top2000,
1686,مبارك,,,"축복받은, 무바라크 (이름)",,,Top2000,
1687,متعددة,,,"다수의, 다양한 (여성형)",,,Top2000,
1688,مريم,,,"마리암 (마리아, 여자 이름)",,,Top2000,
1689,مساحة,,,"면적, 공간",,,Top2000,
1690,مصري,,,"이집트의, 이집트인 (남성형)",,,Top2000,
1691,منع,,,"금지, 막다",,,Top2000,
1692,نرى,,,우리가 본다,,,Top2000,
1693,واسعة,,,"넓은, 광범위한 (여성형)",,,Top2000,
1694,ويقول,,,그리고 ~라고 말한다 (접속사+동사),,,Top2000,
1695,أثر,,,"흔적, 영향",,,Top2000,
1696,ألمانيا,,,독일,,,Top2000,
1697,إطار,,,"틀, 테두리, 프레임",,,Top2000,
1698,الألعاب,,,"게임들, 놀이들",,,Top2000,
1699,الإلكترونية,,,전자의 (여성형),,,Top2000,
1700,الاحتلال,,,점령,,,Top2000,
1701,التفاصيل,,,세부사항들,,,Top2000,
1702,الجريمة,,,범죄,,,Top2000,
1703,الحوار,,,"대화, 회담",,,Top2000,
1704,الروسي,,,러시아의 (남성형),,,Top2000,
1705,الطبيعي,,,자연스러운,,,Top2000,
1706,العلمية,,,"과학의, 학술의 (여성형)",,,Top2000,
1707,العلوم,,,"과학, 학문",,,Top2000,
1708,الكلمة,,,"단어, 말",,,Top2000,
1709,الكنيسة,,,교회,,,Top2000,
1710,اللحظة,,,순간,,,Top2000,
1711,اللون,,,색깔,,,Top2000,
1712,المعرفة,,,"지식, 앎",,,Top2000,
1713,انتهت,,,그것은 끝났다 (여성),,,Top2000,
1714,تحتوي,,,포함하다 (여성),,,Top2000,
1715,تحول,,,"변화, 전환",,,Top2000,
1716,حتي,,,"~까지, 심지어",,,Top2000,
1717,زوجها,,,그녀의 남편,,,Top2000,
1718,سلام,,,"평화, 안녕",,,Top2000,
1719,سيد,,,"주인, 선생",,,Top2000,
1720,شهادة,,,"증언, 증명서, 자격증",,,Top2000,
1721,عباس,,,압바스 (남자 이름),,,Top2000,
1722,عقب,,,"~직후에, 뒤꿈치",,,Top2000,
1723,فهذا,,,그래서 이것은,,,Top2000,
1724,كانون,,,"카눈 (12월/1월, 시리아식)",,,Top2000,
1725,لأحد,,,"누군가에게, 아무에게도",,,Top2000,
1726,للبيع,,,판매용 (전치사구),,,Top2000,
1727,متر,,,미터,,,Top2000,
1728,مدار,,,"궤도, 동안",,,Top2000,
1729,مدن,,,도시들,,,Top2000,
1730,معركة,,,"전투, 싸움",,,Top2000,
1731,ممارسة,,,"연습, 실천",,,Top2000,
1732,موسى,,,"무사 (모세, 남자 이름)",,,Top2000,
1733,نكون,,,우리는 ~이다,,,Top2000,
1734,ه,,,"하(글자), 그(대명사 접미사)",,,Top2000,
1735,وخاصة,,,그리고 특히 (접속사구),,,Top2000,
1736,ورد,,,"장미, 도달했다",,,Top2000,
1737,أداء,,,"수행, 성과, 공연",,,Top2000,
1738,أمل,,,희망,,,Top2000,
1739,إلينا,,,우리에게,,,Top2000,
1740,ا,,,아 (글자),,,Top2000,
1741,الأعضاء,,,"회원들, 구성원들",,,Top2000,
1742,الأفضل,,,"최고, 가장 좋은",,,Top2000,
1743,الإطلاق,,,"전혀, 결코",,,Top2000,
1744,الإلكتروني,,,전자의 (남성형),,,Top2000,
1745,البريطانية,,,영국의 (여성형),,,Top2000,
1746,البناء,,,"건물, 건설",,,Top2000,
1747,التدريب,,,"훈련, 연습",,,Top2000,
1748,التقليدية,,,전통적인 (여성형),,,Top2000,
1749,الجميلة,,,아름다운(여),,,Top2000,
1750,الحقيقية,,,진짜의 (여성형),,,Top2000,
1751,الخط,,,"선, 노선",,,Top2000,
1752,الرأس,,,머리,,,Top2000,
1753,الرابط,,,"링크, 연결",,,Top2000,
1754,العثور,,,"발견, 찾기",,,Top2000,
1755,العلاقة,,,관계,,,Top2000,
1756,الفتاة,,,소녀,,,Top2000,
1757,الفساد,,,"부패, 타락",,,Top2000,
1758,الفن,,,예술,,,Top2000,
1759,القاضي,,,판사,,,Top2000,
1760,القتال,,,"싸움, 전투",,,Top2000,
1761,اللهم,,,오 알라여 (호격),,,Top2000,
1762,المؤسسة,,,"기관, 재단, 설립된",,,Top2000,
1763,المقاومة,,,저항,,,Top2000,
1764,النص,,,"본문, 텍스트",,,Top2000,
1765,النقل,,,"운송, 이동",,,Top2000,
1766,الوحدة,,,"고독, 단위",,,Top2000,
1767,اما,,,"또는, ~에 관해서는",,,Top2000,
1768,بالرغم,,,~에도 불구하고,,,Top2000,
1769,بد,,,"반드시, 어쩔 수 없음",,,Top2000,
1770,بدء,,,시작,,,Top2000,
1771,بكم,,,"너희들에게, 얼마",,,Top2000,
1772,بول,,,폴 (이름),,,Top2000,
1773,توفير,,,"제공, 공급, 절약",,,Top2000,
1774,حينما,,,~할 때,,,Top2000,
1775,رواية,,,"소설, 전승, 이야기",,,Top2000,
1776,شبه,,,"반(半), 유사, 준",,,Top2000,
1777,مرور,,,"통과, 경과",,,Top2000,
1778,مسجد,,,"모스크, 사원",,,Top2000,
1779,نص,,,"본문, 텍스트",,,Top2000,
1780,نظر,,,"보다, 시선",,,Top2000,
1781,نهر,,,강,,,Top2000,
1782,هجوم,,,공격,,,Top2000,
1783,يقال,,,말해진다,,,Top2000,
1784,يمكننا,,,우리는 할 수 있다,,,Top2000,
1785,يملك,,,그가 소유하다,,,Top2000,
1786,أتمنى,,,"바라다, 희망하다",,,Top2000,
1787,أحدا,,,"누군가, 아무도",,,Top2000,
1788,أمير,,,"왕자, 아미르",,,Top2000,
1789,أى,,,"어느, 어떤",,,Top2000,
1790,اتحاد,,,"연합, 연방",,,Top2000,
1791,اخرى,,,"다른, 또 다른",,,Top2000,
1792,اعرف,,,알다,,,Top2000,
1793,الأحياء,,,"지역들, 동네들; 생물(학)",,,Top2000,
1794,التجارة,,,"무역, 상업",,,Top2000,
1795,الثقافية,,,"문화의, 문화적",,,Top2000,
1796,الجمهور,,,"대중, 관중",,,Top2000,
1797,الحرارة,,,"열, 온도",,,Top2000,
1798,الحفاظ,,,"보호, 유지",,,Top2000,
1799,الدستور,,,헌법,,,Top2000,
1800,الرأي,,,의견,,,Top2000,
1801,الشيطان,,,악마,,,Top2000,
1802,الصفحة,,,"페이지, 쪽",,,Top2000,
1803,الطب,,,의학,,,Top2000,
1804,العيش,,,"삶, 생활",,,Top2000,
1805,القرية,,,마을,,,Top2000,
1806,القوانين,,,"법들, 규칙들",,,Top2000,
1807,المنتخب,,,"대표팀, 선발팀",,,Top2000,
1808,انتخابات,,,선거,,,Top2000,
1809,بلد,,,"나라, 국가",,,Top2000,
1810,تسمح,,,허락하다,,,Top2000,
1811,تملك,,,소유하다,,,Top2000,
1812,جدة,,,제다(도시); 할머니,,,Top2000,
1813,حقيقي,,,"진짜, 실제의",,,Top2000,
1814,خطأ,,,"실수, 잘못",,,Top2000,
1815,ذاك,,,저것,,,Top2000,
1816,شراء,,,"구매, 사기",,,Top2000,
1817,شريك,,,"파트너, 동업자",,,Top2000,
1818,شك,,,의심,,,Top2000,
1819,صندوق,,,"상자, 박스",,,Top2000,
1820,ضعف,,,"약함, 두 배",,,Top2000,
1821,عامل,,,"노동자, 요인",,,Top2000,
1822,غريب,,,"이상하다, 낯설다",,,Top2000,
1823,قلبي,,,"내 마음, 내 심장",,,Top2000,
1824,لوحة,,,"판, 그림, 보드",,,Top2000,
1825,لويس,,,루이스 (이름),,,Top2000,
1826,ماء,,,물,,,Top2000,
1827,متابعة,,,"추적, 후속조치",,,Top2000,
1828,مجموعات,,,"그룹들, 집단들",,,Top2000,
1829,مقاطعة,,,"지방, 도, 차단",,,Top2000,
1830,مياه,,,물 (복수),,,Top2000,
1831,نقص,,,"부족, 결핍",,,Top2000,
1832,هنالك,,,"거기, ~가 있다",,,Top2000,
1833,واضحة,,,명확한(여성),,,Top2000,
1834,يجد,,,찾다,,,Top2000,
1835,يدخل,,,들어가다,,,Top2000,
1836,أقوى,,,더 강한,,,Top2000,
1837,إذن,,,"그럼, 그러면",,,Top2000,
1838,الأوروبية,,,유럽의,,,Top2000,
1839,التاسع,,,"아홉 번째, 9번째",,,Top2000,
1840,التقرير,,,보고서,,,Top2000,
1841,التنمية,,,"개발, 발전",,,Top2000,
1842,الحاكم,,,"통치자, 지사",,,Top2000,
1843,الحيوانات,,,동물들,,,Top2000,
1844,الداخل,,,"내부, 안쪽",,,Top2000,
1845,الدور,,,"역할, 차례, 층",,,Top2000,
1846,الشبكة,,,"네트워크, 그물",,,Top2000,
1847,الشكل,,,"모양, 형태",,,Top2000,
1848,الصحيح,,,"올바른, 정확한",,,Top2000,
1849,الصينية,,,중국의,,,Top2000,
1850,القسم,,,"부서, 부분, 맹세",,,Top2000,
1851,القضايا,,,"사건들, 문제들",,,Top2000,
1852,القومي,,,"국가의, 민족의",,,Top2000,
1853,الكهرباء,,,전기,,,Top2000,
1854,المواطن,,,"시민, 국민",,,Top2000,
1855,الموقف,,,"상황, 입장",,,Top2000,
1856,اول,,,첫 번째,,,Top2000,
1857,بعمل,,,"일로, 작업으로",,,Top2000,
1858,بقية,,,나머지,,,Top2000,
1859,بنفسك,,,네 자신이,,,Top2000,
1860,بينهما,,,그 둘 사이에,,,Top2000,
1861,تناول,,,"먹다, 잡다",,,Top2000,
1862,جاءت,,,왔다(여성),,,Top2000,
1863,حدوث,,,"발생, 일어남",,,Top2000,
1864,طائرة,,,비행기,,,Top2000,
1865,طبيعي,,,"자연스러운, 정상적인",,,Top2000,
1866,عم,,,삼촌,,,Top2000,
1867,عندك,,,"네게, 너에게는",,,Top2000,
1868,قيام,,,"일어남, 수행",,,Top2000,
1869,كشف,,,"드러내다, 발견",,,Top2000,
1870,لحقوق,,,권리를 위한,,,Top2000,
1871,معين,,,"특정한, 일정한",,,Top2000,
1872,مقر,,,"본부, 본사",,,Top2000,
1873,مليار,,,10억,,,Top2000,
1874,نعرف,,,우리는 안다,,,Top2000,
1875,ها,,,"여기, 자",,,Top2000,
1876,وأنه,,,그리고 그가 ~라는 것,,,Top2000,
1877,يشعر,,,느끼다 (3인칭 남성),,,Top2000,
1878,أسابيع,,,몇 주,,,Top2000,
1879,أسبوع,,,일주일,,,Top2000,
1880,إشارة,,,"신호, 표시",,,Top2000,
1881,الإشارة,,,"신호, 표시",,,Top2000,
1882,الاثنين,,,"월요일, 둘",,,Top2000,
1883,الثقافي,,,문화의,,,Top2000,
1884,الجنسي,,,성적인,,,Top2000,
1885,الحاجة,,,"필요, 욕구",,,Top2000,
1886,الحر,,,자유로운; 더위,,,Top2000,
1887,الدرجة,,,"등급, 정도",,,Top2000,
1888,العدالة,,,정의,,,Top2000,
1889,العدل,,,"정의, 공정",,,Top2000,
1890,العقل,,,"마음, 이성",,,Top2000,
1891,العلمي,,,"과학적인, 학문적인",,,Top2000,
1892,العيد,,,"명절, 축제",,,Top2000,
1893,الفقر,,,"가난, 빈곤",,,Top2000,
1894,القانونية,,,"법적인, 합법적인",,,Top2000,
1895,الكل,,,"모두, 전부",,,Top2000,
1896,اللعب,,,"놀이, 게임",,,Top2000,
1897,المعركة,,,전투,,,Top2000,
1898,النووي,,,"핵의, 원자력의",,,Top2000,
1899,بالطبع,,,물론,,,Top2000,
1900,بلغ,,,"도달하다, 이르다",,,Top2000,
1901,بمدينة,,,도시에서,,,Top2000,
1902,تشكل,,,"형성하다, 구성되다",,,Top2000,
1903,ثقافة,,,문화,,,Top2000,
1904,جمهورية,,,공화국,,,Top2000,
1905,دائرة,,,"원, 부서",,,Top2000,
1906,ديفيد,,,데이비드(이름),,,Top2000,
1907,ذكرت,,,"언급했다, 기억했다",,,Top2000,
1908,سقوط,,,"추락, 몰락",,,Top2000,
1909,شعور,,,"감정, 느낌",,,Top2000,
1910,ص,,,"쪽(page), ص 글자",,,Top2000,
1911,ظهور,,,"출현, 등장",,,Top2000,
1912,عاصمة,,,수도,,,Top2000,
1913,عرفت,,,알았다,,,Top2000,
1914,عز,,,"영광, 존귀",,,Top2000,
1915,علماء,,,"학자들, 과학자들",,,Top2000,
1916,فصل,,,"학기, 장(章), 분리",,,Top2000,
1917,فيهم,,,그들 안에,,,Top2000,
1918,قرر,,,결정했다,,,Top2000,
1919,مادة,,,"물질, 과목, 조항",,,Top2000,
1920,معروف,,,"알려진, 유명한",,,Top2000,
1921,وهل,,,그리고 ~인가?,,,Top2000,
1922,يحتوي,,,포함하다,,,Top2000,
1923,يدعى,,,~라고 불리다,,,Top2000,
1924,يكتب,,,"쓰다, 기록하다",,,Top2000,
1925,يكونوا,,,그들이 되다,,,Top2000,
1926,آن,,,"앤 (인명), 시기",,,Top2000,
1927,أقرب,,,더 가까운,,,Top2000,
1928,استمر,,,계속해라,,,Top2000,
1929,اسمها,,,그녀의 이름,,,Top2000,
1930,الأسرة,,,"가족, 가정",,,Top2000,
1931,الأموال,,,"돈, 재산",,,Top2000,
1932,الأهلي,,,"알 아흘리(팀), 국민의",,,Top2000,
1933,التقنية,,,기술,,,Top2000,
1934,الجنة,,,"천국, 낙원",,,Top2000,
1935,الشام,,,샴(레반트 지역),,,Top2000,
1936,الصحافة,,,언론,,,Top2000,
1937,العفو,,,"용서, 사면",,,Top2000,
1938,الغاز,,,가스,,,Top2000,
1939,الفكرة,,,"생각, 아이디어",,,Top2000,
1940,القناة,,,"채널, 운하",,,Top2000,
1941,الكتابة,,,글쓰기,,,Top2000,
1942,المؤسسات,,,"기관들, 기구들",,,Top2000,
1943,النسخة,,,"버전, 사본",,,Top2000,
1944,الوسطى,,,"중앙의, 중간의",,,Top2000,
1945,اليه,,,그에게,,,Top2000,
1946,برشلونة,,,바르셀로나,,,Top2000,
1947,بسيطة,,,"단순한, 간단한",,,Top2000,
1948,بلدة,,,"마을, 소도시",,,Top2000,
1949,بينها,,,그것들 사이에,,,Top2000,
1950,تشعر,,,느끼다,,,Top2000,
1951,تمكن,,,"가능하게 하다, 해내다",,,Top2000,
1952,تنتهي,,,끝나다 (현재형),,,Top2000,
1953,توفي,,,사망했다,,,Top2000,
1954,حينها,,,"그때, 당시",,,Top2000,
1955,درجات,,,"등급들, 점수들",,,Top2000,
1956,دورا,,,역할을,,,Top2000,
1957,دوما,,,"항상, 언제나; 두마(지명)",,,Top2000,
1958,ذاته,,,"그 자신, 동일한",,,Top2000,
1959,رب,,,"주님, 주(主)",,,Top2000,
1960,سعودي,,,사우디의,,,Top2000,
1961,صحة,,,건강,,,Top2000,
1962,صنعاء,,,사나(예멘 수도),,,Top2000,
1963,عملت,,,내가/그녀가 일했다,,,Top2000,
1964,فكان,,,그리고 ~였다,,,Top2000,
1965,قضايا,,,"사건들, 문제들",,,Top2000,
1966,كون,,,"존재, 우주",,,Top2000,
1967,للمرة,,,~번째로,,,Top2000,
1968,مالي,,,나의 무엇? / 재정의,,,Top2000,
1969,مسألة,,,"문제, 사안",,,Top2000,
1970,نستطيع,,,우리는 할 수 있다,,,Top2000,
1971,والذين,,,그리고 ~한 사람들,,,Top2000,
1972,وجهة,,,"방향, 목적지, 관점",,,Top2000,
1973,ولي,,,"후견인, 보호자",,,Top2000,
1974,يقدر,,,"할 수 있다, 추정하다",,,Top2000,
1975,يمر,,,"지나가다, 통과하다",,,Top2000,
1976,يموت,,,죽다,,,Top2000,
1977,i,,,i(문자),,,Top2000,
1978,أرى,,,보다,,,Top2000,
1979,أغنية,,,노래,,,Top2000,
1980,أفلام,,,영화들,,,Top2000,
1981,إمكانية,,,가능성,,,Top2000,
1982,إيجاد,,,"찾기, 발견",,,Top2000,
1983,الأزمة,,,위기,,,Top2000,
1984,الأصلي,,,"원래의, 원본의",,,Top2000,
1985,الأماكن,,,장소들,,,Top2000,
1986,الإخوان,,,"형제들, 무슬림형제단",,,Top2000,
1987,الإيرانية,,,이란의,,,Top2000,
1988,البقاء,,,"머무름, 남음",,,Top2000,
1989,التسجيل,,,"등록, 녹음",,,Top2000,
1990,التصوير,,,"촬영, 사진",,,Top2000,
1991,الخطاب,,,"연설, 담론",,,Top2000,
1992,الشعبي,,,"대중적인, 민중의",,,Top2000,
1993,الصراع,,,"갈등, 분쟁",,,Top2000,
1994,الطبيب,,,의사,,,Top2000,
1995,العقد,,,"계약, 매듭, 십년",,,Top2000,
1996,الفصل,,,"학기, 챕터, 분리",,,Top2000,
1997,القائد,,,"지도자, 사령관",,,Top2000,
1998,اللاعبين,,,선수들,,,Top2000,
1999,المركزية,,,"중앙의, 중심의(여성형)",,,Top2000,
2000,النهائي,,,"최종의, 결승",,,Top2000,
2001,الوجه,,,얼굴,,,Top3000,
2002,اليمني,,,예멘의,,,Top3000,
2003,بسيط,,,"간단한, 단순한",,,Top3000,
2004,بيننا,,,우리 사이에,,,Top3000,
2005,تتم,,,"완료되다, 이루어지다",,,Top3000,
2006,تخرج,,,"나가다, 외출하다",,,Top3000,
2007,تقنية,,,"기술, 테크닉",,,Top3000,
2008,تمر,,,지나가다,,,Top3000,
2009,تي,,,티 (글자/이름),,,Top3000,
2010,جديدا,,,새로운(목적격),,,Top3000,
2011,جريدة,,,신문,,,Top3000,
2012,حاولت,,,"시도했다, 노력했다",,,Top3000,
2013,حمل,,,"임신, 짐, 운반",,,Top3000,
2014,حياتنا,,,우리의 삶,,,Top3000,
2015,رأيت,,,보았다,,,Top3000,
2016,سلاح,,,무기,,,Top3000,
2017,شرح,,,"설명, 해설",,,Top3000,
2018,شيخ,,,"샤이크, 원로",,,Top3000,
2019,عودة,,,"돌아옴, 귀환",,,Top3000,
2020,غياب,,,"부재, 결석",,,Top3000,
2021,فضلا,,,"더욱이, ~뿐만 아니라",,,Top3000,
2022,لأجل,,,~을 위해,,,Top3000,
2023,لعب,,,"놀다, 경기",,,Top3000,
2024,مبنى,,,건물,,,Top3000,
2025,مواد,,,"재료들, 물질들, 과목들",,,Top3000,
2026,موسكو,,,모스크바,,,Top3000,
2027,وسيلة,,,"수단, 방법",,,Top3000,
2028,وصول,,,"도착, 접근",,,Top3000,
2029,وقالت,,,그리고 그녀가 말했다,,,Top3000,
2030,وله,,,그리고 그에게는,,,Top3000,
2031,يساعد,,,돕다,,,Top3000,
2032,يطلق,,,"발사하다, 풀어놓다",,,Top3000,
2033,يعتمد,,,"의존하다, 의지하다",,,Top3000,
2034,يومين,,,이틀,,,Top3000,
2035,أبرز,,,"가장 두드러진, 주요",,,Top3000,
2036,أغلب,,,대부분,,,Top3000,
2037,ألم,,,"아픔, 고통",,,Top3000,
2038,استخدم,,,사용해라,,,Top3000,
2039,الأفراد,,,"개인들, 구성원들",,,Top3000,
2040,الإعلان,,,"광고, 발표",,,Top3000,
2041,الاتصالات,,,"통신, 연락",,,Top3000,
2042,الانترنت,,,인터넷,,,Top3000,
2043,الاهتمام,,,"관심, 주목",,,Top3000,
2044,البريد,,,"우편, 메일",,,Top3000,
2045,البيضاء,,,하얀(여성형),,,Top3000,
2046,التحالف,,,"동맹, 연합",,,Top3000,
2047,الرسول,,,"사도, 예언자 무함마드",,,Top3000,
2048,السوداء,,,검은(여성형),,,Top3000,
2049,الشديد,,,"강렬한, 심한",,,Top3000,
2050,الصف,,,"학년, 줄, 반",,,Top3000,
2051,الصيف,,,여름,,,Top3000,
2052,الطبيعة,,,자연,,,Top3000,
2053,الفتيات,,,소녀들,,,Top3000,
2054,القراءة,,,"읽기, 독서",,,Top3000,
2055,المبنى,,,건물,,,Top3000,
2056,المركزي,,,"중앙의, 중심의",,,Top3000,
2057,النشاط,,,활동,,,Top3000,
2058,بطل,,,"영웅, 챔피언",,,Top3000,
2059,بقوة,,,"강하게, 힘으로",,,Top3000,
2060,بلغت,,,도달했다,,,Top3000,
2061,تؤدي,,,"수행하다, 이끌다",,,Top3000,
2062,تابع,,,"계속하라, 추종자",,,Top3000,
2063,تبلغ,,,"이르다, 도달하다",,,Top3000,
2064,تدريب,,,"훈련, 연습",,,Top3000,
2065,تعتمد,,,"의존하다, 채택하다",,,Top3000,
2066,تفضل,,,"드세요, 어서 오세요",,,Top3000,
2067,توزيع,,,"배포, 분배",,,Top3000,
2068,خرج,,,나갔다,,,Top3000,
2069,زوجة,,,아내,,,Top3000,
2070,زي,,,"의상, 유니폼",,,Top3000,
2071,سهل,,,쉬운,,,Top3000,
2072,ضغط,,,"압력, 누르다",,,Top3000,
2073,عثمان,,,우스만(인명),,,Top3000,
2074,عرب,,,아랍인들,,,Top3000,
2075,عرف,,,알았다,,,Top3000,
2076,علامة,,,"표시, 신호, 점수",,,Top3000,
2077,عناصر,,,"요소들, 성분들",,,Top3000,
2078,عنده,,,그에게 있다,,,Top3000,
2079,فأنت,,,그래서 너는,,,Top3000,
2080,فعله,,,그것을 하다,,,Top3000,
2081,كولومبيا,,,콜롬비아,,,Top3000,
2082,لتحقيق,,,달성하기 위해,,,Top3000,
2083,مجتمع,,,"사회, 공동체",,,Top3000,
2084,مضى,,,지나갔다,,,Top3000,
2085,منظمات,,,"조직들, 기구들",,,Top3000,
2086,نجم,,,"별, 스타",,,Top3000,
2087,وإلى,,,그리고 ~로,,,Top3000,
2088,وضعت,,,내가 두었다,,,Top3000,
2089,يفعل,,,하다,,,Top3000,
2090,يلعب,,,"놀다, 경기하다",,,Top3000,
2091,آمن,,,"안전한, 믿었다",,,Top3000,
2092,أخر,,,"다른, 마지막",,,Top3000,
2093,أمرا,,,"일, 사안(목적격)",,,Top3000,
2094,اجتماع,,,"회의, 모임",,,Top3000,
2095,الأدب,,,"문학, 예절",,,Top3000,
2096,الأمة,,,"민족, 움마",,,Top3000,
2097,التعبير,,,표현,,,Top3000,
2098,الجو,,,"날씨, 분위기",,,Top3000,
2099,الروح,,,영혼,,,Top3000,
2100,الطيران,,,"비행, 항공",,,Top3000,
2101,الغربي,,,"서쪽의, 서양의",,,Top3000,
2102,اللبناني,,,레바논의,,,Top3000,
2103,المحيط,,,"바다, 대양",,,Top3000,
2104,الملكة,,,여왕,,,Top3000,
2105,المناسب,,,"적절한, 알맞은",,,Top3000,
2106,الواقعة,,,"위치한, 사건",,,Top3000,
2107,بأنهم,,,그들이 ~라고,,,Top3000,
2108,بقي,,,남았다,,,Top3000,
2109,بقيادة,,,~의 지휘 하에,,,Top3000,
2110,تحميل,,,"다운로드, 적재",,,Top3000,
2111,ثمانية,,,"여덟, 8",,,Top3000,
2112,ج,,,"권(卷), ج 글자",,,Top3000,
2113,جرائم,,,범죄들,,,Top3000,
2114,جو,,,"조, 분위기",,,Top3000,
2115,حرية,,,자유,,,Top3000,
2116,دخلت,,,들어갔다,,,Top3000,
2117,زالت,,,"여전히, 사라졌다",,,Top3000,
2118,س,,,미래 접두사 (~할 것이다),,,Top3000,
2119,صعب,,,어려운,,,Top3000,
2120,صفحات,,,페이지들,,,Top3000,
2121,عددا,,,"수, 다수(목적격)",,,Top3000,
2122,فأنا,,,그래서 나는,,,Top3000,
2123,فضلك,,,"제발, 부탁",,,Top3000,
2124,فن,,,예술,,,Top3000,
2125,فيصل,,,파이살(인명),,,Top3000,
2126,قادة,,,지도자들,,,Top3000,
2127,قادر,,,"할 수 있는, 능력 있는",,,Top3000,
2128,للناس,,,사람들에게,,,Top3000,
2129,مايكل,,,마이클,,,Top3000,
2130,مجانا,,,무료로,,,Top3000,
2131,مره,,,한 번,,,Top3000,
2132,وحده,,,그 혼자,,,Top3000,
2133,وسوف,,,그리고 ~할 것이다,,,Top3000,
2134,ولهذا,,,"그래서, 이 때문에",,,Top3000,
2135,وهكذا,,,"그렇게, 이렇게",,,Top3000,
2136,by,,,by(영어),,,Top3000,
2137,on,,,on(영어),,,Top3000,
2138,آثار,,,"흔적, 유물",,,Top3000,
2139,أرسل,,,"보내다, 보냈다",,,Top3000,
2140,أشعر,,,느끼다,,,Top3000,
2141,الأسباب,,,"이유들, 원인들",,,Top3000,
2142,التركي,,,터키의,,,Top3000,
2143,التقدم,,,"진보, 발전",,,Top3000,
2144,الثامنة,,,여덟 번째(여성형),,,Top3000,
2145,الثلاثاء,,,화요일,,,Top3000,
2146,الجنود,,,군인들,,,Top3000,
2147,الحديد,,,철(鐵); 알 후다이다(지명),,,Top3000,
2148,الحل,,,"해결책, 해답",,,Top3000,
2149,الحمد,,,"찬양, 감사 (알라께)",,,Top3000,
2150,الداخلي,,,"내부의, 국내의",,,Top3000,
2151,السينما,,,"영화, 영화관",,,Top3000,
2152,الشاعر,,,시인,,,Top3000,
2153,الشيعة,,,시아파,,,Top3000,
2154,الصحراء,,,사막,,,Top3000,
2155,القدر,,,"운명, 양",,,Top3000,
2156,الكون,,,우주,,,Top3000,
2157,المؤمنين,,,신자들,,,Top3000,
2158,المشاريع,,,"프로젝트들, 사업들",,,Top3000,
2159,امام,,,앞에,,,Top3000,
2160,انتشار,,,"확산, 전파",,,Top3000,
2161,بالتأكيد,,,확실히,,,Top3000,
2162,بعدم,,,"~없이, ~하지 않음으로",,,Top3000,
2163,بمثابة,,,"~와 같은, ~로서",,,Top3000,
2164,تبين,,,"드러나다, 명백해지다",,,Top3000,
2165,تزيد,,,"증가하다, 넘다",,,Top3000,
2166,تساعد,,,도와주다,,,Top3000,
2167,تشكيل,,,"구성, 형성",,,Top3000,
2168,تشمل,,,포함하다,,,Top3000,
2169,تعزيز,,,"강화, 증진",,,Top3000,
2170,تلقى,,,받다,,,Top3000,
2171,تواصل,,,"계속하다, 소통",,,Top3000,
2172,جنس,,,"성, 성별, 종류",,,Top3000,
2173,رضي,,,"만족하다, 흡족해하다",,,Top3000,
2174,سبع,,,일곱,,,Top3000,
2175,سرعة,,,"속도, 빠르기",,,Top3000,
2176,فحسب,,,"단지, 오직",,,Top3000,
2177,فشل,,,실패,,,Top3000,
2178,قادرة,,,할 수 있는 (여성형),,,Top3000,
2179,قدرة,,,"능력, 역량",,,Top3000,
2180,قطعة,,,조각,,,Top3000,
2181,قوى,,,"힘, 강한",,,Top3000,
2182,مراقبة,,,"감시, 관찰",,,Top3000,
2183,مرتين,,,두 번,,,Top3000,
2184,مزيد,,,더 많은,,,Top3000,
2185,مسابقة,,,"경쟁, 시합",,,Top3000,
2186,معدل,,,"평균, 비율",,,Top3000,
2187,يشكل,,,"구성하다, 형성하다",,,Top3000,
2188,أخذت,,,내가 가져갔다,,,Top3000,
2189,أعني,,,의미하다,,,Top3000,
2190,اتفاقية,,,"협정, 조약",,,Top3000,
2191,احمد,,,아흐마드(인명),,,Top3000,
2192,الأمراض,,,질병들,,,Top3000,
2193,الجميل,,,아름다운,,,Top3000,
2194,الحملة,,,"캠페인, 운동",,,Top3000,
2195,الدراسات,,,"연구들, 학문들",,,Top3000,
2196,العشرين,,,"20, 20번째",,,Top3000,
2197,الفعل,,,"행동, 동사",,,Top3000,
2198,القطاع,,,"부문, 섹터",,,Top3000,
2199,اللاعب,,,선수,,,Top3000,
2200,انتهاء,,,"종료, 끝남",,,Top3000,
2201,ببعض,,,일부와 함께,,,Top3000,
2202,تحسين,,,"개선, 향상",,,Top3000,
2203,تفعل,,,하다,,,Top3000,
2204,توفر,,,"제공하다, 이용 가능하다",,,Top3000,
2205,خلفية,,,배경,,,Top3000,
2206,سالم,,,"살림(인명), 안전한",,,Top3000,
2207,سلطان,,,"술탄, 권력",,,Top3000,
2208,سورة,,,수라(쿠란의 장),,,Top3000,
2209,شاء,,,"원하다, 뜻하다",,,Top3000,
2210,ظروف,,,"상황, 환경",,,Top3000,
2211,غيره,,,"다른 것, 그 외",,,Top3000,
2212,فاز,,,"이겼다, 승리했다",,,Top3000,
2213,قواعد,,,"규칙들, 기지들",,,Top3000,
2214,قوانين,,,"법률들, 규칙들",,,Top3000,
2215,كتبت,,,썼다,,,Top3000,
2216,كمية,,,"양, 수량",,,Top3000,
2217,لتكون,,,~이 되기 위해,,,Top3000,
2218,ماري,,,메리 (이름),,,Top3000,
2219,مباريات,,,"경기들, 시합들",,,Top3000,
2220,مقابلة,,,"인터뷰, 만남",,,Top3000,
2221,منح,,,"수여, 부여",,,Top3000,
2222,نقول,,,우리가 말하다,,,Top3000,
2223,أجزاء,,,"부분들, 파트들",,,Top3000,
2224,أزمة,,,위기,,,Top3000,
2225,أمين,,,"아민(인명), 신뢰할 수 있는",,,Top3000,
2226,أنتم,,,너희들,,,Top3000,
2227,ابو,,,아부(~의 아버지),,,Top3000,
2228,اتخاذ,,,"취함, 채택",,,Top3000,
2229,اقول,,,내가 말하다,,,Top3000,
2230,الأصلية,,,"원래의, 원본의",,,Top3000,
2231,الإتصال,,,"연락, 통신",,,Top3000,
2232,الاجتماع,,,"회의, 모임",,,Top3000,
2233,الامر,,,"일, 문제",,,Top3000,
2234,البلدة,,,"마을, 도시",,,Top3000,
2235,البنك,,,은행,,,Top3000,
2236,التركيز,,,"집중, 농도",,,Top3000,
2237,التغيير,,,변화,,,Top3000,
2238,الثامن,,,"여덟 번째, 8번째",,,Top3000,
2239,الجامعات,,,대학교들,,,Top3000,
2240,الحج,,,"성지순례, 핫즈",,,Top3000,
2241,الرد,,,"응답, 반응",,,Top3000,
2242,السن,,,"나이, 이(齒)",,,Top3000,
2243,الفنان,,,"예술가, 연예인",,,Top3000,
2244,المغربي,,,모로코의,,,Top3000,
2245,بفضل,,,~덕분에,,,Top3000,
2246,بنك,,,은행,,,Top3000,
2247,بوك,,,부크(페이스북 등),,,Top3000,
2248,تحصل,,,"얻다, 받다",,,Top3000,
2249,تستحق,,,받을 가치가 있다,,,Top3000,
2250,تقدر,,,"할 수 있다, 추정되다",,,Top3000,
2251,حلقة,,,"에피소드, 고리",,,Top3000,
2252,سابقة,,,"이전의, 전례",,,Top3000,
2253,شعار,,,"슬로건, 로고",,,Top3000,
2254,ضرب,,,"때리다, 곱하기",,,Top3000,
2255,ضوء,,,빛,,,Top3000,
2256,عروض,,,"제안들, 공연들",,,Top3000,
2257,عكس,,,"반대, 거꾸로",,,Top3000,
2258,علما,,,"알림, 지식(목적격)",,,Top3000,
2259,فإنها,,,그래서 그녀는/그것은,,,Top3000,
2260,قديمة,,,오래된 (여성형),,,Top3000,
2261,قمت,,,"했다, 일어났다",,,Top3000,
2262,قيل,,,말해졌다,,,Top3000,
2263,كاتب,,,"작가, 저자",,,Top3000,
2264,كبار,,,"큰 사람들, 어른들",,,Top3000,
2265,لأنهم,,,그들이 ~ 때문에,,,Top3000,
2266,ليكون,,,~이 되기 위해,,,Top3000,
2267,مراكز,,,"센터들, 중심지들",,,Top3000,
2268,منتخب,,,"대표팀, 선발된",,,Top3000,
2269,موسم,,,"시즌, 계절",,,Top3000,
2270,نجاح,,,성공,,,Top3000,
2271,وأكثر,,,그리고 더 많이,,,Top3000,
2272,وانت,,,그리고 너,,,Top3000,
2273,وعدد,,,그리고 다수,,,Top3000,
2274,ولذلك,,,"그래서, 그러므로",,,Top3000,
2275,ينظر,,,"보다, 바라보다",,,Top3000,
2276,آدم,,,아담(이름),,,Top3000,
2277,آي,,,아이 (글자/감탄사),,,Top3000,
2278,أصول,,,"자산들, 기원들",,,Top3000,
2279,أكتب,,,나는 쓴다,,,Top3000,
2280,أولى,,,"첫 번째의, 더 우선하는",,,Top3000,
2281,إصدار,,,"발행, 출시",,,Top3000,
2282,إنسان,,,"인간, 사람",,,Top3000,
2283,اتصال,,,"연결, 통화",,,Top3000,
2284,الأسئلة,,,질문들,,,Top3000,
2285,الألم,,,"고통, 아픔",,,Top3000,
2286,الإجراءات,,,"절차들, 조치들",,,Top3000,
2287,الإيمان,,,"신앙, 믿음",,,Top3000,
2288,الجمال,,,"아름다움, 낙타들",,,Top3000,
2289,الحظ,,,행운,,,Top3000,
2290,الحماية,,,보호,,,Top3000,
2291,الحين,,,"지금, 이때",,,Top3000,
2292,الرحلة,,,"여행, 비행",,,Top3000,
2293,السادسة,,,여섯 번째 (여성형),,,Top3000,
2294,الصحف,,,신문들,,,Top3000,
2295,العالي,,,"높은, 고등의",,,Top3000,
2296,القصر,,,궁전,,,Top3000,
2297,المجموعات,,,"그룹들, 세트들",,,Top3000,
2298,المسلسل,,,"드라마, 연속극",,,Top3000,
2299,الملابس,,,"옷, 의류",,,Top3000,
2300,النجاح,,,성공,,,Top3000,
2301,النيل,,,나일강,,,Top3000,
2302,اليمين,,,"오른쪽, 맹세",,,Top3000,
2303,اليومية,,,"일상의, 일간의",,,Top3000,
2304,اننا,,,우리가,,,Top3000,
2305,بالعمل,,,"일에, 일로",,,Top3000,
2306,بحرية,,,"해군, 바다의",,,Top3000,
2307,بطاقة,,,카드,,,Top3000,
2308,بوجود,,,"~의 존재로, ~이 있는",,,Top3000,
2309,تطور,,,"발전, 진화",,,Top3000,
2310,تعليم,,,교육,,,Top3000,
2311,جيمس,,,제임스(이름),,,Top3000,
2312,حقق,,,"달성하다, 실현하다",,,Top3000,
2313,حماس,,,하마스; 열정,,,Top3000,
2314,خان,,,칸(인명/칭호); 배신했다,,,Top3000,
2315,ذوي,,,~을 가진 사람들,,,Top3000,
2316,رسمية,,,공식적인,,,Top3000,
2317,شهدت,,,"목격했다, 증언했다",,,Top3000,
2318,طالما,,,"~하는 한, ~인 이상",,,Top3000,
2319,عندها,,,"그때, 그녀에게",,,Top3000,
2320,ف,,,그래서(접속사),,,Top3000,
2321,فرض,,,"부과하다, 의무",,,Top3000,
2322,فندق,,,호텔,,,Top3000,
2323,قوله,,,그것을 말하기,,,Top3000,
2324,كلهم,,,그들 모두,,,Top3000,
2325,للأسف,,,유감스럽게도,,,Top3000,
2326,ماهو,,,그것은 무엇인가,,,Top3000,
2327,مشاريع,,,"프로젝트들, 사업들",,,Top3000,
2328,ملعب,,,"경기장, 운동장",,,Top3000,
2329,ميل,,,"마일, 기울기",,,Top3000,
2330,نار,,,불,,,Top3000,
2331,ناس,,,사람들,,,Top3000,
2332,نصر,,,"승리, 원조",,,Top3000,
2333,وأما,,,~에 관해서는,,,Top3000,
2334,والدي,,,나의 아버지,,,Top3000,
2335,والعمل,,,"그리고 일, 그리고 작업",,,Top3000,
2336,وبعدها,,,그리고 그 후에,,,Top3000,
2337,وظيفة,,,"직업, 일자리",,,Top3000,
2338,ونصف,,,그리고 절반,,,Top3000,
2339,يخرج,,,나가다,,,Top3000,
2340,يدي,,,나의 손,,,Top3000,
2341,يعاني,,,고통받다,,,Top3000,
2342,أشكال,,,"형태들, 모양들",,,Top3000,
2343,استمرار,,,"지속, 계속",,,Top3000,
2344,الأفكار,,,"생각들, 아이디어들",,,Top3000,
2345,الأهلية,,,"자격, 민간의",,,Top3000,
2346,الثلاث,,,세 개의 (여성형),,,Top3000,
2347,الجنرال,,,장군,,,Top3000,
2348,الحجر,,,"돌, 격리",,,Top3000,
2349,الحرة,,,자유로운(여성),,,Top3000,
2350,الخارجي,,,"외부의, 대외의",,,Top3000,
2351,الخطأ,,,"실수, 오류",,,Top3000,
2352,السريع,,,빠른,,,Top3000,
2353,السير,,,"걷기, 진행",,,Top3000,
2354,الصدر,,,가슴,,,Top3000,
2355,الطائرات,,,비행기들,,,Top3000,
2356,القائم,,,"현존하는, 책임자",,,Top3000,
2357,الكامل,,,"완전한, 전체의",,,Top3000,
2358,المستخدم,,,"사용자, 사용되는",,,Top3000,
2359,المعروفة,,,"알려진, 유명한",,,Top3000,
2360,المقدس,,,신성한,,,Top3000,
2361,الملعب,,,경기장,,,Top3000,
2362,النصر,,,승리; 알 나스르(팀),,,Top3000,
2363,الوزارة,,,"부처, 장관직",,,Top3000,
2364,الوزير,,,장관,,,Top3000,
2365,انتهى,,,"끝나다, 종료되다",,,Top3000,
2366,بارك,,,축복하다,,,Top3000,
2367,بريطانيا,,,영국,,,Top3000,
2368,بمناسبة,,,~의 기회에,,,Top3000,
2369,تتضمن,,,포함하다,,,Top3000,
2370,تلعب,,,"놀다, 연주하다 (현재형)",,,Top3000,
2371,جرى,,,"일어났다, 달렸다",,,Top3000,
2372,حلم,,,꿈,,,Top3000,
2373,رسم,,,"그림, 수수료",,,Top3000,
2374,سريع,,,빠른,,,Top3000,
2375,سلطة,,,"권력, 샐러드",,,Top3000,
2376,صحفي,,,"기자, 언론의",,,Top3000,
2377,عادي,,,"보통의, 평범한",,,Top3000,
2378,فرقة,,,"그룹, 밴드, 부대",,,Top3000,
2379,فلما,,,그리고 ~했을 때,,,Top3000,
2380,لدرجة,,,~정도까지,,,Top3000,
2381,للأطفال,,,아이들을 위한,,,Top3000,
2382,لون,,,색깔,,,Top3000,
2383,مدرب,,,"감독, 코치",,,Top3000,
2384,مقالات,,,"기사들, 글들",,,Top3000,
2385,مناسبة,,,"행사, 적절한",,,Top3000,
2386,نقوم,,,우리는 하다,,,Top3000,
2387,والآن,,,그리고 지금,,,Top3000,
2388,وكما,,,그리고 ~처럼,,,Top3000,
2389,ولدت,,,태어났다,,,Top3000,
2390,يدعو,,,"부르다, 요청하다",,,Top3000,
2391,يرجع,,,"돌아가다, ~에 기인하다",,,Top3000,
2392,يعملون,,,그들은 일한다,,,Top3000,
2393,ينتهي,,,끝나다,,,Top3000,
2394,أدت,,,"수행했다, 이끌었다",,,Top3000,
2395,أعظم,,,가장 위대한,,,Top3000,
2396,إليهم,,,그들에게,,,Top3000,
2397,ابي,,,내 아버지,,,Top3000,
2398,اسمك,,,네 이름,,,Top3000,
2399,اكبر,,,더 큰,,,Top3000,
2400,الآثار,,,"유적들, 영향들",,,Top3000,
2401,الألمانية,,,"독일의, 독일어",,,Top3000,
2402,الإسبانية,,,"스페인의, 스페인어",,,Top3000,
2403,البطولة,,,"챔피언십, 대회",,,Top3000,
2404,الترجمة,,,번역,,,Top3000,
2405,الدورة,,,"회기, 순환",,,Top3000,
2406,الشخصيات,,,"인물들, 캐릭터들",,,Top3000,
2407,الفلسطينيين,,,팔레스타인인들,,,Top3000,
2408,المتوقع,,,예상되는,,,Top3000,
2409,المحافظة,,,"주(州), 보존",,,Top3000,
2410,المريض,,,환자,,,Top3000,
2411,المفترض,,,"예상되는, ~해야 하는",,,Top3000,
2412,النجوم,,,별들,,,Top3000,
2413,النمو,,,성장,,,Top3000,
2414,الهجرة,,,"이주, 이민, 히즈라",,,Top3000,
2415,بالتعاون,,,협력하여,,,Top3000,
2416,بسهولة,,,쉽게,,,Top3000,
2417,بيد,,,"그러나, 손으로",,,Top3000,
2418,تأخذ,,,가져가다 (2인칭/3인칭여성),,,Top3000,
2419,تتعلق,,,~와 관련되다,,,Top3000,
2420,تعال,,,오다,,,Top3000,
2421,تعديل,,,"수정, 조정",,,Top3000,
2422,ذكرى,,,"기억, 추억",,,Top3000,
2423,ساحة,,,"광장, 마당",,,Top3000,
2424,سارة,,,사라 (이름),,,Top3000,
2425,سجن,,,감옥,,,Top3000,
2426,سيف,,,"검, 사이프(인명)",,,Top3000,
2427,شعبية,,,"인기, 대중적인",,,Top3000,
2428,طبيعة,,,"자연, 본성",,,Top3000,
2429,طلاب,,,학생들,,,Top3000,
2430,عادل,,,"공정한, 아델(이름)",,,Top3000,
2431,عسكري,,,"군사의, 군인",,,Top3000,
2432,عصر,,,"시대, 오후",,,Top3000,
2433,فارس,,,"기사, 페르시아",,,Top3000,
2434,قاموا,,,"그들은 했다, 일어났다",,,Top3000,
2435,لتلك,,,저것에 (여성형),,,Top3000,
2436,للأمم,,,국가들을 위한,,,Top3000,
2437,مئات,,,수백,,,Top3000,
2438,معهد,,,"연구소, 학원",,,Top3000,
2439,مقاطع,,,"클립들, 구절들",,,Top3000,
2440,نحتاج,,,필요하다,,,Top3000,
2441,والده,,,그의 아버지,,,Top3000,
2442,ويتم,,,그리고 이루어지다,,,Top3000,
2443,آلة,,,"기계, 도구",,,Top3000,
2444,أطلقت,,,"발사했다, 풀어주었다",,,Top3000,
2445,إرسال,,,"보내기, 전송",,,Top3000,
2446,إعداد,,,"준비, 작성",,,Top3000,
2447,الأب,,,아버지,,,Top3000,
2448,الأربعة,,,넷,,,Top3000,
2449,الأصل,,,"기원, 원본",,,Top3000,
2450,الحسين,,,알 후세인(인명),,,Top3000,
2451,الحضور,,,"출석, 참석",,,Top3000,
2452,الحمراء,,,붉은 (여성),,,Top3000,
2453,الحوثيين,,,후티 반군,,,Top3000,
2454,السابعة,,,일곱 번째(여성),,,Top3000,
2455,الصحي,,,"건강의, 보건의",,,Top3000,
2456,العاملين,,,"노동자들, 종사자들",,,Top3000,
2457,القليل,,,"적은, 조금",,,Top3000,
2458,القيم,,,가치들,,,Top3000,
2459,اللازمة,,,필요한,,,Top3000,
2460,المرور,,,"통과, 교통",,,Top3000,
2461,اليد,,,손,,,Top3000,
2462,تسمى,,,~라고 불리다,,,Top3000,
2463,تعرضت,,,"당했다, 노출되었다",,,Top3000,
2464,خليفة,,,"칼리프, 후계자",,,Top3000,
2465,دولية,,,국제의,,,Top3000,
2466,رجلا,,,한 남자,,,Top3000,
2467,رحمة,,,"자비, 라흐마",,,Top3000,
2468,رسائل,,,"편지들, 메시지들",,,Top3000,
2469,ست,,,"여섯, 부인",,,Top3000,
2470,صار,,,~이 되었다,,,Top3000,
2471,طبيب,,,의사,,,Top3000,
2472,طبيعية,,,자연스러운 (여성),,,Top3000,
2473,عدا,,,~을 제외하고,,,Top3000,
2474,عمرها,,,그녀의 나이,,,Top3000,
2475,عندنا,,,우리에게 있다,,,Top3000,
2476,غاية,,,"목적, 매우",,,Top3000,
2477,قصر,,,"궁전, 짧게 하다",,,Top3000,
2478,قصير,,,짧은,,,Top3000,
2479,لدعم,,,지원하기 위해,,,Top3000,
2480,لعدم,,,~하지 않음 때문에,,,Top3000,
2481,لمعرفة,,,알기 위해,,,Top3000,
2482,مال,,,"돈, 재산",,,Top3000,
2483,مثيرة,,,"흥미로운(여), 자극적인",,,Top3000,
2484,مرحبا,,,안녕하세요,,,Top3000,
2485,مقطع,,,"클립, 구절",,,Top3000,
2486,ملابس,,,"옷, 의복",,,Top3000,
2487,نوعا,,,"일종의, 종류",,,Top3000,
2488,وأضاف,,,그리고 덧붙였다,,,Top3000,
2489,والسلام,,,그리고 평화,,,Top3000,
2490,وجهه,,,그의 얼굴,,,Top3000,
2491,وحسب,,,"단지, ~뿐",,,Top3000,
2492,ولما,,,그리고 ~했을 때,,,Top3000,
2493,وهما,,,그리고 그 둘은,,,Top3000,
2494,وهنا,,,그리고 여기,,,Top3000,
2495,ويجب,,,그리고 ~해야 한다,,,Top3000,
2496,يرد,,,그가 응답하다,,,Top3000,
2497,يوتيوب,,,유튜브,,,Top3000,
2498,for,,,for(영어),,,Top3000,
2499,°,,,도(度) 기호,,,Top3000,
2500,آية,,,"쿠란 구절, 징표",,,Top3000,
2501,أطول,,,"더 긴, 더 키 큰",,,Top3000,
2502,أكد,,,"확인했다, 강조했다",,,Top3000,
2503,أمور,,,"일들, 사항들",,,Top3000,
2504,إجراءات,,,"절차들, 조치들",,,Top3000,
2505,إسبانيا,,,스페인,,,Top3000,
2506,إله,,,신,,,Top3000,
2507,ابدا,,,"결코, 절대",,,Top3000,
2508,الأجهزة,,,"장치들, 기관들",,,Top3000,
2509,الأساسي,,,"기본의, 기초의",,,Top3000,
2510,الارض,,,"땅, 지구",,,Top3000,
2511,الجبهة,,,"전선(前線), 전면",,,Top3000,
2512,الجيل,,,세대,,,Top3000,
2513,الحدث,,,"사건, 이벤트",,,Top3000,
2514,السرعة,,,속도,,,Top3000,
2515,الطلب,,,"요청, 주문",,,Top3000,
2516,العدو,,,적,,,Top3000,
2517,الف,,,천 (1000),,,Top3000,
2518,الفكر,,,"사상, 생각",,,Top3000,
2519,الفني,,,"예술의, 기술의",,,Top3000,
2520,المرضى,,,환자들,,,Top3000,
2521,المناسبة,,,"행사, 적절한",,,Top3000,
2522,النهار,,,낮,,,Top3000,
2523,الهلال,,,초승달; 알 힐랄(팀),,,Top3000,
2524,الوعي,,,"의식, 인식",,,Top3000,
2525,بضعة,,,몇몇의,,,Top3000,
2526,بموجب,,,~에 따라,,,Top3000,
2527,بنفسه,,,그 자신이 직접,,,Top3000,
2528,بيتر,,,피터 (이름),,,Top3000,
2529,تشغيل,,,"작동, 켜기",,,Top3000,
2530,تصريح,,,"허가, 진술",,,Top3000,
2531,تضم,,,"포함하다, 껴안다",,,Top3000,
2532,تعريف,,,"정의(定義), 소개",,,Top3000,
2533,جبل,,,산,,,Top3000,
2534,جعلت,,,"만들었다, ~하게 했다",,,Top3000,
2535,حياتها,,,그녀의 삶,,,Top3000,
2536,رحمه,,,그에게 자비를,,,Top3000,
2537,زاد,,,"증가했다, 늘었다",,,Top3000,
2538,زواج,,,결혼,,,Top3000,
2539,شاركت,,,참여했다,,,Top3000,
2540,شديدة,,,"강한, 심한(여성형)",,,Top3000,
2541,شعرت,,,내가 느꼈다,,,Top3000,
2542,عالمية,,,"세계의, 국제적인",,,Top3000,
2543,عيسى,,,"이사(예수), 인명",,,Top3000,
2544,فئة,,,"카테고리, 계층",,,Top3000,
2545,قضاء,,,"보내기, 사법",,,Top3000,
2546,كافية,,,충분한 (여성형),,,Top3000,
2547,محددة,,,"특정한, 정해진",,,Top3000,
2548,محلية,,,"지역의, 현지의",,,Top3000,
2549,وأصبح,,,그리고 ~이 되었다,,,Top3000,
2550,والعشرين,,,그리고 20,,,Top3000,
2551,يتكلم,,,말하다,,,Top3000,
2552,يحيى,,,야흐야(인명),,,Top3000,
2553,يقل,,,"줄어들다, 말하다",,,Top3000,
2554,أصدقاء,,,친구들,,,Top3000,
2555,إفريقيا,,,아프리카,,,Top3000,
2556,إننا,,,우리는 정말로,,,Top3000,
2557,اتفاق,,,"합의, 협정",,,Top3000,
2558,الأربعاء,,,수요일,,,Top3000,
2559,الأردنية,,,요르단의,,,Top3000,
2560,الأطباء,,,의사들,,,Top3000,
2561,الأفريقية,,,아프리카의,,,Top3000,
2562,البلدين,,,두 나라,,,Top3000,
2563,البيان,,,"성명, 발표",,,Top3000,
2564,التجربة,,,"경험, 실험",,,Top3000,
2565,التربية,,,"교육, 양육",,,Top3000,
2566,التعرف,,,"알아보기, 인식",,,Top3000,
2567,الحساب,,,"계산, 계좌",,,Top3000,
2568,الرسائل,,,"편지들, 메시지들",,,Top3000,
2569,السعادة,,,행복,,,Top3000,
2570,الغرفة,,,방,,,Top3000,
2571,اللاجئين,,,난민들,,,Top3000,
2572,اللغات,,,언어들,,,Top3000,
2573,المسلمون,,,무슬림들,,,Top3000,
2574,المصريين,,,이집트인들,,,Top3000,
2575,الموارد,,,자원들,,,Top3000,
2576,الموافقة,,,"동의, 승인",,,Top3000,
2577,باكستان,,,파키스탄,,,Top3000,
2578,بدر,,,바드르(보름달/지명),,,Top3000,
2579,بكر,,,"바크르(인명), 이른",,,Top3000,
2580,بمجرد,,,~하자마자,,,Top3000,
2581,بيل,,,빌 (이름),,,Top3000,
2582,تداول,,,"거래, 유통",,,Top3000,
2583,تفسير,,,"해석, 설명",,,Top3000,
2584,تقارير,,,보고서들,,,Top3000,
2585,تقدير,,,"평가, 존중",,,Top3000,
2586,تمكنت,,,~할 수 있었다,,,Top3000,
2587,تهدف,,,목표로 하다,,,Top3000,
2588,جيل,,,세대,,,Top3000,
2589,حفظ,,,"보존, 암기",,,Top3000,
2590,خطوط,,,"선들, 노선들",,,Top3000,
2591,ذهبت,,,갔다,,,Top3000,
2592,رأى,,,그가 보았다,,,Top3000,
2593,زعيم,,,"지도자, 우두머리",,,Top3000,
2594,سر,,,"비밀, 가라",,,Top3000,
2595,سطح,,,"표면, 옥상",,,Top3000,
2596,سفر,,,여행,,,Top3000,
2597,سيئة,,,나쁘다,,,Top3000,
2598,شخصيا,,,개인적으로,,,Top3000,
2599,صعبة,,,"어려운, 힘든",,,Top3000,
2600,طب,,,의학,,,Top3000,
2601,طهران,,,테헤란,,,Top3000,
2602,عشرات,,,수십,,,Top3000,
2603,كتابه,,,그의 책,,,Top3000,
2604,لحماية,,,보호하기 위해,,,Top3000,
2605,مارك,,,마크(이름),,,Top3000,
2606,مشاعر,,,"감정, 느낌",,,Top3000,
2607,منتجات,,,제품들,,,Top3000,
2608,منصور,,,"만수르(인명), 승리한",,,Top3000,
2609,منى,,,"나로부터, 무나(이름)",,,Top3000,
2610,مواطن,,,시민; 장소들,,,Top3000,
2611,نشاط,,,"활동, 활력",,,Top3000,
2612,وإنما,,,"오히려, 단지",,,Top3000,
2613,ورغم,,,그럼에도 불구하고,,,Top3000,
2614,وغيرهم,,,그리고 다른 이들,,,Top3000,
2615,وقام,,,"그리고 일어섰다, 수행했다",,,Top3000,
2616,يطلب,,,"요청하다, 주문하다",,,Top3000,
2617,يعرفون,,,그들은 안다,,,Top3000,
2618,يقف,,,"서다, 멈추다",,,Top3000,
2619,يمكنها,,,그녀는 할 수 있다,,,Top3000,
2620,أبطال,,,"영웅들, 챔피언들",,,Top3000,
2621,أردت,,,원했다,,,Top3000,
2622,إزالة,,,"제거, 삭제",,,Top3000,
2623,إسماعيل,,,이스마일(인명),,,Top3000,
2624,إياه,,,그를 (목적격),,,Top3000,
2625,الأصدقاء,,,친구들,,,Top3000,
2626,الأصليين,,,"원주민들, 원래의",,,Top3000,
2627,الإنتاج,,,"생산, 제작",,,Top3000,
2628,الاستخدام,,,"사용, 이용",,,Top3000,
2629,البشري,,,인간의,,,Top3000,
2630,التابع,,,"소속된, 종속된",,,Top3000,
2631,التصميم,,,"디자인, 설계",,,Top3000,
2632,التصويت,,,투표,,,Top3000,
2633,التلفزيون,,,텔레비전,,,Top3000,
2634,الثقة,,,"신뢰, 믿음",,,Top3000,
2635,الحادث,,,"사건, 사고",,,Top3000,
2636,الحمل,,,"임신, 양",,,Top3000,
2637,السنين,,,"세월, 연도들",,,Top3000,
2638,الشهيد,,,순교자,,,Top3000,
2639,الطوارئ,,,"비상사태, 응급",,,Top3000,
2640,الغذاء,,,"음식, 영양",,,Top3000,
2641,الغذائية,,,"식품의, 영양의",,,Top3000,
2642,الفرقة,,,"팀, 그룹",,,Top3000,
2643,المتوسط,,,"평균, 중간의, 지중해",,,Top3000,
2644,المجاورة,,,"인접한, 이웃의",,,Top3000,
2645,المخابرات,,,"정보부, 첩보",,,Top3000,
2646,المسؤول,,,"책임자, 담당자",,,Top3000,
2647,الموصل,,,모술(도시),,,Top3000,
2648,النصف,,,절반,,,Top3000,
2649,الوقود,,,연료,,,Top3000,
2650,الولاية,,,주(州),,,Top3000,
2651,تحويل,,,"전환, 송금",,,Top3000,
2652,تعتقد,,,생각하다,,,Top3000,
2653,تقف,,,"서다, 멈추다",,,Top3000,
2654,تنظيف,,,청소,,,Top3000,
2655,جلسة,,,"회의, 세션",,,Top3000,
2656,حادث,,,"사고, 사건",,,Top3000,
2657,حدثت,,,"일어났다, 발생했다",,,Top3000,
2658,حسنا,,,"좋아, 알았어",,,Top3000,
2659,رسمي,,,공식적인,,,Top3000,
2660,سحب,,,"끌다, 인출하다",,,Top3000,
2661,سلم,,,"사다리, 평화",,,Top3000,
2662,صعوبة,,,어려움,,,Top3000,
2663,صلاح,,,"살라흐(인명), 선함",,,Top3000,
2664,ضابط,,,"장교, 경관",,,Top3000,
2665,طارق,,,타리크(인명),,,Top3000,
2666,فرع,,,"지점, 가지",,,Top3000,
2667,فهد,,,"파흐드(인명), 치타",,,Top3000,
2668,كنتم,,,너희들은 ~이었다,,,Top3000,
2669,كوني,,,~이 되어라(여),,,Top3000,
2670,للوصول,,,도달하기 위해,,,Top3000,
2671,لوس,,,로스(LA의 일부),,,Top3000,
2672,مجاني,,,무료의,,,Top3000,
2673,مستحيل,,,불가능한,,,Top3000,
2674,معالجة,,,"처리, 치료",,,Top3000,
2675,مقدمة,,,"서문, 소개",,,Top3000,
2676,نعلم,,,우리는 안다,,,Top3000,
2677,نهائي,,,"최종의, 결승",,,Top3000,
2678,واقع,,,"현실, 실제",,,Top3000,
2679,وجهك,,,네 얼굴,,,Top3000,
2680,وقتها,,,"그때, 그녀의 시간",,,Top3000,
2681,ومنها,,,그리고 그중에서,,,Top3000,
2682,يبحث,,,"찾다, 검색하다",,,Top3000,
2683,يدفع,,,"지불하다, 밀다",,,Top3000,
2684,يعطي,,,주다,,,Top3000,
2685,أجمل,,,더 아름다운,,,Top3000,
2686,أخي,,,내 형제,,,Top3000,
2687,أدنى,,,"가장 낮은, 최소한",,,Top3000,
2688,أشار,,,"가리켰다, 언급했다",,,Top3000,
2689,أعوام,,,년들,,,Top3000,
2690,إثر,,,"~직후, 자취",,,Top3000,
2691,إضافية,,,추가의(여성형),,,Top3000,
2692,اجتماعية,,,사회적인,,,Top3000,
2693,استخدامها,,,그것의 사용,,,Top3000,
2694,البنوك,,,은행들,,,Top3000,
2695,التكنولوجيا,,,"기술, 테크놀로지",,,Top3000,
2696,الجولة,,,"라운드, 순회, 투어",,,Top3000,
2697,الديمقراطي,,,민주적인,,,Top3000,
2698,الرب,,,"주, 신",,,Top3000,
2699,الشخصي,,,개인적인,,,Top3000,
2700,الشوارع,,,거리들,,,Top3000,
2701,الصناعية,,,"산업의, 공업의",,,Top3000,
2702,الطويل,,,"긴, 장기적인",,,Top3000,
2703,المدى,,,"범위, 기간",,,Top3000,
2704,المرء,,,사람,,,Top3000,
2705,المراقبة,,,"감시, 관찰",,,Top3000,
2706,المقبل,,,다음의,,,Top3000,
2707,النهائية,,,"최종의, 결승의",,,Top3000,
2708,بابا,,,아빠,,,Top3000,
2709,بالرياض,,,리야드에서,,,Top3000,
2710,ببساطة,,,"단순히, 간단히",,,Top3000,
2711,بحلول,,,~까지(시점),,,Top3000,
2712,برج,,,"탑, 별자리",,,Top3000,
2713,تتبع,,,"추적하다, 따르다",,,Top3000,
2714,تدعى,,,불리다,,,Top3000,
2715,تدور,,,"돌다, 회전하다",,,Top3000,
2716,ترغب,,,"원하다, 바라다",,,Top3000,
2717,تسعة,,,"아홉, 9",,,Top3000,
2718,تعاني,,,고통받다,,,Top3000,
2719,تقبل,,,"받아들이다, 키스하다",,,Top3000,
2720,جاك,,,잭,,,Top3000,
2721,جولة,,,"투어, 한 바퀴",,,Top3000,
2722,حبيب,,,"연인, 사랑하는 사람",,,Top3000,
2723,خطيرة,,,위험한 (여성),,,Top3000,
2724,خيار,,,"선택, 옵션",,,Top3000,
2725,ده,,,이것 (이집트 방언),,,Top3000,
2726,رأي,,,"의견, 견해",,,Top3000,
2727,روابط,,,"유대, 연결, 링크",,,Top3000,
2728,زوج,,,"남편, 한 쌍",,,Top3000,
2729,زين,,,"좋은, 훌륭한",,,Top3000,
2730,سريعا,,,"빠르게, 신속히",,,Top3000,
2731,سيدة,,,"숙녀, 여사",,,Top3000,
2732,شرف,,,"명예, 영광",,,Top3000,
2733,شهد,,,"목격하다, 증언하다",,,Top3000,
2734,شهور,,,"개월들, 달들",,,Top3000,
2735,طويلا,,,"오래, 길게",,,Top3000,
2736,ظاهرة,,,현상,,,Top3000,
2737,عموما,,,일반적으로,,,Top3000,
2738,عنا,,,우리에 대해,,,Top3000,
2739,فرد,,,"개인, 한 사람",,,Top3000,
2740,قتلوا,,,그들이 죽였다,,,Top3000,
2741,كسر,,,"깨다, 부서뜨리다",,,Top3000,
2742,لانه,,,~ 때문에,,,Top3000,
2743,لى,,,나에게,,,Top3000,
2744,مريض,,,"환자, 아픈",,,Top3000,
2745,مساعد,,,"보조, 조수",,,Top3000,
2746,مستقبل,,,미래,,,Top3000,
2747,مسيرة,,,"행진, 여정, 경력",,,Top3000,
2748,معروفة,,,"알려진, 유명한",,,Top3000,
2749,مميزة,,,"특별한, 독특한 (여성형)",,,Top3000,
2750,موسيقى,,,음악,,,Top3000,
2751,هذة,,,이것 (여성),,,Top3000,
2752,والتعليم,,,그리고 교육,,,Top3000,
2753,وزراء,,,장관들,,,Top3000,
2754,يومي,,,"매일의, 일상의",,,Top3000,
2755,©,,,저작권 기호,,,Top3000,
2756,أدوات,,,"도구, 기구",,,Top3000,
2757,أواخر,,,"말기, 후반",,,Top3000,
2758,إلغاء,,,"취소, 철회",,,Top3000,
2759,اختبار,,,"시험, 테스트",,,Top3000,
2760,الأجنبية,,,외국의,,,Top3000,
2761,الأخضر,,,초록색의,,,Top3000,
2762,البيض,,,"계란, 흰색",,,Top3000,
2763,التدخل,,,"개입, 간섭",,,Top3000,
2764,الرواية,,,"소설, 이야기",,,Top3000,
2765,الرياضة,,,"스포츠, 운동",,,Top3000,
2766,السرطان,,,"암(질병), 게",,,Top3000,
2767,الشهداء,,,순교자들,,,Top3000,
2768,الصيني,,,"중국의, 중국인",,,Top3000,
2769,العالية,,,"높은, 고위의",,,Top3000,
2770,القصص,,,이야기들,,,Top3000,
2771,القواعد,,,"규칙들, 기지들",,,Top3000,
2772,الكلية,,,"대학, 신장",,,Top3000,
2773,المباشر,,,"직접적인, 생방송",,,Top3000,
2774,المجتمعات,,,"사회들, 공동체들",,,Top3000,
2775,المحتمل,,,"가능한, 있음직한",,,Top3000,
2776,المسرح,,,"극장, 무대",,,Top3000,
2777,المطار,,,공항,,,Top3000,
2778,اليونان,,,그리스,,,Top3000,
2779,انتم,,,너희들,,,Top3000,
2780,بالإنجليزية,,,영어로,,,Top3000,
2781,بعده,,,그 후에,,,Top3000,
2782,بعيدة,,,먼 (여성형),,,Top3000,
2783,تابعة,,,"소속된, 부속의",,,Top3000,
2784,تحدثت,,,내가/그녀가 말했다,,,Top3000,
2785,تختلف,,,"다르다, 차이나다",,,Top3000,
2786,ثمن,,,"가격, 값",,,Top3000,
2787,جبهة,,,"전선, 전면",,,Top3000,
2788,جراء,,,"~로 인해, 결과",,,Top3000,
2789,جنود,,,"군인들, 병사들",,,Top3000,
2790,دكتور,,,"박사, 의사",,,Top3000,
2791,رئاسة,,,"대통령직, 의장직",,,Top3000,
2792,رسوم,,,"그림, 수수료",,,Top3000,
2793,رضا,,,"만족, 동의",,,Top3000,
2794,سنين,,,"세월, 년",,,Top3000,
2795,صلة,,,"연결, 관계",,,Top3000,
2796,ضمان,,,"보장, 보증",,,Top3000,
2797,علاقات,,,관계들,,,Top3000,
2798,فجأة,,,갑자기,,,Top3000,
2799,فكر,,,"생각하다, 생각",,,Top3000,
2800,فلن,,,그래서 결코 ~하지 않을 것이다,,,Top3000,
2801,فهل,,,그러면 ~인가?,,,Top3000,
2802,كيلو,,,킬로,,,Top3000,
2803,لأنك,,,네가 ~때문에,,,Top3000,
2804,مازال,,,여전히,,,Top3000,
2805,مالية,,,"재정의, 금융의",,,Top3000,
2806,مسرح,,,"극장, 무대",,,Top3000,
2807,نجوم,,,"별들, 스타들",,,Top3000,
2808,نيسان,,,4월,,,Top3000,
2809,هنري,,,헨리 (이름),,,Top3000,
2810,ورئيس,,,그리고 대통령/의장,,,Top3000,
2811,يأخذ,,,"가져가다, 잡다",,,Top3000,
2812,يسبب,,,"야기하다, 일으키다",,,Top3000,
2813,يشبه,,,"닮다, 비슷하다",,,Top3000,
2814,ينتظر,,,기다리다,,,Top3000,
2815,يهتم,,,"관심을 가지다, 신경 쓰다",,,Top3000,
2816,أجد,,,내가 찾다,,,Top3000,
2817,أحسن,,,"더 좋은, 최고",,,Top3000,
2818,أسئلة,,,질문들,,,Top3000,
2819,أسرة,,,가족,,,Top3000,
2820,أصدر,,,"발행하다, 발표하다",,,Top3000,
2821,أقصى,,,"최대의, 최고의",,,Top3000,
2822,الإصابة,,,"부상, 감염",,,Top3000,
2823,البريطاني,,,영국의,,,Top3000,
2824,التأثير,,,"영향, 효과",,,Top3000,
2825,التنفيذي,,,"행정의, 집행의",,,Top3000,
2826,الديني,,,종교적인,,,Top3000,
2827,الربيع,,,봄,,,Top3000,
2828,السعر,,,가격,,,Top3000,
2829,السفينة,,,"배, 선박",,,Top3000,
2830,السماح,,,"허락, 허용",,,Top3000,
2831,السيسي,,,시시 (이집트 대통령),,,Top3000,
2832,الصمت,,,침묵,,,Top3000,
2833,الطلبة,,,학생들,,,Top3000,
2834,الغد,,,내일,,,Top3000,
2835,الكشف,,,"발견, 공개",,,Top3000,
2836,المطاف,,,"여정의 끝, 결국",,,Top3000,
2837,المناخ,,,"기후, 분위기",,,Top3000,
2838,المنتجات,,,제품들,,,Top3000,
2839,النور,,,빛,,,Top3000,
2840,ايام,,,"날들, 일들",,,Top3000,
2841,بدل,,,"대신에, 수당",,,Top3000,
2842,بوب,,,밥 (이름),,,Top3000,
2843,ت,,,타 (글자),,,Top3000,
2844,تجري,,,"달리다, 일어나다",,,Top3000,
2845,تطلب,,,"요청하다, 부탁하다",,,Top3000,
2846,تكتب,,,쓰다 (2인칭/3인칭여),,,Top3000,
2847,تمتلك,,,소유하다 (2인칭/3인칭여),,,Top3000,
2848,جنب,,,"옆, 측면",,,Top3000,
2849,جين,,,진 (이름),,,Top3000,
2850,حديقة,,,"정원, 공원",,,Top3000,
2851,خرجت,,,나갔다,,,Top3000,
2852,خطاب,,,"연설, 편지",,,Top3000,
2853,روما,,,로마,,,Top3000,
2854,سعر,,,가격,,,Top3000,
2855,عشان,,,~때문에 (구어),,,Top3000,
2856,قاله,,,그가 그것을 말한 것,,,Top3000,
2857,قلة,,,"부족, 소수",,,Top3000,
2858,كفر,,,"불신, 마을",,,Top3000,
2859,مؤسسات,,,"기관들, 기업들",,,Top3000,
2860,مائة,,,백 (100),,,Top3000,
2861,مثال,,,"예시, 본보기",,,Top3000,
2862,محدودة,,,제한된,,,Top3000,
2863,مرت,,,지나갔다,,,Top3000,
2864,مشتركة,,,"공동의, 공통의",,,Top3000,
2865,مكتبة,,,"도서관, 서점",,,Top3000,
2866,نموذج,,,"모델, 양식",,,Top3000,
2867,وإلا,,,그렇지 않으면,,,Top3000,
2868,ومنذ,,,그리고 ~이래로,,,Top3000,
2869,يؤثر,,,영향을 미치다,,,Top3000,
2870,يضم,,,"포함하다, 합치다",,,Top3000,
2871,يقومون,,,"그들이 한다, 일어나다",,,Top3000,
2872,أسود,,,"검은색, 사자",,,Top3000,
2873,ألعاب,,,"게임들, 놀이",,,Top3000,
2874,أليس,,,~이 아닙니까,,,Top3000,
2875,أوراق,,,"종이들, 서류",,,Top3000,
2876,إصابة,,,"부상, 감염",,,Top3000,
2877,إم,,,"엠(글자), 어머니",,,Top3000,
2878,الأمين,,,"사무총장, 신뢰할 수 있는",,,Top3000,
2879,الأهداف,,,"목표들, 골들",,,Top3000,
2880,الاتفاق,,,"합의, 협정",,,Top3000,
2881,التاسعة,,,"아홉 번째, 9시",,,Top3000,
2882,التحقيقات,,,"조사, 수사들",,,Top3000,
2883,التطبيق,,,"적용, 앱",,,Top3000,
2884,التونسية,,,튀니지의 (여성형),,,Top3000,
2885,الجلسة,,,"회의, 세션",,,Top3000,
2886,الجهة,,,"방향, 기관",,,Top3000,
2887,الجهود,,,노력들,,,Top3000,
2888,الدقيقة,,,"분, 정확한",,,Top3000,
2889,الرائع,,,"멋진, 훌륭한",,,Top3000,
2890,الرعاية,,,"돌봄, 후원",,,Top3000,
2891,السرية,,,"비밀의(여성형), 비밀",,,Top3000,
2892,الشرعية,,,"합법성, 정당성",,,Top3000,
2893,الشمالي,,,북쪽의,,,Top3000,
2894,الشهير,,,유명한,,,Top3000,
2895,الظهر,,,"정오, 등",,,Top3000,
2896,العائلات,,,가족들,,,Top3000,
2897,الفندق,,,호텔,,,Top3000,
2898,القرى,,,마을들,,,Top3000,
2899,المسؤولين,,,"관계자들, 책임자들",,,Top3000,
2900,المسلم,,,무슬림,,,Top3000,
2901,المشهد,,,장면,,,Top3000,
2902,النقطة,,,"점, 요점",,,Top3000,
2903,النووية,,,"핵의, 원자력의",,,Top3000,
2904,الوزن,,,"무게, 체중",,,Top3000,
2905,الوسط,,,"중앙, 중간",,,Top3000,
2906,اليسار,,,왼쪽,,,Top3000,
2907,انتي,,,"너 (여성, 구어)",,,Top3000,
2908,تؤثر,,,영향을 미치다,,,Top3000,
2909,تتوقف,,,멈추다 (현재형),,,Top3000,
2910,تدمير,,,파괴,,,Top3000,
2911,تصدر,,,"발행되다, 수출하다",,,Top3000,
2912,تعلمون,,,너희들이 안다,,,Top3000,
2913,جاي,,,"제이, 오는 중",,,Top3000,
2914,جهود,,,노력들,,,Top3000,
2915,حمد,,,"하마드 (이름), 찬양",,,Top3000,
2916,رئيسا,,,"대통령으로, 의장으로",,,Top3000,
2917,ربيع,,,봄,,,Top3000,
2918,سرية,,,비밀의 (여성),,,Top3000,
2919,شجرة,,,나무,,,Top3000,
2920,شمس,,,태양,,,Top3000,
2921,شو,,,무엇 (구어),,,Top3000,
2922,طبقا,,,~에 따라,,,Top3000,
2923,طبية,,,의료의,,,Top3000,
2924,عبدالعزيز,,,압둘아지즈 (이름),,,Top3000,
2925,علامات,,,"표시, 흔적, 점수",,,Top3000,
2926,غيرها,,,"그 외의 것, 기타",,,Top3000,
2927,فرص,,,기회들,,,Top3000,
2928,فوز,,,승리,,,Top3000,
2929,قرارات,,,결정들,,,Top3000,
2930,كندا,,,캐나다,,,Top3000,
2931,كونه,,,그가 ~이기 때문에,,,Top3000,
2932,لسنة,,,~년 동안,,,Top3000,
2933,لعدة,,,여러 ~동안,,,Top3000,
2934,للبحث,,,"찾기 위해, 검색을 위해",,,Top3000,
2935,للدولة,,,국가를 위한,,,Top3000,
2936,ماليزيا,,,말레이시아,,,Top3000,
2937,مثير,,,"흥미로운, 자극적인",,,Top3000,
2938,مسافة,,,거리,,,Top3000,
2939,مشترك,,,"공통의, 공유된",,,Top3000,
2940,مفتوحة,,,열린 (여성),,,Top3000,
2941,مقاومة,,,저항,,,Top3000,
2942,منصب,,,"직위, 자리",,,Top3000,
2943,ميلاد,,,"탄생, 생일",,,Top3000,
2944,نظم,,,"시스템, 조직하다",,,Top3000,
2945,وادي,,,"계곡, 와디",,,Top3000,
2946,وبذلك,,,그리고 이로써,,,Top3000,
2947,وتقول,,,그리고 그녀가 말한다,,,Top3000,
2948,وطنية,,,"국가의, 민족의",,,Top3000,
2949,يتضمن,,,포함하다,,,Top3000,
2950,يتطلب,,,필요로 하다,,,Top3000,
2951,يرغب,,,"원하다, 바라다",,,Top3000,
2952,يضع,,,"놓다, 두다",,,Top3000,
2953,يقرب,,,"가까워지다, 약 ~이다",,,Top3000,
2954,يمنع,,,"금지하다, 막다",,,Top3000,
2955,l,,,L (알파벳),,,Top3000,
2956,x,,,X (알파벳),,,Top3000,
2957,أحياء,,,"산 자들, 동네들",,,Top3000,
2958,أعد,,,"준비하다, 약속하다",,,Top3000,
2959,استخدمت,,,"사용되었다, 사용했다",,,Top3000,
2960,استمرت,,,계속되었다,,,Top3000,
2961,البلدية,,,"시의, 지방 자치의",,,Top3000,
2962,البنية,,,"구조, 기반",,,Top3000,
2963,التراث,,,"유산, 전통",,,Top3000,
2964,التونسي,,,튀니지의 (남성형),,,Top3000,
2965,الجماعة,,,"단체, 집단",,,Top3000,
2966,الخطر,,,위험,,,Top3000,
2967,الخطوة,,,"걸음, 단계",,,Top3000,
2968,الدليل,,,"증거, 안내자",,,Top3000,
2969,الرياضي,,,"스포츠의, 운동선수",,,Top3000,
2970,الزمان,,,"시간, 시대",,,Top3000,
2971,الشريف,,,"고귀한, 샤리프",,,Top3000,
2972,الفور,,,"즉시, 곧",,,Top3000,
2973,القانوني,,,"법적인, 합법적인",,,Top3000,
2974,القلق,,,"걱정, 불안",,,Top3000,
2975,الكمبيوتر,,,컴퓨터,,,Top3000,
2976,الكويتي,,,쿠웨이트의,,,Top3000,
2977,المشتركة,,,"공동의, 공통의",,,Top3000,
2978,المفتوحة,,,"열린, 개방된",,,Top3000,
2979,النفسية,,,"심리적인, 정신의",,,Top3000,
2980,النهر,,,강,,,Top3000,
2981,الهوية,,,"정체성, 신분",,,Top3000,
2982,امي,,,내 어머니,,,Top3000,
2983,بأني,,,내가 ~라고 (전치사+접속사+대명사),,,Top3000,
2984,بالأسفل,,,"아래에, 밑에",,,Top3000,
2985,بجامعة,,,대학에서,,,Top3000,
2986,بحر,,,바다,,,Top3000,
2987,بشار,,,바샤르 (이름),,,Top3000,
2988,تحقق,,,"확인하다, 실현되다",,,Top3000,
2989,تراجع,,,"물러서라, 후퇴",,,Top3000,
2990,ترتيب,,,"순서, 정리",,,Top3000,
2991,تفكر,,,생각하다,,,Top3000,
2992,تقل,,,말하지 마라,,,Top3000,
2993,تموز,,,7월,,,Top3000,
2994,جد,,,"할아버지, 진지한",,,Top3000,
2995,جزر,,,"섬들, 당근",,,Top3000,
2996,جوجل,,,구글,,,Top3000,
2997,حادثة,,,"사고, 사건 (여성형)",,,Top3000,
2998,حلول,,,"해결책들, 도래",,,Top3000,
2999,خليل,,,"칼릴 (이름), 친구",,,Top3000,
3000,رأسه,,,그의 머리,,,Top3000,
3001,رعاية,,,"돌봄, 보살핌",,,Top4000,
3002,رمز,,,"기호, 코드, 상징",,,Top4000,
3003,ريتشارد,,,리처드 (인명),,,Top4000,
3004,سريعة,,,빠른 (여성),,,Top4000,
3005,سعيدة,,,행복하다,,,Top4000,
3006,سلامة,,,"안전, 무사함",,,Top4000,
3007,سليم,,,"건전한, 살림 (이름)",,,Top4000,
3008,صح,,,"맞아, 옳아",,,Top4000,
3009,عامين,,,2년,,,Top4000,
3010,عدن,,,아덴 (도시),,,Top4000,
3011,فكيف,,,그러면 어떻게,,,Top4000,
3012,فنحن,,,그래서 우리는,,,Top4000,
3013,لأكثر,,,"더 많이, ~이상",,,Top4000,
3014,لإعادة,,,되돌리기 위해,,,Top4000,
3015,لشركة,,,회사를 위한,,,Top4000,
3016,لقب,,,"별명, 칭호",,,Top4000,
3017,لكنهم,,,하지만 그들은,,,Top4000,
3018,للقيام,,,~하기 위해,,,Top4000,
3019,ملكة,,,여왕,,,Top4000,
3020,نسمة,,,명 (인구 단위),,,Top4000,
3021,نعيش,,,우리는 산다,,,Top4000,
3022,هاتف,,,전화,,,Top4000,
3023,والد,,,아버지,,,Top4000,
3024,ورقة,,,"종이 한 장, 잎",,,Top4000,
3025,يتمكن,,,~할 수 있다,,,Top4000,
3026,يذهب,,,가다,,,Top4000,
3027,يعيشون,,,그들이 산다,,,Top4000,
3028,آذار,,,3월,,,Top4000,
3029,أسلحة,,,무기들,,,Top4000,
3030,أسلوب,,,"방식, 스타일",,,Top4000,
3031,أصلا,,,"원래, 본래",,,Top4000,
3032,أكن,,,"있다, 되다",,,Top4000,
3033,أنظمة,,,"체제들, 시스템들",,,Top4000,
3034,إس,,,에스 (글자),,,Top4000,
3035,إقامة,,,"거주, 체류",,,Top4000,
3036,ابنة,,,딸,,,Top4000,
3037,ابنه,,,그의 아들,,,Top4000,
3038,استطاع,,,할 수 있었다,,,Top4000,
3039,استعمال,,,사용,,,Top4000,
3040,اكتشاف,,,발견,,,Top4000,
3041,الأسماء,,,이름들,,,Top4000,
3042,الأغنية,,,노래,,,Top4000,
3043,الأنظمة,,,"체제들, 정권들",,,Top4000,
3044,الإعلامي,,,"언론의, 미디어의",,,Top4000,
3045,الجرائم,,,범죄들,,,Top4000,
3046,الجلد,,,"피부, 가죽",,,Top4000,
3047,الحبيب,,,"연인, 사랑하는 이",,,Top4000,
3048,الحجب,,,"차단, 가림",,,Top4000,
3049,الخطة,,,계획,,,Top4000,
3050,الدائرة,,,"부서, 원",,,Top4000,
3051,السهل,,,"쉬운, 평원",,,Top4000,
3052,الشتاء,,,겨울,,,Top4000,
3053,الشكر,,,감사,,,Top4000,
3054,الصحيفة,,,신문,,,Top4000,
3055,الطبي,,,의료의,,,Top4000,
3056,العقوبات,,,"제재, 처벌",,,Top4000,
3057,العناصر,,,"요소들, 성분들",,,Top4000,
3058,الغضب,,,분노,,,Top4000,
3059,المدنيين,,,민간인들,,,Top4000,
3060,المسألة,,,"문제, 사안",,,Top4000,
3061,المساء,,,저녁,,,Top4000,
3062,المستخدمة,,,사용된,,,Top4000,
3063,المفضلة,,,가장 좋아하는(여성형),,,Top4000,
3064,النتيجة,,,"결과, 점수",,,Top4000,
3065,ايران,,,이란,,,Top4000,
3066,بوضع,,,놓는 것으로,,,Top4000,
3067,تأسيس,,,"설립, 창립",,,Top4000,
3068,تأكيد,,,"확인, 확신",,,Top4000,
3069,تبادل,,,"교환, 상호교류",,,Top4000,
3070,تحديث,,,"업데이트, 현대화",,,Top4000,
3071,تحليل,,,분석,,,Top4000,
3072,تذهب,,,가다,,,Top4000,
3073,تستمر,,,계속하다,,,Top4000,
3074,تعطي,,,"너는 준다, 그녀가 준다",,,Top4000,
3075,تعليق,,,"댓글, 중단",,,Top4000,
3076,حديثا,,,최근에,,,Top4000,
3077,حزيران,,,6월,,,Top4000,
3078,حضور,,,"참석, 출석",,,Top4000,
3079,خطط,,,계획들,,,Top4000,
3080,دا,,,이것 (구어),,,Top4000,
3081,دينية,,,종교적인 (여성형),,,Top4000,
3082,شروط,,,조건들,,,Top4000,
3083,ضخمة,,,거대한 (여성),,,Top4000,
3084,عامر,,,"아미르 (이름), 번성한",,,Top4000,
3085,غضون,,,"~ 사이에, ~안에",,,Top4000,
3086,فورا,,,즉시,,,Top4000,
3087,فيك,,,네 안에,,,Top4000,
3088,قدما,,,앞으로,,,Top4000,
3089,قرأت,,,읽었다,,,Top4000,
3090,قمنا,,,"우리가 했다, 일어났다",,,Top4000,
3091,لكني,,,하지만 나는,,,Top4000,
3092,للشباب,,,청년들을 위한,,,Top4000,
3093,محامي,,,변호사,,,Top4000,
3094,منتدى,,,포럼,,,Top4000,
3095,ميت,,,죽은,,,Top4000,
3096,وطني,,,"국가의, 애국의",,,Top4000,
3097,يعانون,,,고통받다,,,Top4000,
3098,يورو,,,유로,,,Top4000,
3099,de,,,de (외래어),,,Top4000,
3100,آب,,,8월,,,Top4000,
3101,أحدث,,,"최신의, 야기하다",,,Top4000,
3102,أظهرت,,,보여주었다,,,Top4000,
3103,أقدر,,,"내가 할 수 있다, 평가하다",,,Top4000,
3104,أمنية,,,"보안의, 소원",,,Top4000,
3105,اتصل,,,"전화하다, 연락하다",,,Top4000,
3106,الأوراق,,,"종이, 서류들",,,Top4000,
3107,الإجابة,,,대답,,,Top4000,
3108,الإدارية,,,행정의,,,Top4000,
3109,الإصلاح,,,"개혁, 수리",,,Top4000,
3110,الاعتراف,,,"인정, 고백",,,Top4000,
3111,الانتخابية,,,선거의,,,Top4000,
3112,الاولى,,,첫 번째 (여성),,,Top4000,
3113,البابا,,,교황,,,Top4000,
3114,البدء,,,시작,,,Top4000,
3115,التمييز,,,"차별, 구별",,,Top4000,
3116,الجائزة,,,상,,,Top4000,
3117,الحصار,,,"봉쇄, 포위",,,Top4000,
3118,الحكومي,,,정부의,,,Top4000,
3119,الخطوط,,,"선들, 항공사",,,Top4000,
3120,الدفع,,,"지불, 밀기",,,Top4000,
3121,السلامة,,,"안전, 무사",,,Top4000,
3122,السلطان,,,술탄,,,Top4000,
3123,الصحفي,,,"기자, 언론의",,,Top4000,
3124,الضرائب,,,세금,,,Top4000,
3125,العرش,,,"왕좌, 왕위",,,Top4000,
3126,الفرد,,,개인,,,Top4000,
3127,الكهربائية,,,전기의,,,Top4000,
3128,المقاطعة,,,"지역, 군, 구역",,,Top4000,
3129,المنازل,,,"집들, 가정들",,,Top4000,
3130,الميدان,,,"광장, 현장",,,Top4000,
3131,النفسي,,,심리적인,,,Top4000,
3132,باتجاه,,,~방향으로,,,Top4000,
3133,بيني,,,나 사이에,,,Top4000,
3134,تجارة,,,"무역, 상업",,,Top4000,
3135,تركي,,,터키의,,,Top4000,
3136,تعلن,,,발표하다,,,Top4000,
3137,تمويل,,,"자금 조달, 금융",,,Top4000,
3138,تواجه,,,직면하다,,,Top4000,
3139,توجيه,,,"지시, 안내",,,Top4000,
3140,جودة,,,품질,,,Top4000,
3141,حبيبي,,,"내 사랑, 자기야",,,Top4000,
3142,حر,,,"자유로운, 더운",,,Top4000,
3143,عادت,,,돌아왔다 (여성형),,,Top4000,
3144,عالي,,,높은,,,Top4000,
3145,عزيزي,,,"나의 사랑하는, 친애하는",,,Top4000,
3146,عملها,,,"그녀의 일, 그것의 작동",,,Top4000,
3147,عيني,,,내 눈,,,Top4000,
3148,قانونية,,,법적인,,,Top4000,
3149,قنوات,,,"채널들, 운하들",,,Top4000,
3150,كاملا,,,완전히,,,Top4000,
3151,كوبا,,,쿠바,,,Top4000,
3152,لأني,,,내가 ~때문에,,,Top4000,
3153,لتقديم,,,제공하기 위해,,,Top4000,
3154,لزيادة,,,증가시키기 위해,,,Top4000,
3155,لشخص,,,누군가에게,,,Top4000,
3156,متن,,,"본문, ~의 위에",,,Top4000,
3157,متنوعة,,,다양한,,,Top4000,
3158,مثلي,,,나처럼,,,Top4000,
3159,مستويات,,,"수준들, 레벨들",,,Top4000,
3160,مضت,,,지나갔다 (여성형),,,Top4000,
3161,ملاحظة,,,"메모, 관찰",,,Top4000,
3162,ممثل,,,"배우, 대표",,,Top4000,
3163,هلا,,,~하지 않을래,,,Top4000,
3164,هوية,,,"신분, 정체성",,,Top4000,
3165,وأخيرا,,,그리고 마지막으로,,,Top4000,
3166,وحيد,,,"외로운, 혼자",,,Top4000,
3167,وخلال,,,그리고 ~동안,,,Top4000,
3168,وظائف,,,"직업들, 기능들",,,Top4000,
3169,وعد,,,약속,,,Top4000,
3170,وعمل,,,"그리고 일, 일했다",,,Top4000,
3171,وقبل,,,그리고 ~전에,,,Top4000,
3172,وليد,,,"왈리드 (이름), 신생아",,,Top4000,
3173,يؤكد,,,"확인하다, 강조하다",,,Top4000,
3174,يعقوب,,,야쿠브 (야곱),,,Top4000,
3175,يقتل,,,죽이다 (3인칭),,,Top4000,
3176,يمتلك,,,"가지고 있다, 소유하다",,,Top4000,
3177,يمكنكم,,,너희들이 할 수 있다,,,Top4000,
3178,at,,,at (영어),,,Top4000,
3179,أصغر,,,"더 작은, 더 어린",,,Top4000,
3180,أناس,,,사람들,,,Top4000,
3181,أنفسنا,,,우리 자신,,,Top4000,
3182,إثارة,,,"흥분, 자극",,,Top4000,
3183,إقليم,,,"지역, 지방",,,Top4000,
3184,احب,,,"좋아하다, 사랑하다",,,Top4000,
3185,اكتشفت,,,발견했다,,,Top4000,
3186,الأحوال,,,"상태, 상황",,,Top4000,
3187,الأدلة,,,증거들,,,Top4000,
3188,الأسنان,,,치아들,,,Top4000,
3189,الأصوات,,,"목소리들, 투표들",,,Top4000,
3190,الاتجاه,,,"방향, 경향",,,Top4000,
3191,الاستقلال,,,독립,,,Top4000,
3192,البخاري,,,부카리 (학자),,,Top4000,
3193,التخلص,,,"제거, 처리",,,Top4000,
3194,الجزائري,,,알제리의,,,Top4000,
3195,الحجم,,,"크기, 부피",,,Top4000,
3196,الرئاسة,,,대통령직,,,Top4000,
3197,الرياح,,,바람들,,,Top4000,
3198,السفارة,,,대사관,,,Top4000,
3199,الطرف,,,"당사자, 끝",,,Top4000,
3200,العاشرة,,,"열 번째 (여성), 10시",,,Top4000,
3201,الفجر,,,"새벽, 파즈르",,,Top4000,
3202,القضائية,,,사법의,,,Top4000,
3203,القهوة,,,커피,,,Top4000,
3204,الكاملة,,,완전한 (여성형),,,Top4000,
3205,المخرج,,,"감독, 출구",,,Top4000,
3206,المشاعر,,,"감정들, 정서",,,Top4000,
3207,المقدمة,,,"서론, 선두",,,Top4000,
3208,الموجود,,,"존재하는, 있는",,,Top4000,
3209,الناحية,,,"측면, 방향",,,Top4000,
3210,النشر,,,"출판, 배포",,,Top4000,
3211,الوكالة,,,"기관, 대리점",,,Top4000,
3212,بدا,,,"보였다, 나타났다",,,Top4000,
3213,بضع,,,"몇몇, 약간의",,,Top4000,
3214,بلاده,,,그의 나라,,,Top4000,
3215,بو,,,보(이름),,,Top4000,
3216,تأمين,,,"보험, 보장",,,Top4000,
3217,توقيع,,,서명,,,Top4000,
3218,توم,,,톰 (이름),,,Top4000,
3219,حسابات,,,"계좌들, 계산들",,,Top4000,
3220,خارجية,,,"외교의, 외부의",,,Top4000,
3221,درس,,,"수업, 공부했다",,,Top4000,
3222,دم,,,"피, 혈액",,,Top4000,
3223,ساهم,,,기여했다,,,Top4000,
3224,سباق,,,"경주, 시합",,,Top4000,
3225,سنويا,,,"연간, 매년",,,Top4000,
3226,سيناء,,,시나이,,,Top4000,
3227,صرح,,,"선언했다, 건물",,,Top4000,
3228,طريقه,,,"그의 방식, 그의 길",,,Top4000,
3229,عقود,,,"계약들, 십년들",,,Top4000,
3230,عملا,,,"일로써, 실행하며",,,Top4000,
3231,فقدت,,,"내가 잃었다, 그녀가 잃었다",,,Top4000,
3232,لأننا,,,우리는 ~이기 때문에,,,Top4000,
3233,لغات,,,언어들,,,Top4000,
3234,مبلغ,,,금액,,,Top4000,
3235,مجالات,,,"분야들, 영역들",,,Top4000,
3236,مدارس,,,학교들,,,Top4000,
3237,مراجعة,,,"검토, 리뷰",,,Top4000,
3238,مسار,,,"경로, 진로",,,Top4000,
3239,مسبقا,,,"미리, 사전에",,,Top4000,
3240,مكتوب,,,쓰여진,,,Top4000,
3241,مميز,,,특별한,,,Top4000,
3242,موافقة,,,"동의, 합의 (여성형)",,,Top4000,
3243,نجح,,,성공했다,,,Top4000,
3244,نيوز,,,뉴스,,,Top4000,
3245,وعند,,,그리고 ~에서,,,Top4000,
3246,وليست,,,그리고 ~이 아니다 (여성형),,,Top4000,
3247,ياسر,,,야세르 (이름),,,Top4000,
3248,يخص,,,"~에 속하다, ~에 관련되다",,,Top4000,
3249,يشارك,,,참여하다,,,Top4000,
3250,أصيب,,,부상당하다,,,Top4000,
3251,أظن,,,"생각하다, 추측하다",,,Top4000,
3252,إي,,,"네, 그래",,,Top4000,
3253,إيطاليا,,,이탈리아,,,Top4000,
3254,ابراهيم,,,이브라힘 (아브라함),,,Top4000,
3255,اقرأ,,,읽어라,,,Top4000,
3256,الأساس,,,"기초, 기반",,,Top4000,
3257,الأطراف,,,"당사자들, 사지",,,Top4000,
3258,الإسباني,,,스페인의,,,Top4000,
3259,الاسلام,,,이슬람,,,Top4000,
3260,التوالي,,,"연속, 순서",,,Top4000,
3261,الذاتية,,,"자기의, 자전적인",,,Top4000,
3262,الذكرى,,,"기념일, 추억",,,Top4000,
3263,الراحة,,,"휴식, 편안함",,,Top4000,
3264,الرسم,,,"그림, 수수료",,,Top4000,
3265,الرسوم,,,"그림들, 수수료들",,,Top4000,
3266,الزراعة,,,농업,,,Top4000,
3267,السلوك,,,"행동, 태도",,,Top4000,
3268,الشهيرة,,,유명한 (여성형),,,Top4000,
3269,الشيوخ,,,"원로들, 상원",,,Top4000,
3270,الصيد,,,"사냥, 낚시",,,Top4000,
3271,الطويلة,,,긴 (여성형),,,Top4000,
3272,القومية,,,"민족의, 국가의",,,Top4000,
3273,المشاركين,,,참가자들,,,Top4000,
3274,المقابل,,,"맞은편, 대가",,,Top4000,
3275,المقدسة,,,성스러운,,,Top4000,
3276,النهضة,,,"르네상스, 부흥",,,Top4000,
3277,بصوت,,,큰 소리로,,,Top4000,
3278,بلدية,,,"시의, 지방의",,,Top4000,
3279,تاريخية,,,역사적인,,,Top4000,
3280,تسعى,,,"추구하다, 노력하다",,,Top4000,
3281,تضع,,,"놓다, 두다 (현재형)",,,Top4000,
3282,تنتظر,,,기다리다,,,Top4000,
3283,ثالث,,,세번째,,,Top4000,
3284,جابر,,,자비르 (이름),,,Top4000,
3285,حان,,,"때가 되다, 이르다",,,Top4000,
3286,حرف,,,"글자, 문자",,,Top4000,
3287,حكومية,,,정부의,,,Top4000,
3288,دائم,,,"영구적인, 지속적인",,,Top4000,
3289,روبرت,,,로버트 (인명),,,Top4000,
3290,سعادة,,,"행복, 각하",,,Top4000,
3291,سفينة,,,"배, 선박",,,Top4000,
3292,سنتين,,,2년,,,Top4000,
3293,سيطرة,,,"통제, 지배",,,Top4000,
3294,سيما,,,특히,,,Top4000,
3295,صفقة,,,거래,,,Top4000,
3296,ضحايا,,,"희생자들, 피해자들",,,Top4000,
3297,عائلتي,,,내 가족,,,Top4000,
3298,عالميا,,,세계적으로,,,Top4000,
3299,فريد,,,"독특한, 프레드 (이름)",,,Top4000,
3300,فعلت,,,했다,,,Top4000,
3301,فقدان,,,"잃음, 상실",,,Top4000,
3302,قاعة,,,"홀, 강당",,,Top4000,
3303,قريبة,,,가까운(여성),,,Top4000,
3304,قصيدة,,,시,,,Top4000,
3305,قلبك,,,"네 마음, 심장",,,Top4000,
3306,لازم,,,"필요한, 반드시",,,Top4000,
3307,لمواجهة,,,맞서기 위해,,,Top4000,
3308,ليسوا,,,그들은 ~이 아니다,,,Top4000,
3309,متوسط,,,"중간의, 평균",,,Top4000,
3310,مثلما,,,"~처럼, ~같이",,,Top4000,
3311,محتوى,,,"내용, 콘텐츠",,,Top4000,
3312,مطعم,,,"식당, 레스토랑",,,Top4000,
3313,مين,,,누구 (구어),,,Top4000,
3314,والدها,,,그녀의 아버지,,,Top4000,
3315,وجميع,,,그리고 모든,,,Top4000,
3316,وجهي,,,내 얼굴,,,Top4000,
3317,ويعتبر,,,그리고 간주되다,,,Top4000,
3318,يترك,,,"두다, 떠나다",,,Top4000,
3319,يختلف,,,다르다,,,Top4000,
3320,يعرض,,,"보여주다, 전시하다",,,Top4000,
3321,d,,,D (알파벳),,,Top4000,
3322,آخرون,,,다른 사람들,,,Top4000,
3323,أبعد,,,"더 멀리, 가장 먼",,,Top4000,
3324,أتى,,,오다,,,Top4000,
3325,أساسي,,,기본적인,,,Top4000,
3326,أسرع,,,"더 빠른, 서둘러라",,,Top4000,
3327,أسفل,,,아래,,,Top4000,
3328,أفغانستان,,,아프가니스탄,,,Top4000,
3329,ألفا,,,천 (명/개),,,Top4000,
3330,أولاد,,,"아이들, 소년들",,,Top4000,
3331,إنهاء,,,"종료, 끝맺음",,,Top4000,
3332,اتجاه,,,방향,,,Top4000,
3333,اخبار,,,"뉴스, 소식들",,,Top4000,
3334,اسرائيل,,,이스라엘,,,Top4000,
3335,اعتقد,,,생각하다,,,Top4000,
3336,افلام,,,영화들,,,Top4000,
3337,الإعلامية,,,언론의 (여성형),,,Top4000,
3338,الاسبوع,,,"주, 일주일",,,Top4000,
3339,الاعلام,,,"언론, 미디어",,,Top4000,
3340,البوابة,,,"문, 출입구",,,Top4000,
3341,التقارير,,,보고서들,,,Top4000,
3342,الثلج,,,"눈, 얼음",,,Top4000,
3343,الجبال,,,산들,,,Top4000,
3344,الجماعات,,,"단체들, 집단들",,,Top4000,
3345,الحلم,,,꿈,,,Top4000,
3346,الرائعة,,,훌륭한 (여성),,,Top4000,
3347,الزعيم,,,"우두머리, 지도자",,,Top4000,
3348,السوريين,,,시리아인들,,,Top4000,
3349,الشر,,,악,,,Top4000,
3350,الشرقي,,,동쪽의,,,Top4000,
3351,الشروط,,,조건들,,,Top4000,
3352,الشعوب,,,"민족들, 국민들",,,Top4000,
3353,الضفة,,,"서안 지구, 강둑",,,Top4000,
3354,العيون,,,"눈들, 샘들",,,Top4000,
3355,اللواء,,,소장 (군 계급),,,Top4000,
3356,المثليين,,,동성애자들,,,Top4000,
3357,المسار,,,"경로, 트랙",,,Top4000,
3358,المنافسة,,,경쟁,,,Top4000,
3359,الموافق,,,"해당하는, 동의하는",,,Top4000,
3360,النائب,,,"대리인, 의원",,,Top4000,
3361,الهندية,,,인도의 (여성형),,,Top4000,
3362,اليك,,,너에게,,,Top4000,
3363,انتظار,,,기다림,,,Top4000,
3364,اهتمام,,,"관심, 흥미",,,Top4000,
3365,بتقديم,,,제공함으로써,,,Top4000,
3366,بشيء,,,어떤 것으로 (전치사+명사),,,Top4000,
3367,بمن,,,"누구로, 누구와",,,Top4000,
3368,تموت,,,죽다,,,Top4000,
3369,جدول,,,"표, 일정, 시냇물",,,Top4000,
3370,جسم,,,"몸, 물체",,,Top4000,
3371,جنيه,,,파운드 (화폐),,,Top4000,
3372,حوار,,,대화,,,Top4000,
3373,حياتهم,,,그들의 삶,,,Top4000,
3374,دام,,,지속되었다,,,Top4000,
3375,داود,,,다우드 (다윗),,,Top4000,
3376,دعا,,,"부르다, 초대하다",,,Top4000,
3377,رابط,,,"링크, 연결",,,Top4000,
3378,راح,,,갔다 (구어),,,Top4000,
3379,زادت,,,증가했다,,,Top4000,
3380,سري,,,"비밀의, 비밀",,,Top4000,
3381,شغل,,,"일, 작동시키다",,,Top4000,
3382,صحيحة,,,올바른 (여성),,,Top4000,
3383,طيبة,,,"친절한, 좋은 (여성)",,,Top4000,
3384,قديم,,,"오래된, 옛",,,Top4000,
3385,كنيسة,,,교회,,,Top4000,
3386,كونها,,,그녀가 ~이기 때문에,,,Top4000,
3387,كيم,,,킴 (이름),,,Top4000,
3388,لكنني,,,하지만 나는,,,Top4000,
3389,للنساء,,,여성들을 위한,,,Top4000,
3390,مراحل,,,단계들,,,Top4000,
3391,مسؤولية,,,책임,,,Top4000,
3392,مناسب,,,"적절한, 알맞은",,,Top4000,
3393,نجحت,,,성공했다,,,Top4000,
3394,هشام,,,히샴 (이름),,,Top4000,
3395,واضحا,,,명확하게,,,Top4000,
3396,واليوم,,,그리고 오늘,,,Top4000,
3397,وكنت,,,그리고 나는/너는 ~였다,,,Top4000,
3398,يتغير,,,변하다,,,Top4000,
3399,يستمر,,,계속하다,,,Top4000,
3400,يعلن,,,발표하다,,,Top4000,
3401,يو,,,유(글자),,,Top4000,
3402,https,,,https (인터넷),,,Top4000,
3403,أذكر,,,"기억하다, 언급하다",,,Top4000,
3404,أعداد,,,"숫자들, 호수들",,,Top4000,
3405,أمريكية,,,미국의 (여성형),,,Top4000,
3406,إغلاق,,,"닫기, 폐쇄",,,Top4000,
3407,إيقاف,,,"중지, 멈춤",,,Top4000,
3408,اكون,,,내가 ~이다,,,Top4000,
3409,الأسعار,,,가격들,,,Top4000,
3410,الأمطار,,,"비, 강우",,,Top4000,
3411,الأن,,,지금,,,Top4000,
3412,الأولية,,,"초기의, 1차적인",,,Top4000,
3413,البث,,,"방송, 송출",,,Top4000,
3414,البطل,,,"영웅, 챔피언",,,Top4000,
3415,التنظيم,,,"조직, 규제",,,Top4000,
3416,الجدد,,,새로운 (복수),,,Top4000,
3417,الجهات,,,"기관들, 방향들",,,Top4000,
3418,الحفل,,,"파티, 행사",,,Top4000,
3419,الحمام,,,"화장실, 욕실",,,Top4000,
3420,الخضراء,,,초록의,,,Top4000,
3421,الدار,,,"집, 거처",,,Top4000,
3422,الرصاص,,,"총알, 납",,,Top4000,
3423,الساحة,,,"광장, 마당",,,Top4000,
3424,السباق,,,경주,,,Top4000,
3425,السيئة,,,나쁜(여성형),,,Top4000,
3426,السياحة,,,관광,,,Top4000,
3427,الشرف,,,명예,,,Top4000,
3428,الصادر,,,"발행된, 수출",,,Top4000,
3429,الضحايا,,,희생자들,,,Top4000,
3430,الضحية,,,"피해자, 희생자",,,Top4000,
3431,الطيب,,,"선한, 좋은",,,Top4000,
3432,الطيور,,,새들,,,Top4000,
3433,الظلام,,,어둠,,,Top4000,
3434,العنوان,,,"주소, 제목",,,Top4000,
3435,الفضل,,,"은혜, 공로",,,Top4000,
3436,اللاتينية,,,라틴의,,,Top4000,
3437,المالي,,,재정의,,,Top4000,
3438,المرتبطة,,,"연결된, 관련된",,,Top4000,
3439,المساجد,,,모스크들,,,Top4000,
3440,المستمر,,,지속적인,,,Top4000,
3441,المسيرة,,,"행진, 여정",,,Top4000,
3442,المشترك,,,"공동의, 가입자",,,Top4000,
3443,المفروض,,,~해야 하는 것,,,Top4000,
3444,المقال,,,"기사, 글",,,Top4000,
3445,المقبلة,,,다음의 (여),,,Top4000,
3446,المهنية,,,"전문의, 직업의",,,Top4000,
3447,المواضيع,,,주제들,,,Top4000,
3448,النجم,,,"스타, 별",,,Top4000,
3449,النقد,,,"비평, 화폐",,,Top4000,
3450,الهواتف,,,"전화기들, 휴대폰들",,,Top4000,
3451,اليها,,,그녀에게로,,,Top4000,
3452,بدعم,,,"지원으로, 후원으로",,,Top4000,
3453,بعدد,,,"여러, 몇 개의",,,Top4000,
3454,بعضا,,,"서로, 일부",,,Top4000,
3455,تسأل,,,묻다,,,Top4000,
3456,تقييم,,,"평가, 평점",,,Top4000,
3457,تل,,,"언덕, 구릉",,,Top4000,
3458,جرت,,,"일어났다, 진행되었다",,,Top4000,
3459,جندي,,,군인,,,Top4000,
3460,جوائز,,,"상들, 상품들",,,Top4000,
3461,ذهبية,,,"황금의, 금빛의",,,Top4000,
3462,رئيسي,,,"주요한, 나의 상사",,,Top4000,
3463,ربع,,,"4분의 1, 분기",,,Top4000,
3464,رغبة,,,"욕망, 바람",,,Top4000,
3465,رفضت,,,거절했다,,,Top4000,
3466,سيتي,,,시티,,,Top4000,
3467,شباط,,,2월,,,Top4000,
3468,صحية,,,"건강의, 보건의",,,Top4000,
3469,صديقي,,,내 친구,,,Top4000,
3470,صفوف,,,"줄, 학년",,,Top4000,
3471,ضباط,,,장교들,,,Top4000,
3472,ضربة,,,"타격, 공격",,,Top4000,
3473,طاقة,,,"에너지, 힘",,,Top4000,
3474,طفلا,,,"아이, 어린이",,,Top4000,
3475,لحم,,,고기,,,Top4000,
3476,لكننا,,,하지만 우리는,,,Top4000,
3477,للمرأة,,,여성을 위한,,,Top4000,
3478,للمساعدة,,,도움을 위하여,,,Top4000,
3479,لمنع,,,"막기 위해, 방지하기 위해",,,Top4000,
3480,ليوم,,,하루를,,,Top4000,
3481,مجمع,,,"단지, 복합 시설",,,Top4000,
3482,مسؤول,,,"책임자, 담당",,,Top4000,
3483,مستمر,,,"지속적인, 계속되는",,,Top4000,
3484,مفتوح,,,열린,,,Top4000,
3485,مقال,,,"기사, 논설",,,Top4000,
3486,وثيقة,,,"문서, 증서",,,Top4000,
3487,ووفقا,,,~에 따라,,,Top4000,
3488,يدور,,,"돌다, 회전하다",,,Top4000,
3489,يشمل,,,포함하다,,,Top4000,
3490,يفكر,,,생각하다,,,Top4000,
3491,al,,,al (영문),,,Top4000,
3492,أداة,,,"도구, 기구",,,Top4000,
3493,أرجو,,,"바라다, 부탁하다",,,Top4000,
3494,أستاذ,,,"교수, 선생님",,,Top4000,
3495,أشد,,,"가장 강한, 더 심한",,,Top4000,
3496,أصدرت,,,"발행했다, 발표했다",,,Top4000,
3497,أفكار,,,"생각들, 아이디어들",,,Top4000,
3498,أمة,,,"민족, 국가",,,Top4000,
3499,أمه,,,그의 어머니,,,Top4000,
3500,أوضح,,,"설명했다, 명확히 했다",,,Top4000,
3501,أيلول,,,9월,,,Top4000,
3502,اتمنى,,,"바라다, 희망하다",,,Top4000,
3503,اثنان,,,"둘, 두 개",,,Top4000,
3504,اسمي,,,내 이름,,,Top4000,
3505,افتتاح,,,"개막, 개장",,,Top4000,
3506,الأرضية,,,"바닥, 지면",,,Top4000,
3507,الأرقام,,,숫자들,,,Top4000,
3508,الأسواق,,,시장들,,,Top4000,
3509,الأشجار,,,나무들,,,Top4000,
3510,الأنشطة,,,활동들,,,Top4000,
3511,الأهمية,,,중요성,,,Top4000,
3512,الإثنين,,,"월요일, 둘",,,Top4000,
3513,البارحة,,,어제,,,Top4000,
3514,التاريخي,,,역사적인,,,Top4000,
3515,التجاري,,,"상업의, 무역의",,,Top4000,
3516,التحتية,,,"기반의, 인프라의",,,Top4000,
3517,التطور,,,"발전, 진화",,,Top4000,
3518,التعليمية,,,교육의,,,Top4000,
3519,التلفاز,,,텔레비전,,,Top4000,
3520,الحرس,,,"경비대, 근위대",,,Top4000,
3521,الحروب,,,전쟁들,,,Top4000,
3522,الذاكرة,,,"기억, 메모리",,,Top4000,
3523,السر,,,비밀,,,Top4000,
3524,السياق,,,"맥락, 문맥",,,Top4000,
3525,الشؤون,,,"사무, 업무",,,Top4000,
3526,الطبقة,,,"계층, 계급",,,Top4000,
3527,العظام,,,뼈들,,,Top4000,
3528,العملات,,,"화폐들, 통화들",,,Top4000,
3529,الفنون,,,예술들,,,Top4000,
3530,القرارات,,,결정들,,,Top4000,
3531,القمة,,,"정상, 꼭대기",,,Top4000,
3532,القيمة,,,"가치, 값",,,Top4000,
3533,الكبار,,,"어른들, 연장자들",,,Top4000,
3534,المطر,,,비,,,Top4000,
3535,المطلوب,,,"요구되는, 필요한",,,Top4000,
3536,النطاق,,,"범위, 영역",,,Top4000,
3537,الولادة,,,"출산, 탄생",,,Top4000,
3538,باستمرار,,,"계속해서, 지속적으로",,,Top4000,
3539,بلدي,,,"내 나라, 토착의",,,Top4000,
3540,بمعنى,,,"의미하는, 즉",,,Top4000,
3541,بوابة,,,"문, 관문",,,Top4000,
3542,بيئة,,,환경,,,Top4000,
3543,تتراوح,,,범위가 ~이다,,,Top4000,
3544,تتكلم,,,말하다 (현재형),,,Top4000,
3545,تحديدا,,,"구체적으로, 정확히",,,Top4000,
3546,تخيل,,,상상해봐,,,Top4000,
3547,تشبه,,,닮다,,,Top4000,
3548,تكنولوجيا,,,"기술, 테크놀로지",,,Top4000,
3549,تمام,,,"완벽한, 알겠다",,,Top4000,
3550,تنسى,,,잊다,,,Top4000,
3551,رجب,,,라자브 (이슬람력 7월),,,Top4000,
3552,رواه,,,그가 전했다,,,Top4000,
3553,سرقة,,,"도둑질, 절도",,,Top4000,
3554,سهلا,,,"쉬운, 수월한",,,Top4000,
3555,شخصيات,,,"인물들, 캐릭터들",,,Top4000,
3556,صغيرا,,,"작은, 어린",,,Top4000,
3557,صوتي,,,"음성의, 소리의",,,Top4000,
3558,عشرين,,,"20, 스물",,,Top4000,
3559,غريبة,,,"이상한(여), 낯선",,,Top4000,
3560,فضل,,,"은혜, 공덕",,,Top4000,
3561,فنية,,,"예술의, 기술의",,,Top4000,
3562,كارل,,,칼 (인명),,,Top4000,
3563,للحكومة,,,정부를 위한,,,Top4000,
3564,للمشاركة,,,참여를 위해,,,Top4000,
3565,ليلا,,,밤에,,,Top4000,
3566,ماريا,,,마리아 (이름),,,Top4000,
3567,ماهي,,,그것은 무엇인가,,,Top4000,
3568,مبادرة,,,"이니셔티브, 발의",,,Top4000,
3569,متجر,,,"가게, 상점",,,Top4000,
3570,محاولات,,,시도들,,,Top4000,
3571,مستقلة,,,독립적인,,,Top4000,
3572,ملف,,,파일,,,Top4000,
3573,ممثلة,,,"여배우, 대표",,,Top4000,
3574,مملكة,,,왕국,,,Top4000,
3575,نظرية,,,이론,,,Top4000,
3576,نمو,,,"성장, 증가",,,Top4000,
3577,هام,,,중요한,,,Top4000,
3578,هدية,,,선물,,,Top4000,
3579,وذكر,,,그리고 언급했다,,,Top4000,
3580,وفاته,,,그의 사망,,,Top4000,
3581,ويكون,,,그리고 ~이다,,,Top4000,
3582,يجمع,,,"모으다, 합치다",,,Top4000,
3583,يدل,,,"가리키다, 나타내다",,,Top4000,
3584,يمكنه,,,그는 할 수 있다,,,Top4000,
3585,آمنة,,,안전한 (여성),,,Top4000,
3586,أرسلت,,,보냈다,,,Top4000,
3587,أسألك,,,내가 너에게 묻다,,,Top4000,
3588,أظهر,,,"나타내다, 보여주다",,,Top4000,
3589,أعمل,,,"일하다, 하다",,,Top4000,
3590,إصلاح,,,"수리, 개혁",,,Top4000,
3591,إل,,,엘(이름의 일부),,,Top4000,
3592,احتمال,,,"가능성, 확률",,,Top4000,
3593,اصبح,,,~이 되었다,,,Top4000,
3594,اكتشف,,,발견하다,,,Top4000,
3595,الأستاذ,,,"교수님, 선생님",,,Top4000,
3596,الأقصى,,,"최대의, 알아크사",,,Top4000,
3597,الإسكندرية,,,알렉산드리아,,,Top4000,
3598,الالتزام,,,"준수, 이행",,,Top4000,
3599,البرازيلي,,,브라질의,,,Top4000,
3600,التحدث,,,"말하기, 대화",,,Top4000,
3601,التعلم,,,"학습, 배움",,,Top4000,
3602,التيار,,,"흐름, 조류",,,Top4000,
3603,الخ,,,기타 등등,,,Top4000,
3604,السطح,,,"지붕, 표면",,,Top4000,
3605,الطالب,,,학생,,,Top4000,
3606,الظلم,,,"불의, 압제",,,Top4000,
3607,الغريب,,,"이상한, 낯선 사람",,,Top4000,
3608,الفضائية,,,"위성의, 우주의",,,Top4000,
3609,الفوضى,,,"혼돈, 무질서",,,Top4000,
3610,القصيرة,,,짧은,,,Top4000,
3611,القليلة,,,"적은, 소수의 (여성형)",,,Top4000,
3612,المخاطر,,,위험들,,,Top4000,
3613,المدرب,,,"코치, 훈련자",,,Top4000,
3614,النقاط,,,"점들, 포인트들",,,Top4000,
3615,الواحدة,,,"하나, 한 개 (여성형)",,,Top4000,
3616,اليهودية,,,"유대교, 유대의",,,Top4000,
3617,انتقل,,,"이동했다, 옮겨갔다",,,Top4000,
3618,بالقاهرة,,,카이로에서,,,Top4000,
3619,بدور,,,"역할로, 차례로",,,Top4000,
3620,تدفع,,,"지불하다, 밀다",,,Top4000,
3621,تسمع,,,듣다 (현재형),,,Top4000,
3622,تقنيات,,,기술들,,,Top4000,
3623,تهتم,,,"관심을 가지다, 신경 쓰다",,,Top4000,
3624,جلب,,,가져오다,,,Top4000,
3625,جمعة,,,"금요일, 주마",,,Top4000,
3626,جنسية,,,"국적, 성적",,,Top4000,
3627,حضر,,,"참석했다, 왔다",,,Top4000,
3628,خروج,,,"나감, 출구",,,Top4000,
3629,خطوات,,,"단계들, 걸음들",,,Top4000,
3630,رئيسة,,,"여사장, 여대표",,,Top4000,
3631,ربط,,,"연결, 묶기",,,Top4000,
3632,سعودية,,,사우디의,,,Top4000,
3633,سيء,,,나쁘다,,,Top4000,
3634,سير,,,"걸음, 진행",,,Top4000,
3635,شيئ,,,"것, 물건",,,Top4000,
3636,عائلته,,,그의 가족,,,Top4000,
3637,عاش,,,살았다,,,Top4000,
3638,عاصفة,,,폭풍,,,Top4000,
3639,عبيد,,,"노예들, 종들",,,Top4000,
3640,علوم,,,"과학들, 학문들",,,Top4000,
3641,عمري,,,"내 나이, 내 인생",,,Top4000,
3642,غضب,,,"분노, 화",,,Top4000,
3643,قانوني,,,법적인,,,Top4000,
3644,قبيلة,,,부족,,,Top4000,
3645,قلبه,,,그의 심장,,,Top4000,
3646,كبرى,,,"큰, 대규모의",,,Top4000,
3647,لأنني,,,내가 ~때문에,,,Top4000,
3648,لاحق,,,"나중의, 추후의",,,Top4000,
3649,لين,,,"린 (이름), 부드러움",,,Top4000,
3650,مؤسس,,,"창립자, 설립자",,,Top4000,
3651,مبدأ,,,"원칙, 원리",,,Top4000,
3652,محرك,,,"엔진, 모터",,,Top4000,
3653,مخطط,,,"계획, 도표",,,Top4000,
3654,مرتبطة,,,"연결된, 관련된",,,Top4000,
3655,منهما,,,그 둘로부터,,,Top4000,
3656,مواضيع,,,"주제들, 화제들",,,Top4000,
3657,ميدان,,,"광장, 분야",,,Top4000,
3658,نوم,,,"잠, 수면",,,Top4000,
3659,يؤمن,,,믿다,,,Top4000,
3660,يثبت,,,"증명하다, 확립하다",,,Top4000,
3661,يسأل,,,"묻다, 질문하다",,,Top4000,
3662,يقرأ,,,읽다,,,Top4000,
3663,يونس,,,유누스 (인명),,,Top4000,
3664,m,,,m (영문),,,Top4000,
3665,أدلة,,,증거들,,,Top4000,
3666,أشرف,,,"감독했다, 아슈라프",,,Top4000,
3667,أوائل,,,"초반, 초기",,,Top4000,
3668,إمرأة,,,여자,,,Top4000,
3669,اعتقال,,,"체포, 구금",,,Top4000,
3670,الأردني,,,요르단의,,,Top4000,
3671,الأمان,,,"안전, 보안",,,Top4000,
3672,الأوقات,,,"시간들, 때들",,,Top4000,
3673,الإقليمية,,,지역의,,,Top4000,
3674,الاعتبار,,,"고려, 존중",,,Top4000,
3675,الامور,,,"일들, 상황들",,,Top4000,
3676,البرلمانية,,,의회의,,,Top4000,
3677,الجامعي,,,대학의,,,Top4000,
3678,الجبل,,,산,,,Top4000,
3679,الجزائرية,,,알제리의,,,Top4000,
3680,الجنوبي,,,남쪽의,,,Top4000,
3681,الجوي,,,"공중의, 항공의",,,Top4000,
3682,الحاسوب,,,컴퓨터,,,Top4000,
3683,الحقائق,,,"사실들, 진실들",,,Top4000,
3684,الذكر,,,"언급, 수컷",,,Top4000,
3685,الرئاسية,,,대통령의,,,Top4000,
3686,الرحيل,,,"떠남, 출발",,,Top4000,
3687,الساحل,,,"해안, 연안",,,Top4000,
3688,السكر,,,설탕,,,Top4000,
3689,الصالح,,,"선한 사람, 유익한",,,Top4000,
3690,العادة,,,"습관, 관습",,,Top4000,
3691,العكس,,,반대,,,Top4000,
3692,الغرض,,,"목적, 용도",,,Top4000,
3693,القيامة,,,"부활, 심판의 날",,,Top4000,
3694,المؤلف,,,"저자, 작가",,,Top4000,
3695,المطبخ,,,"부엌, 주방",,,Top4000,
3696,المنتج,,,"제품, 생산자",,,Top4000,
3697,المنتدى,,,"포럼, 광장",,,Top4000,
3698,المهرجان,,,"축제, 페스티벌",,,Top4000,
3699,الوظيفة,,,"직업, 일자리",,,Top4000,
3700,الوقوف,,,"서기, 멈춤",,,Top4000,
3701,اليابانية,,,"일본의, 일본어",,,Top4000,
3702,بالذكر,,,"언급할 만한, 언급으로",,,Top4000,
3703,بالضبط,,,정확히,,,Top4000,
3704,بتهمة,,,~혐의로,,,Top4000,
3705,بغض,,,증오,,,Top4000,
3706,توجه,,,"향하다, 방향",,,Top4000,
3707,حجر,,,"돌, 바위",,,Top4000,
3708,حرارة,,,"열, 온도",,,Top4000,
3709,خذ,,,가져가,,,Top4000,
3710,خريطة,,,지도,,,Top4000,
3711,خسارة,,,"손실, 패배",,,Top4000,
3712,خلاف,,,"분쟁, 차이",,,Top4000,
3713,ردا,,,응답으로,,,Top4000,
3714,سبحانه,,,그분께 영광을,,,Top4000,
3715,سوري,,,시리아의,,,Top4000,
3716,شريط,,,"테이프, 띠",,,Top4000,
3717,شريف,,,"고귀한, 명예로운",,,Top4000,
3718,طعام,,,음식,,,Top4000,
3719,طلبت,,,내가 요청했다,,,Top4000,
3720,عزيز,,,"소중한, 친애하는",,,Top4000,
3721,عضوا,,,"회원, 구성원",,,Top4000,
3722,عليا,,,"높은, 상위의",,,Top4000,
3723,فؤاد,,,"푸아드 (인명), 심장",,,Top4000,
3724,فائدة,,,"이익, 유용성",,,Top4000,
3725,فحص,,,"검사, 검진",,,Top4000,
3726,فعاليات,,,"행사들, 이벤트들",,,Top4000,
3727,قابل,,,"만났다, 받을 만한",,,Top4000,
3728,قصف,,,"폭격, 포격",,,Top4000,
3729,لبناء,,,건설을 위해,,,Top4000,
3730,لحظات,,,순간들,,,Top4000,
3731,لضمان,,,보장하기 위해,,,Top4000,
3732,للحفاظ,,,보존하기 위해,,,Top4000,
3733,للحياة,,,삶을 위해,,,Top4000,
3734,لمدينة,,,도시를 위한,,,Top4000,
3735,لنقل,,,"~라고 하자, 운반을 위해",,,Top4000,
3736,مؤشر,,,"지수, 지표",,,Top4000,
3737,منزله,,,그의 집,,,Top4000,
3738,نت,,,"넷, 인터넷",,,Top4000,
3739,نعمل,,,우리는 일하다,,,Top4000,
3740,هاي,,,"하이, 안녕",,,Top4000,
3741,وجبة,,,식사,,,Top4000,
3742,وقتل,,,그리고 살해했다,,,Top4000,
3743,يتبع,,,"따르다, 소속되다",,,Top4000,
3744,يتوقف,,,"멈추다, 달려있다",,,Top4000,
3745,يرجى,,,"바랍니다, 요청합니다",,,Top4000,
3746,يسعى,,,"추구하다, 노력하다",,,Top4000,
3747,يغير,,,바꾸다,,,Top4000,
3748,أب,,,아버지,,,Top4000,
3749,أثار,,,"일으켰다, 불러일으켰다",,,Top4000,
3750,أساسا,,,"기본적으로, 원래",,,Top4000,
3751,أموال,,,"돈, 자금",,,Top4000,
3752,أيار,,,5월,,,Top4000,
3753,إسلامية,,,이슬람의,,,Top4000,
3754,إعطاء,,,"주기, 부여",,,Top4000,
3755,إيه,,,"응, 그래",,,Top4000,
3756,اعلم,,,알다,,,Top4000,
3757,الآلاف,,,수천,,,Top4000,
3758,الأخلاق,,,"도덕, 윤리",,,Top4000,
3759,الأدوية,,,"약들, 의약품들",,,Top4000,
3760,الأسر,,,가족들,,,Top4000,
3761,الاطفال,,,아이들,,,Top4000,
3762,الانتظار,,,기다림,,,Top4000,
3763,الانتقال,,,"이동, 이전",,,Top4000,
3764,الجسد,,,"몸, 신체",,,Top4000,
3765,الدواء,,,약,,,Top4000,
3766,الشريعة,,,"샤리아, 이슬람법",,,Top4000,
3767,الصغار,,,어린이들,,,Top4000,
3768,الطقس,,,날씨,,,Top4000,
3769,العبد,,,"종, 노예",,,Top4000,
3770,القنوات,,,채널들,,,Top4000,
3771,الكاميرا,,,카메라,,,Top4000,
3772,المسابقة,,,"대회, 경기",,,Top4000,
3773,المقام,,,"지위, 위치",,,Top4000,
3774,النيابة,,,"검찰, 대리",,,Top4000,
3775,اى,,,"어떤, 무엇",,,Top4000,
3776,اين,,,어디,,,Top4000,
3777,بات,,,~이 되었다,,,Top4000,
3778,باستثناء,,,~을 제외하고,,,Top4000,
3779,بال,,,"마음, 정신",,,Top4000,
3780,بجد,,,"진지하게, 정말로",,,Top4000,
3781,بدءا,,,"시작으로, ~부터",,,Top4000,
3782,بدوره,,,"그의 차례에, 차례로",,,Top4000,
3783,بقيت,,,"남았다, 머물렀다",,,Top4000,
3784,تصنيف,,,"분류, 순위",,,Top4000,
3785,تطبيقات,,,"앱들, 응용",,,Top4000,
3786,تطلق,,,"풀어주다, 발사하다, 이혼하다",,,Top4000,
3787,تعيين,,,"임명, 지정",,,Top4000,
3788,توقع,,,"예상, 예측",,,Top4000,
3789,توماس,,,토마스 (인명),,,Top4000,
3790,ثقة,,,"신뢰, 자신감",,,Top4000,
3791,جان,,,장 (인명),,,Top4000,
3792,حبيبتي,,,내 사랑 (여성),,,Top4000,
3793,حرة,,,자유로운,,,Top4000,
3794,حظر,,,"금지, 봉쇄",,,Top4000,
3795,دير,,,수도원,,,Top4000,
3796,ذاتها,,,그 자체,,,Top4000,
3797,زيت,,,"기름, 오일",,,Top4000,
3798,سوداء,,,검은 (여성),,,Top4000,
3799,سويا,,,함께,,,Top4000,
3800,شأنه,,,"그의 일, 그 문제",,,Top4000,
3801,شرعية,,,"합법성, 정당성",,,Top4000,
3802,صنعت,,,만들었다,,,Top4000,
3803,ضرورة,,,"필요성, 필수",,,Top4000,
3804,طائرات,,,비행기들,,,Top4000,
3805,طيلة,,,"내내, 동안",,,Top4000,
3806,عظيمة,,,위대한 (여성형),,,Top4000,
3807,علمت,,,내가 알았다,,,Top4000,
3808,عملي,,,"내 일, 실용적",,,Top4000,
3809,فهناك,,,"그곳에는, 그리고 거기에",,,Top4000,
3810,فيسبوك,,,페이스북,,,Top4000,
3811,قدره,,,"금액, 가치",,,Top4000,
3812,كأنه,,,마치 ~인 것처럼,,,Top4000,
3813,لحد,,,"~까지, 한도까지",,,Top4000,
3814,للجيش,,,군대를 위해,,,Top4000,
3815,لمشاهدة,,,보기 위해,,,Top4000,
3816,متحف,,,박물관,,,Top4000,
3817,محطات,,,"역들, 정류장들",,,Top4000,
3818,مشهد,,,"장면, 광경",,,Top4000,
3819,مصطلح,,,"용어, 술어",,,Top4000,
3820,مطلوب,,,"요구되는, 필요한",,,Top4000,
3821,مناقشة,,,"토론, 논의",,,Top4000,
3822,منصة,,,"플랫폼, 단상",,,Top4000,
3823,نزل,,,"내려왔다, 숙소",,,Top4000,
3824,نسمع,,,우리는 듣는다,,,Top4000,
3825,هادي,,,"하디, 고요한",,,Top4000,
3826,هامة,,,중요한,,,Top4000,
3827,هيا,,,"자, 어서",,,Top4000,
3828,وإعادة,,,그리고 재개,,,Top4000,
3829,وبدأت,,,그리고 시작했다,,,Top4000,
3830,وبما,,,그리고 ~이므로,,,Top4000,
3831,وحدات,,,"단위들, 부대들",,,Top4000,
3832,ودعم,,,그리고 지원,,,Top4000,
3833,ومحمد,,,그리고 무함마드,,,Top4000,
3834,ونشر,,,"그리고 출판, 전파",,,Top4000,
3835,يتكون,,,구성되다,,,Top4000,
3836,يستطيعون,,,그들은 할 수 있다,,,Top4000,
3837,يسمع,,,듣다,,,Top4000,
3838,يصعب,,,어렵다,,,Top4000,
3839,يقارب,,,"거의, 가깝다",,,Top4000,
3840,أبواب,,,"문들, 장들",,,Top4000,
3841,أحمر,,,빨간,,,Top4000,
3842,أكدت,,,"확인했다, 강조했다",,,Top4000,
3843,أوباما,,,오바마,,,Top4000,
3844,استجابة,,,"응답, 반응",,,Top4000,
3845,اعتبار,,,"고려, 간주",,,Top4000,
3846,اعتبر,,,"간주했다, 여겼다",,,Top4000,
3847,الأجانب,,,외국인들,,,Top4000,
3848,الأزرق,,,파란색,,,Top4000,
3849,الألماني,,,독일의,,,Top4000,
3850,الإرهابية,,,테러의,,,Top4000,
3851,البالغ,,,"달하는, 성인",,,Top4000,
3852,البرية,,,"육지의, 야생의",,,Top4000,
3853,التجارب,,,"실험들, 경험들",,,Top4000,
3854,التخطيط,,,"계획, 기획",,,Top4000,
3855,التوجه,,,"방향, 성향",,,Top4000,
3856,الجماهير,,,"대중, 관중",,,Top4000,
3857,الجيدة,,,좋은 (여성형),,,Top4000,
3858,الحركات,,,"움직임들, 운동들",,,Top4000,
3859,الحوثي,,,후티,,,Top4000,
3860,الخبراء,,,전문가들,,,Top4000,
3861,الرقمية,,,디지털의,,,Top4000,
3862,الشأن,,,"일, 사안",,,Top4000,
3863,الشاي,,,차 (음료),,,Top4000,
3864,الشريط,,,"테이프, 줄",,,Top4000,
3865,الصندوق,,,"상자, 금고",,,Top4000,
3866,العاشر,,,열 번째,,,Top4000,
3867,العامل,,,"노동자, 요인",,,Top4000,
3868,القارة,,,대륙,,,Top4000,
3869,اللازم,,,필요한,,,Top4000,
3870,المباني,,,건물들,,,Top4000,
3871,المستخدمين,,,사용자들,,,Top4000,
3872,المستقلة,,,독립적인,,,Top4000,
3873,المفاوضات,,,협상들,,,Top4000,
3874,المكتبة,,,"도서관, 서점",,,Top4000,
3875,المكرمة,,,존귀한 (메카의 수식어),,,Top4000,
3876,المهاجرين,,,이민자들,,,Top4000,
3877,المواقف,,,"입장들, 상황들",,,Top4000,
3878,النحو,,,"방식, 문법",,,Top4000,
3879,الوسائل,,,"수단들, 방법들",,,Top4000,
3880,بلدان,,,나라들,,,Top4000,
3881,بوضوح,,,명확하게,,,Top4000,
3882,تتمكن,,,~할 수 있다 (2인칭/3인칭 여성),,,Top4000,
3883,تعالي,,,이리 와,,,Top4000,
3884,تكوين,,,"구성, 형성",,,Top4000,
3885,ثمة,,,~이 있다,,,Top4000,
3886,حافظ,,,"지켰다, 유지했다",,,Top4000,
3887,حاكم,,,"통치자, 지배자",,,Top4000,
3888,سامي,,,"사미, 높은",,,Top4000,
3889,سببا,,,"원인, 이유",,,Top4000,
3890,سهلة,,,쉬운 (여성),,,Top4000,
3891,سو,,,"수 (Sue, 인명)",,,Top4000,
3892,شاشة,,,"화면, 스크린",,,Top4000,
3893,صراع,,,"갈등, 분쟁",,,Top4000,
3894,طرح,,,"제시, 빼기",,,Top4000,
3895,عرضت,,,"보여주었다, 제시했다",,,Top4000,
3896,عطلة,,,"휴가, 휴일",,,Top4000,
3897,عندهم,,,그들에게,,,Top4000,
3898,عيون,,,눈들,,,Top4000,
3899,فجر,,,"새벽, 일출",,,Top4000,
3900,فشلت,,,실패했다,,,Top4000,
3901,فور,,,"즉시, ~하자마자",,,Top4000,
3902,فيقول,,,그리고 말한다,,,Top4000,
3903,ق,,,까프 (문자),,,Top4000,
3904,قلوب,,,"마음들, 심장들",,,Top4000,
3905,كانا,,,그들 둘이 ~였다,,,Top4000,
3906,مستمرة,,,지속적인,,,Top4000,
3907,معايير,,,"기준들, 표준들",,,Top4000,
3908,منازل,,,"집들, 주택들",,,Top4000,
3909,مو,,,~이 아니다 (구어),,,Top4000,
3910,ن,,,누운 (문자),,,Top4000,
3911,نسيت,,,내가 잊었다,,,Top4000,
3912,وافق,,,"동의했다, 승인했다",,,Top4000,
3913,وخصوصا,,,특히,,,Top4000,
3914,ويبدو,,,그리고 ~처럼 보인다,,,Top4000,
3915,أبيض,,,흰색,,,Top4000,
3916,أسأل,,,"묻다, 질문하다",,,Top4000,
3917,أنس,,,"아나스 (인명), 친밀함",,,Top4000,
3918,أيا,,,"어느, 누구든",,,Top4000,
3919,إخراج,,,"연출, 꺼냄",,,Top4000,
3920,إليكم,,,너희들에게,,,Top4000,
3921,اجمل,,,가장 아름다운,,,Top4000,
3922,احترام,,,"존중, 존경",,,Top4000,
3923,اقل,,,더 적은,,,Top4000,
3924,الأدوات,,,도구들,,,Top4000,
3925,الانتهاء,,,"종료, 완료",,,Top4000,
3926,التنفيذ,,,"실행, 집행",,,Top4000,
3927,الحزن,,,슬픔,,,Top4000,
3928,الشيوعي,,,공산주의의,,,Top4000,
3929,الصناعة,,,"산업, 제조",,,Top4000,
3930,العسل,,,꿀,,,Top4000,
3931,العلامة,,,"표시, 브랜드",,,Top4000,
3932,العميل,,,"고객, 요원",,,Top4000,
3933,الفنانين,,,예술가들,,,Top4000,
3934,الكوكب,,,행성,,,Top4000,
3935,اللى,,,~하는 (구어체 관계대명사),,,Top4000,
3936,المئة,,,"백, 퍼센트",,,Top4000,
3937,المحيطة,,,"주변의, 둘러싼",,,Top4000,
3938,المسيحية,,,기독교,,,Top4000,
3939,المعرض,,,"전시회, 박람회",,,Top4000,
3940,المعلم,,,"선생님, 랜드마크",,,Top4000,
3941,المعلمين,,,선생님들,,,Top4000,
3942,الموسيقية,,,음악의,,,Top4000,
3943,الموظفين,,,직원들,,,Top4000,
3944,امس,,,어제,,,Top4000,
3945,انضم,,,합류했다,,,Top4000,
3946,بأنك,,,네가 ~라는 것으로,,,Top4000,
3947,بالصور,,,사진과 함께,,,Top4000,
3948,بالمدينة,,,도시에서,,,Top4000,
3949,بجائزة,,,상으로,,,Top4000,
3950,تتطلب,,,"요구하다, 필요로 하다",,,Top4000,
3951,تتميز,,,"특징으로 하다, 구별되다",,,Top4000,
3952,تجارية,,,"상업의, 상업적인",,,Top4000,
3953,تجاوز,,,"초과, 넘어섬",,,Top4000,
3954,تحكم,,,"제어, 통제",,,Top4000,
3955,تحولت,,,"바뀌었다, 변했다",,,Top4000,
3956,تراه,,,너는 그것을 본다,,,Top4000,
3957,تركت,,,내가 떠났다,,,Top4000,
3958,تصور,,,"상상, 개념",,,Top4000,
3959,جاد,,,진지한,,,Top4000,
3960,جورجيا,,,조지아 (국가),,,Top4000,
3961,حجة,,,"논증, 구실",,,Top4000,
3962,حديثة,,,"현대의, 최신의",,,Top4000,
3963,خادم,,,"하인, 수호자",,,Top4000,
3964,دعونا,,,"우리를 놔둬, ~하자",,,Top4000,
3965,ذكره,,,그를 언급했다,,,Top4000,
3966,ر,,,르 (글자),,,Top4000,
3967,عالمي,,,"세계적인, 국제적인",,,Top4000,
3968,علمي,,,"과학의, 학문적",,,Top4000,
3969,فعلى,,,그러므로 ~위에,,,Top4000,
3970,قابلة,,,"가능한, 받아들일 만한",,,Top4000,
3971,للتواصل,,,소통을 위해,,,Top4000,
3972,للدفاع,,,방어를 위해,,,Top4000,
3973,لولا,,,~이 없었더라면,,,Top4000,
3974,مارتن,,,마틴 (이름),,,Top4000,
3975,مانشستر,,,맨체스터,,,Top4000,
3976,مجانية,,,무료의,,,Top4000,
3977,مكانه,,,"그의 자리, 장소",,,Top4000,
3978,وكأن,,,마치 ~처럼,,,Top4000,
3979,وكتب,,,그리고 썼다,,,Top4000,
3980,ي,,,"야(부르는 소리), 글자 야",,,Top4000,
3981,يتعرض,,,"노출되다, 겪다",,,Top4000,
3982,يحاولون,,,그들이 시도하다,,,Top4000,
3983,يده,,,그의 손,,,Top4000,
3984,يعبر,,,"표현하다, 건너다",,,Top4000,
3985,يعتقدون,,,"그들은 믿는다, 생각한다",,,Top4000,
3986,يفهم,,,이해하다,,,Top4000,
3987,يملكون,,,그들은 소유하다,,,Top4000,
3988,c,,,c (영문),,,Top4000,
3989,is,,,is (영문),,,Top4000,
3990,أس,,,에스 (문자),,,Top4000,
3991,أسس,,,"기초들, 설립했다",,,Top4000,
3992,اقتصادية,,,경제의,,,Top4000,
3993,الأفارقة,,,아프리카인들,,,Top4000,
3994,الأمريكيين,,,미국인들,,,Top4000,
3995,الانقلاب,,,"쿠데타, 전복",,,Top4000,
3996,البنات,,,"딸들, 소녀들",,,Top4000,
3997,البيئية,,,환경의,,,Top4000,
3998,التقليدي,,,전통적인,,,Top4000,
3999,التوتر,,,긴장,,,Top4000,
4000,الثنائية,,,"양자의, 이원의",,,Top4000,
4001,الجيد,,,좋은,,,Top5000,
4002,الحيوان,,,동물,,,Top5000,
4003,الخليجي,,,걸프의,,,Top5000,
4004,الخمسة,,,다섯,,,Top5000,
4005,الرؤية,,,"시야, 비전",,,Top5000,
4006,الرحيم,,,자비로운 (신의 속성),,,Top5000,
4007,الزراعية,,,농업의,,,Top5000,
4008,السنوي,,,"연간의, 매년의",,,Top5000,
4009,السياسات,,,정책들,,,Top5000,
4010,الضروري,,,"필요한, 필수의",,,Top5000,
4011,العادية,,,"평범한, 일반의",,,Top5000,
4012,العظمى,,,"가장 큰, 위대한",,,Top5000,
4013,العوامل,,,요인들,,,Top5000,
4014,الغابات,,,숲들,,,Top5000,
4015,الفئة,,,"범주, 계층",,,Top5000,
4016,الكذب,,,거짓말,,,Top5000,
4017,الكلب,,,개,,,Top5000,
4018,الكويتية,,,쿠웨이트의,,,Top5000,
4019,المبادرة,,,"이니셔티브, 발의",,,Top5000,
4020,المباريات,,,경기들,,,Top5000,
4021,المحطة,,,"역, 정거장",,,Top5000,
4022,المرتبة,,,"순위, 등급",,,Top5000,
4023,الملفات,,,파일들,,,Top5000,
4024,الهجمات,,,공격들,,,Top5000,
4025,الهندي,,,인도의,,,Top5000,
4026,امر,,,"명령, 일",,,Top5000,
4027,بالأمس,,,어제,,,Top5000,
4028,بالسجن,,,"투옥으로, 징역으로",,,Top5000,
4029,بديل,,,"대안, 대체",,,Top5000,
4030,برلين,,,베를린,,,Top5000,
4031,بيضاء,,,흰색의 (여),,,Top5000,
4032,تؤكد,,,"강조하다, 확인하다",,,Top5000,
4033,تترك,,,"떠나다, 두다",,,Top5000,
4034,تحالف,,,"동맹, 연합",,,Top5000,
4035,تدعم,,,지원하다,,,Top5000,
4036,تفقد,,,"점검하다, 확인하다",,,Top5000,
4037,تقرأ,,,읽다 (2인칭/3인칭여),,,Top5000,
4038,تكشف,,,"드러내다, 밝히다",,,Top5000,
4039,توقفت,,,멈췄다,,,Top5000,
4040,ثانيا,,,둘째로,,,Top5000,
4041,جهد,,,"노력, 수고",,,Top5000,
4042,حارس,,,"경비원, 수호자",,,Top5000,
4043,حيال,,,"~에 관해, ~앞에",,,Top5000,
4044,رئيسية,,,"주요한, 중심적인",,,Top5000,
4045,رحل,,,떠났다,,,Top5000,
4046,سماع,,,"듣기, 청취",,,Top5000,
4047,سياق,,,"맥락, 문맥",,,Top5000,
4048,شهرين,,,두 달,,,Top5000,
4049,صدرت,,,"발표되었다, 발행되었다",,,Top5000,
4050,صدور,,,"발행, 가슴",,,Top5000,
4051,علاوة,,,"게다가, 수당",,,Top5000,
4052,فتحت,,,열었다,,,Top5000,
4053,فليس,,,그러므로 ~이 아니다,,,Top5000,
4054,لأسباب,,,이유들 때문에,,,Top5000,
4055,لاين,,,라인,,,Top5000,
4056,لطالما,,,"오랫동안, 늘",,,Top5000,
4057,للقوات,,,군대를 위한,,,Top5000,
4058,لمتابعة,,,"따라가기 위해, 팔로우하기 위해",,,Top5000,
4059,لمساعدة,,,돕기 위해,,,Top5000,
4060,لنفسه,,,자신을 위해,,,Top5000,
4061,محدد,,,"정해진, 특정한",,,Top5000,
4062,مديرية,,,"관리청, 부",,,Top5000,
4063,مربع,,,"정사각형, 제곱",,,Top5000,
4064,واجب,,,의무,,,Top5000,
4065,وبشكل,,,그리고 ~식으로,,,Top5000,
4066,وكأنه,,,마치 ~인 것처럼,,,Top5000,
4067,يرسل,,,보내다,,,Top5000,
4068,يعلمون,,,그들이 안다,,,Top5000,
4069,يفتح,,,그가 연다,,,Top5000,
4070,يقبل,,,"받아들이다, 수용하다",,,Top5000,
4071,يكشف,,,"드러내다, 밝히다",,,Top5000,
4072,يمكنهم,,,그들은 할 수 있다,,,Top5000,
4073,يهدف,,,목표로 하다,,,Top5000,
4074,no,,,no (영문),,,Top5000,
4075,آسف,,,미안하다,,,Top5000,
4076,أسبوعين,,,2주,,,Top5000,
4077,أصوات,,,"목소리들, 소리들",,,Top5000,
4078,أوقات,,,"시간들, 때들",,,Top5000,
4079,أوكرانيا,,,우크라이나,,,Top5000,
4080,استطعت,,,내가 할 수 있었다,,,Top5000,
4081,اطلاق,,,"발사, 출시, 전혀",,,Top5000,
4082,افتح,,,열어,,,Top5000,
4083,الأغاني,,,노래들,,,Top5000,
4084,الألوان,,,색깔들,,,Top5000,
4085,الإنساني,,,"인간의, 인도주의적",,,Top5000,
4086,التمويل,,,"자금 조달, 금융",,,Top5000,
4087,الثمن,,,"가격, 값",,,Top5000,
4088,الجسر,,,다리,,,Top5000,
4089,الحاضر,,,"현재, 참석자",,,Top5000,
4090,الحسابات,,,"계산, 계정들",,,Top5000,
4091,الحكومات,,,정부들,,,Top5000,
4092,الخبز,,,빵,,,Top5000,
4093,الخلفية,,,"배경, 뒷부분",,,Top5000,
4094,الخمس,,,다섯,,,Top5000,
4095,الذاتي,,,"자아의, 자체의",,,Top5000,
4096,الذهبي,,,"금의, 황금빛",,,Top5000,
4097,الروس,,,러시아인들,,,Top5000,
4098,السحر,,,"마법, 매력",,,Top5000,
4099,السيدات,,,"숙녀들, 여성분들",,,Top5000,
4100,الشورى,,,"협의, 자문",,,Top5000,
4101,الصديق,,,친구,,,Top5000,
4102,المحتلة,,,점령된,,,Top5000,
4103,المسؤولية,,,책임,,,Top5000,
4104,المستحيل,,,불가능한 것,,,Top5000,
4105,المصابين,,,"부상자들, 감염자들",,,Top5000,
4106,الهندسة,,,"공학, 기하학",,,Top5000,
4107,الوفاة,,,사망,,,Top5000,
4108,انخفاض,,,"하락, 감소",,,Top5000,
4109,ايه,,,"뭐, 응 (구어)",,,Top5000,
4110,بالمئة,,,퍼센트,,,Top5000,
4111,بتلك,,,저것으로 (여성),,,Top5000,
4112,بصراحة,,,솔직히,,,Top5000,
4113,بفعل,,,"행동으로, ~을 함으로써",,,Top5000,
4114,بنية,,,"구조, 의도",,,Top5000,
4115,تأكد,,,"확인하다, 확신했다",,,Top5000,
4116,تتغير,,,"바뀌다, 변화하다",,,Top5000,
4117,تسير,,,"걷다, 진행되다",,,Top5000,
4118,تشارلز,,,찰스 (이름),,,Top5000,
4119,تغطية,,,"보도, 취재, 덮기",,,Top5000,
4120,ثابت,,,"고정된, 확고한",,,Top5000,
4121,جسر,,,"다리, 교량",,,Top5000,
4122,حوله,,,그 주위에,,,Top5000,
4123,حولها,,,그녀 주위에,,,Top5000,
4124,خطير,,,위험한,,,Top5000,
4125,دفاع,,,"방어, 변호",,,Top5000,
4126,رائحة,,,"냄새, 향",,,Top5000,
4127,رجاء,,,"부탁, 제발",,,Top5000,
4128,زار,,,방문했다,,,Top5000,
4129,زاوية,,,"각도, 모퉁이",,,Top5000,
4130,زايد,,,자이드 (이름),,,Top5000,
4131,زلت,,,여전히 ~하다,,,Top5000,
4132,زيد,,,자이드 (이름),,,Top5000,
4133,صوتك,,,너의 목소리,,,Top5000,
4134,طرد,,,"추방, 소포",,,Top5000,
4135,عاجل,,,"긴급한, 속보",,,Top5000,
4136,عزل,,,"격리, 해임",,,Top5000,
4137,علمية,,,과학적인,,,Top5000,
4138,غاز,,,가스,,,Top5000,
4139,فني,,,"예술적, 기술적",,,Top5000,
4140,فيروس,,,바이러스,,,Top5000,
4141,فيليب,,,필립 (이름),,,Top5000,
4142,قضى,,,"보냈다, 끝냈다",,,Top5000,
4143,قلق,,,"걱정, 불안",,,Top5000,
4144,كاليفورنيا,,,캘리포니아,,,Top5000,
4145,كتبه,,,"그의 책들, 그가 썼다",,,Top5000,
4146,كشفت,,,"드러났다, 밝혔다",,,Top5000,
4147,كلب,,,개,,,Top5000,
4148,لرئيس,,,대통령에게,,,Top5000,
4149,للرئيس,,,대통령에게,,,Top5000,
4150,للشعب,,,국민에게,,,Top5000,
4151,مصنع,,,공장,,,Top5000,
4152,معكم,,,너희들과 함께,,,Top5000,
4153,مماثلة,,,유사한,,,Top5000,
4154,موجة,,,"파도, 물결",,,Top5000,
4155,واذا,,,그리고 만약,,,Top5000,
4156,وتكون,,,그리고 ~이 된다,,,Top5000,
4157,وجدنا,,,우리가 찾았다,,,Top5000,
4158,وحدها,,,그녀 혼자,,,Top5000,
4159,ولماذا,,,그리고 왜,,,Top5000,
4160,يدعم,,,지원하다,,,Top5000,
4161,يهمني,,,나에게 중요하다,,,Top5000,
4162,يوفر,,,"제공하다, 절약하다",,,Top5000,
4163,أحاول,,,"시도하다, 노력하다",,,Top5000,
4164,أرقام,,,숫자들,,,Top5000,
4165,أهالي,,,"주민들, 가족들",,,Top5000,
4166,إنقاذ,,,"구조, 구원",,,Top5000,
4167,إيجابية,,,"긍정성, 긍정적인",,,Top5000,
4168,استعداد,,,준비,,,Top5000,
4169,اغتيال,,,암살,,,Top5000,
4170,الأرجح,,,"가장 가능성 있는, 아마도",,,Top5000,
4171,الأرجنتين,,,아르헨티나,,,Top5000,
4172,الاحتفال,,,"축하, 기념",,,Top5000,
4173,الثوري,,,혁명의,,,Top5000,
4174,الحرمين,,,두 성지,,,Top5000,
4175,الخلايا,,,세포들,,,Top5000,
4176,الخليل,,,"헤브론, 친구",,,Top5000,
4177,الخيال,,,"상상, 환상",,,Top5000,
4178,الراحل,,,"고인, 떠난 이",,,Top5000,
4179,السفير,,,대사,,,Top5000,
4180,الشاطئ,,,해변,,,Top5000,
4181,الصبر,,,인내,,,Top5000,
4182,الصعيد,,,"수준, 상이집트",,,Top5000,
4183,العشاء,,,저녁 식사,,,Top5000,
4184,الفتح,,,"정복, 개방",,,Top5000,
4185,الفكرية,,,"사상의, 지적인",,,Top5000,
4186,الفيس,,,페이스 (페이스북),,,Top5000,
4187,القادة,,,지도자들,,,Top5000,
4188,الليبية,,,리비아의,,,Top5000,
4189,المحتوى,,,"내용, 콘텐츠",,,Top5000,
4190,المراكز,,,"센터들, 중심지들",,,Top5000,
4191,المساعدات,,,"원조, 지원",,,Top5000,
4192,المساواة,,,평등,,,Top5000,
4193,المعارك,,,전투들,,,Top5000,
4194,المعايير,,,기준들,,,Top5000,
4195,الوثائق,,,문서들,,,Top5000,
4196,باي,,,안녕(작별인사),,,Top5000,
4197,بغير,,,~없이,,,Top5000,
4198,بمساعدة,,,도움으로,,,Top5000,
4199,بمشاركة,,,참여로,,,Top5000,
4200,بوش,,,부시,,,Top5000,
4201,تايمز,,,타임즈,,,Top5000,
4202,تحرك,,,움직이다,,,Top5000,
4203,ترد,,,"답하다, 돌려주다",,,Top5000,
4204,تسليم,,,"인도, 넘겨줌",,,Top5000,
4205,تغيرت,,,변했다,,,Top5000,
4206,تفتح,,,열다 (2인칭/3인칭여),,,Top5000,
4207,تمنع,,,"막다, 금지하다",,,Top5000,
4208,تنمية,,,"개발, 발전",,,Top5000,
4209,جمهور,,,"대중, 관중",,,Top5000,
4210,حركات,,,"운동들, 움직임들",,,Top5000,
4211,حمص,,,"홈스 (도시), 병아리콩",,,Top5000,
4212,حميد,,,하미드 (이름),,,Top5000,
4213,خوف,,,두려움,,,Top5000,
4214,دفعت,,,"지불했다, 밀었다",,,Top5000,
4215,رياضة,,,"스포츠, 운동",,,Top5000,
4216,سائق,,,운전사,,,Top5000,
4217,شأنها,,,"그것의 중요성, ~할 만한",,,Top5000,
4218,شبكات,,,네트워크들,,,Top5000,
4219,شوارع,,,거리들,,,Top5000,
4220,طرابلس,,,트리폴리,,,Top5000,
4221,عمال,,,노동자들,,,Top5000,
4222,قوم,,,"민족, 사람들",,,Top5000,
4223,كجزء,,,일부로서,,,Top5000,
4224,كمال,,,"카말 (이름), 완벽",,,Top5000,
4225,لسنا,,,우리는 ~아니다,,,Top5000,
4226,لنفسك,,,너 자신을 위해,,,Top5000,
4227,لوزارة,,,부처를 위해,,,Top5000,
4228,ليلى,,,라일라 (이름),,,Top5000,
4229,محسن,,,"무흐신 (이름), 자선가",,,Top5000,
4230,محيط,,,"바다, 주변, 둘레",,,Top5000,
4231,مرسي,,,모르시 (이름),,,Top5000,
4232,مطلع,,,"초입, 소식통",,,Top5000,
4233,مغادرة,,,"떠남, 출발",,,Top5000,
4234,منتج,,,"제품, 생산자",,,Top5000,
4235,ميناء,,,항구,,,Top5000,
4236,نتحدث,,,우리는 말하다,,,Top5000,
4237,نسبيا,,,"비교적, 상대적으로",,,Top5000,
4238,هجمات,,,공격들,,,Top5000,
4239,والاجتماعية,,,그리고 사회적인,,,Top5000,
4240,وبدأ,,,그리고 시작했다,,,Top5000,
4241,وتعالى,,,지극히 높으신 (신의 속성),,,Top5000,
4242,وزيادة,,,그리고 증가,,,Top5000,
4243,ولكني,,,하지만 나는 (접속사+대명사),,,Top5000,
4244,وماذا,,,그리고 무엇,,,Top5000,
4245,يسجل,,,"기록하다, 득점하다",,,Top5000,
4246,يفترض,,,"가정되다, ~해야 한다",,,Top5000,
4247,b,,,b (문자),,,Top5000,
4248,e,,,e (문자),,,Top5000,
4249,أحدكم,,,너희 중 한 명,,,Top5000,
4250,أمراض,,,질병들,,,Top5000,
4251,أود,,,"원하다, 바라다",,,Top5000,
4252,إعلام,,,"미디어, 언론",,,Top5000,
4253,اختلاف,,,"차이, 이견",,,Top5000,
4254,اضافة,,,추가,,,Top5000,
4255,الأبواب,,,문들,,,Top5000,
4256,الأداء,,,"수행, 성과",,,Top5000,
4257,الأمام,,,앞쪽,,,Top5000,
4258,الأوضاع,,,"상황들, 상태들",,,Top5000,
4259,الأولمبية,,,올림픽,,,Top5000,
4260,الابتدائية,,,"초등의, 기초의",,,Top5000,
4261,الاتحادية,,,연방의,,,Top5000,
4262,الاخر,,,다른,,,Top5000,
4263,التجمع,,,"모임, 집회",,,Top5000,
4264,التحرك,,,이동,,,Top5000,
4265,التعرض,,,"노출, 직면",,,Top5000,
4266,الجدار,,,벽,,,Top5000,
4267,الجماعية,,,집단적인,,,Top5000,
4268,الحاج,,,"하지 (순례자), 노인",,,Top5000,
4269,الحرم,,,"성지, 금역",,,Top5000,
4270,الحكام,,,"통치자들, 심판들",,,Top5000,
4271,الحيوية,,,"활력, 생명의",,,Top5000,
4272,الخطوات,,,"단계들, 발걸음들",,,Top5000,
4273,الخيار,,,"선택, 옵션",,,Top5000,
4274,الدبلوماسية,,,외교,,,Top5000,
4275,الدخل,,,"수입, 소득",,,Top5000,
4276,الدماء,,,피,,,Top5000,
4277,الذات,,,"자아, 자기",,,Top5000,
4278,الذكور,,,남성들,,,Top5000,
4279,الرقابة,,,"감시, 검열",,,Top5000,
4280,الزيارة,,,방문,,,Top5000,
4281,الشاشة,,,"화면, 스크린",,,Top5000,
4282,الصواريخ,,,미사일들,,,Top5000,
4283,الصوتية,,,음성의,,,Top5000,
4284,الفردية,,,"개인의, 개인주의",,,Top5000,
4285,الفقراء,,,가난한 사람들,,,Top5000,
4286,القريب,,,"가까운, 친척",,,Top5000,
4287,القوية,,,강한,,,Top5000,
4288,اللذين,,,그 두 사람,,,Top5000,
4289,المحمول,,,"휴대용, 모바일",,,Top5000,
4290,المعهد,,,"연구소, 학원",,,Top5000,
4291,المنورة,,,빛나는 (메디나의 수식어),,,Top5000,
4292,النارية,,,"불의, 화염의 (여성형)",,,Top5000,
4293,الوجود,,,"존재, 현존",,,Top5000,
4294,اولا,,,먼저,,,Top5000,
4295,بقتل,,,"살해로, 죽이는 것으로",,,Top5000,
4296,بلادنا,,,우리나라,,,Top5000,
4297,بلاك,,,블랙,,,Top5000,
4298,بينه,,,"그 사이, 그의 사이",,,Top5000,
4299,تشارك,,,"참여하다, 공유하다",,,Top5000,
4300,تعبر,,,"표현하다, 건너다",,,Top5000,
4301,تغريدة,,,"트윗, 지저귐",,,Top5000,
4302,تفاعل,,,"상호작용, 반응",,,Top5000,
4303,تكلفة,,,비용,,,Top5000,
4304,تيم,,,팀 (이름),,,Top5000,
4305,جبال,,,산들,,,Top5000,
4306,جميلا,,,아름다운,,,Top5000,
4307,جنبا,,,나란히,,,Top5000,
4308,حرام,,,"금지된, 하람",,,Top5000,
4309,حوض,,,"수조, 분지, 욕조",,,Top5000,
4310,حية,,,살아있는 (여성),,,Top5000,
4311,دورات,,,"강좌들, 주기들",,,Top5000,
4312,دولي,,,국제적인,,,Top5000,
4313,رصد,,,"관찰, 모니터링",,,Top5000,
4314,رفعت,,,"들어올렸다, 라파트 (이름)",,,Top5000,
4315,ستار,,,"커튼, 장막",,,Top5000,
4316,سلوك,,,"행동, 행위",,,Top5000,
4317,طيران,,,"비행, 항공",,,Top5000,
4318,علق,,,"논평했다, 매달았다",,,Top5000,
4319,فاطمة,,,파티마 (이름),,,Top5000,
4320,قبول,,,"수락, 승인",,,Top5000,
4321,كوكب,,,행성,,,Top5000,
4322,لتحديد,,,결정하기 위해,,,Top5000,
4323,لحل,,,해결을 위해,,,Top5000,
4324,للعالم,,,"세상을 위해, 세상에",,,Top5000,
4325,للنظام,,,체제를 위해,,,Top5000,
4326,مئة,,,백(100),,,Top5000,
4327,مازالت,,,여전히 ~이다(여성),,,Top5000,
4328,مبكر,,,"이른, 일찍",,,Top5000,
4329,مخرج,,,"출구, 감독",,,Top5000,
4330,مذكرة,,,"메모, 영장",,,Top5000,
4331,مرضى,,,환자들,,,Top5000,
4332,معسكر,,,"진영, 캠프",,,Top5000,
4333,مكانا,,,장소,,,Top5000,
4334,مواقف,,,"입장들, 주차장들",,,Top5000,
4335,موظف,,,"직원, 공무원",,,Top5000,
4336,نمط,,,"양식, 패턴",,,Top5000,
4337,نيو,,,뉴 (이름),,,Top5000,
4338,وأنها,,,그리고 그녀가,,,Top5000,
4339,والتنمية,,,그리고 개발,,,Top5000,
4340,والناس,,,그리고 사람들,,,Top5000,
4341,وبدون,,,그리고 ~없이,,,Top5000,
4342,وقوع,,,발생,,,Top5000,
4343,ولكنهم,,,그러나 그들은,,,Top5000,
4344,يتوجب,,,~해야 한다,,,Top5000,
4345,يسير,,,"걷다, 진행되다",,,Top5000,
4346,يقصد,,,의도하다,,,Top5000,
4347,يهم,,,중요하다,,,Top5000,
4348,أتت,,,왔다(여성형),,,Top5000,
4349,أجريت,,,수행되었다,,,Top5000,
4350,أساسية,,,"기본적인, 핵심적인",,,Top5000,
4351,أستراليا,,,호주,,,Top5000,
4352,أصدقائي,,,나의 친구들,,,Top5000,
4353,إلقاء,,,"던지기, 발표하기",,,Top5000,
4354,استراتيجية,,,전략,,,Top5000,
4355,اضغط,,,누르세요,,,Top5000,
4356,الأسماك,,,물고기들,,,Top5000,
4357,الترتيب,,,"순서, 정렬",,,Top5000,
4358,التشغيل,,,"작동, 운영",,,Top5000,
4359,الحادي,,,열한 번째의,,,Top5000,
4360,الخيرية,,,자선의,,,Top5000,
4361,الدهون,,,지방,,,Top5000,
4362,السرير,,,침대,,,Top5000,
4363,السفن,,,선박들,,,Top5000,
4364,السنوية,,,연례의,,,Top5000,
4365,الضباط,,,장교들,,,Top5000,
4366,الطرفين,,,양측,,,Top5000,
4367,العاملة,,,"일하는, 노동의",,,Top5000,
4368,العلوي,,,"위쪽의, 상부의",,,Top5000,
4369,العملاء,,,"고객들, 요원들",,,Top5000,
4370,الفلبين,,,필리핀,,,Top5000,
4371,الكيميائية,,,화학의,,,Top5000,
4372,المتحدث,,,"대변인, 연설자",,,Top5000,
4373,المتعددة,,,"다수의, 다양한",,,Top5000,
4374,المحامي,,,변호사,,,Top5000,
4375,المستشفيات,,,병원들,,,Top5000,
4376,المقدم,,,"제공된, 중령",,,Top5000,
4377,النيران,,,"불, 화염",,,Top5000,
4378,انتظر,,,기다리다,,,Top5000,
4379,اهم,,,가장 중요한,,,Top5000,
4380,بحثا,,,"찾아서, 연구",,,Top5000,
4381,بشر,,,"인간, 사람",,,Top5000,
4382,بعين,,,"눈으로, 직접",,,Top5000,
4383,بنظام,,,체계적으로,,,Top5000,
4384,بيوت,,,집들,,,Top5000,
4385,بيوم,,,"하루로, 어느 날",,,Top5000,
4386,تتعرض,,,"노출되다, 당하다",,,Top5000,
4387,تجارب,,,"경험들, 실험들",,,Top5000,
4388,تدفق,,,"유입, 흐름",,,Top5000,
4389,تلفزيون,,,텔레비전,,,Top5000,
4390,تلقي,,,"받기, 던지기",,,Top5000,
4391,تمارس,,,"실행하다, 행사하다",,,Top5000,
4392,جسد,,,"몸, 신체",,,Top5000,
4393,جماعي,,,집단적인,,,Top5000,
4394,جملة,,,"문장, 총계",,,Top5000,
4395,حظ,,,운,,,Top5000,
4396,حوادث,,,사고들,,,Top5000,
4397,حيا,,,"살아있는, 인사했다",,,Top5000,
4398,خبراء,,,전문가들,,,Top5000,
4399,خلاله,,,그동안에,,,Top5000,
4400,دينار,,,디나르 (화폐),,,Top5000,
4401,ربه,,,그의 주님,,,Top5000,
4402,رواد,,,"선구자들, 단골들",,,Top5000,
4403,ريد,,,리드 (이름),,,Top5000,
4404,زراعة,,,"농업, 재배",,,Top5000,
4405,سعيدا,,,행복한,,,Top5000,
4406,شخصي,,,개인적인,,,Top5000,
4407,طبق,,,"접시, 요리",,,Top5000,
4408,عادية,,,"보통의, 평범한(여성형)",,,Top5000,
4409,عرضة,,,~에 노출된,,,Top5000,
4410,غادر,,,떠났다,,,Top5000,
4411,فرانك,,,프랭크,,,Top5000,
4412,فك,,,"풀기, 턱",,,Top5000,
4413,فيكتور,,,빅터(이름),,,Top5000,
4414,قرابة,,,"약, 친족",,,Top5000,
4415,كأن,,,마치 ~처럼,,,Top5000,
4416,لآخر,,,"마지막까지, 다른 것에게",,,Top5000,
4417,لتعزيز,,,강화하기 위해,,,Top5000,
4418,للعام,,,그 해를 위해,,,Top5000,
4419,ماي,,,마이 (이름),,,Top5000,
4420,مثله,,,그와 같이,,,Top5000,
4421,مفتاح,,,열쇠,,,Top5000,
4422,مليئة,,,가득 찬(여성형),,,Top5000,
4423,والأمن,,,그리고 안보,,,Top5000,
4424,والثقافة,,,그리고 문화,,,Top5000,
4425,والعالم,,,그리고 세계,,,Top5000,
4426,وبناء,,,그리고 건설,,,Top5000,
4427,وجل,,,위대하신 (신의 속성),,,Top5000,
4428,يتمتع,,,"누리다, 즐기다",,,Top5000,
4429,يحدد,,,"결정하다, 정하다",,,Top5000,
4430,يحكم,,,"통치하다, 판결하다",,,Top5000,
4431,يسوع,,,예수,,,Top5000,
4432,أحكام,,,"규정들, 판결들",,,Top5000,
4433,أراضي,,,"영토, 땅들",,,Top5000,
4434,أعطى,,,주었다,,,Top5000,
4435,أنصار,,,"지지자들, 안사르",,,Top5000,
4436,اختار,,,선택했다,,,Top5000,
4437,ادخل,,,"들어가, 들어와",,,Top5000,
4438,الاختيار,,,선택,,,Top5000,
4439,الاستمرار,,,"지속, 계속",,,Top5000,
4440,الامارات,,,"에미레이트, UAE",,,Top5000,
4441,التأكد,,,확인,,,Top5000,
4442,التقنيات,,,기술들,,,Top5000,
4443,التوقف,,,"멈춤, 정지",,,Top5000,
4444,الجنائية,,,형사의,,,Top5000,
4445,الحادثة,,,사건,,,Top5000,
4446,الخلق,,,"창조, 창조물",,,Top5000,
4447,الدراسية,,,"학업의, 학습의",,,Top5000,
4448,الدستورية,,,헌법의,,,Top5000,
4449,الدوحة,,,도하,,,Top5000,
4450,الرجاء,,,"부탁, 바람",,,Top5000,
4451,السباحة,,,수영,,,Top5000,
4452,السعوديين,,,사우디인들,,,Top5000,
4453,السلبية,,,"부정적인, 수동적인",,,Top5000,
4454,الصناعي,,,"산업의, 인공의",,,Top5000,
4455,القطع,,,"조각들, 자르기",,,Top5000,
4456,الكبد,,,간,,,Top5000,
4457,المبلغ,,,금액,,,Top5000,
4458,المدة,,,"기간, 지속 시간",,,Top5000,
4459,المسافة,,,거리,,,Top5000,
4460,المسيحيين,,,기독교인들,,,Top5000,
4461,المطلوبة,,,요구되는,,,Top5000,
4462,الميت,,,"죽은 사람, 사망자",,,Top5000,
4463,النزاع,,,"분쟁, 갈등",,,Top5000,
4464,النموذج,,,"모델, 모형",,,Top5000,
4465,الوحدات,,,"단위들, 부대들",,,Top5000,
4466,بأكملها,,,전체적으로 (여성형),,,Top5000,
4467,بأمر,,,"명령으로, ~의 일에 대해",,,Top5000,
4468,بدقة,,,"정확히, 세밀하게",,,Top5000,
4469,بزيارة,,,방문으로,,,Top5000,
4470,بمنطقة,,,지역에서,,,Top5000,
4471,بنى,,,"지었다, 세웠다",,,Top5000,
4472,تتمتع,,,누리다,,,Top5000,
4473,تفهم,,,이해하다,,,Top5000,
4474,تكلم,,,말했다,,,Top5000,
4475,تنظر,,,"보다, 바라보다",,,Top5000,
4476,تهديد,,,위협,,,Top5000,
4477,ثبت,,,"증명되었다, 확고해졌다",,,Top5000,
4478,حاله,,,그의 상태,,,Top5000,
4479,حصة,,,"몫, 수업시간",,,Top5000,
4480,حلقات,,,"에피소드들, 고리들",,,Top5000,
4481,حمام,,,"욕실, 비둘기",,,Top5000,
4482,حيوانات,,,동물들,,,Top5000,
4483,داخلية,,,"내부의, 내무부",,,Top5000,
4484,دروس,,,"수업들, 교훈들",,,Top5000,
4485,ديني,,,종교적인,,,Top5000,
4486,ديوان,,,"궁정, 시집",,,Top5000,
4487,ذاكرة,,,"기억, 메모리",,,Top5000,
4488,ردة,,,"반응, 배교",,,Top5000,
4489,ريو,,,리우,,,Top5000,
4490,زوجي,,,내 남편,,,Top5000,
4491,سألت,,,물었다,,,Top5000,
4492,سم,,,"독, 센티미터",,,Top5000,
4493,سمح,,,허락했다,,,Top5000,
4494,سمير,,,사미르 (이름),,,Top5000,
4495,شرب,,,"마셨다, 음주",,,Top5000,
4496,شهداء,,,순교자들,,,Top5000,
4497,شين,,,"신, 션 (이름)",,,Top5000,
4498,صادق,,,"진실한, 사디크 (이름)",,,Top5000,
4499,صدام,,,"충돌, 사담 (이름)",,,Top5000,
4500,ضعيف,,,약한,,,Top5000,
4501,عائشة,,,아이샤 (이름),,,Top5000,
4502,عددهم,,,그들의 수,,,Top5000,
4503,قط,,,"결코, 고양이",,,Top5000,
4504,كارلوس,,,카를로스 (이름),,,Top5000,
4505,كافي,,,충분한,,,Top5000,
4506,لعدد,,,"여러, ~의 수만큼",,,Top5000,
4507,لنظام,,,체제를 위해,,,Top5000,
4508,ماجد,,,마지드 (이름),,,Top5000,
4509,معدلات,,,비율들,,,Top5000,
4510,مغلقة,,,닫힌 (여성형),,,Top5000,
4511,موقعنا,,,"우리 사이트, 우리 위치",,,Top5000,
4512,ننتظر,,,우리가 기다리다,,,Top5000,
4513,و000,,,그리고 000,,,Top5000,
4514,واحده,,,하나 (여성형),,,Top5000,
4515,وايت,,,화이트 (이름),,,Top5000,
4516,وتحميل,,,그리고 다운로드,,,Top5000,
4517,وحين,,,그리고 ~할 때,,,Top5000,
4518,وصفت,,,묘사했다,,,Top5000,
4519,وكيل,,,"대리인, 차관",,,Top5000,
4520,ومصر,,,그리고 이집트,,,Top5000,
4521,يعنى,,,의미하다,,,Top5000,
4522,يقضي,,,"보내다, 판결하다",,,Top5000,
4523,آنذاك,,,그 당시에,,,Top5000,
4524,أسهل,,,더 쉬운,,,Top5000,
4525,أصعب,,,더 어려운,,,Top5000,
4526,أعيش,,,내가 산다,,,Top5000,
4527,أملك,,,나는 소유하다,,,Top5000,
4528,أنشطة,,,활동들,,,Top5000,
4529,أيدي,,,손들,,,Top5000,
4530,إرهابية,,,테러의,,,Top5000,
4531,إنني,,,나는 정말,,,Top5000,
4532,الآلي,,,"자동의, 기계의",,,Top5000,
4533,الأدنى,,,"최저의, 근동",,,Top5000,
4534,الأشهر,,,"가장 유명한, 달들",,,Top5000,
4535,الاتفاقية,,,협정,,,Top5000,
4536,الاستخبارات,,,정보기관,,,Top5000,
4537,الاستقرار,,,안정,,,Top5000,
4538,الاشياء,,,"것들, 물건들",,,Top5000,
4539,التحول,,,"전환, 변화",,,Top5000,
4540,التشريعية,,,입법의,,,Top5000,
4541,الحربي,,,"전쟁의, 군사의",,,Top5000,
4542,الصحفيين,,,기자들,,,Top5000,
4543,العالمين,,,"만물, 세상들",,,Top5000,
4544,العميد,,,"학장, 준장",,,Top5000,
4545,القوم,,,"민족, 사람들",,,Top5000,
4546,اللجوء,,,"망명, 의지",,,Top5000,
4547,الليبي,,,리비아의,,,Top5000,
4548,المتحف,,,박물관,,,Top5000,
4549,المجالات,,,분야들,,,Top5000,
4550,المعنى,,,의미,,,Top5000,
4551,المقابلة,,,"인터뷰, 면접",,,Top5000,
4552,المقرر,,,"예정된, 교과과정",,,Top5000,
4553,الناتج,,,"결과물, GDP",,,Top5000,
4554,النقاش,,,"토론, 논의",,,Top5000,
4555,انتقلت,,,이동했다,,,Top5000,
4556,انطلاق,,,"출발, 개시",,,Top5000,
4557,اه,,,아,,,Top5000,
4558,بإطلاق,,,"발사로, 발표로",,,Top5000,
4559,باعتبارها,,,그것을 ~로서,,,Top5000,
4560,بطاقات,,,카드들,,,Top5000,
4561,بقوله,,,그의 말로,,,Top5000,
4562,تبعد,,,~만큼 떨어져 있다,,,Top5000,
4563,تثبت,,,"증명하다, 고정하다",,,Top5000,
4564,تجنب,,,피하다,,,Top5000,
4565,تصدق,,,"믿다, 진실되다",,,Top5000,
4566,تصرف,,,"행동, 처신",,,Top5000,
4567,تصنع,,,너는 만든다,,,Top5000,
4568,تضمن,,,"보장하다, 포함하다",,,Top5000,
4569,تميز,,,"두드러지다, 구별되다",,,Top5000,
4570,جميعها,,,그것들 모두,,,Top5000,
4571,جنسيا,,,성적으로,,,Top5000,
4572,جواز,,,"여권, 허용",,,Top5000,
4573,جوية,,,"공중의, 항공의",,,Top5000,
4574,حامل,,,"임신한, 들고 있는",,,Top5000,
4575,حيوان,,,동물,,,Top5000,
4576,خبرة,,,"경험, 경력",,,Top5000,
4577,خبير,,,전문가,,,Top5000,
4578,راشد,,,"라시드 (이름), 성숙한",,,Top5000,
4579,رام,,,람 (라말라),,,Top5000,
4580,ساعد,,,"도왔다, 팔",,,Top5000,
4581,سرطان,,,"암, 게",,,Top5000,
4582,سكانها,,,그 주민들,,,Top5000,
4583,سكوت,,,"침묵, 스콧",,,Top5000,
4584,سمع,,,"들었다, 청각",,,Top5000,
4585,سياسيا,,,정치적으로,,,Top5000,
4586,شاعر,,,시인,,,Top5000,
4587,طلال,,,탈랄 (이름),,,Top5000,
4588,عقدت,,,개최되었다,,,Top5000,
4589,عمران,,,"임란 (이름), 건설",,,Top5000,
4590,فعالية,,,"행사, 효력",,,Top5000,
4591,فينا,,,"우리 안에, 비엔나",,,Top5000,
4592,قادرا,,,할 수 있는,,,Top5000,
4593,قتلت,,,내가 죽였다,,,Top5000,
4594,قيم,,,"가치들, 값진",,,Top5000,
4595,لتطوير,,,개발하기 위해,,,Top5000,
4596,لسان,,,"혀, 언어",,,Top5000,
4597,لشراء,,,사기 위해,,,Top5000,
4598,لطيف,,,"친절하다, 상냥하다",,,Top5000,
4599,للمسلمين,,,무슬림들을 위해,,,Top5000,
4600,لمجلس,,,의회를 위해,,,Top5000,
4601,مبروك,,,축하합니다,,,Top5000,
4602,مثلك,,,너처럼,,,Top5000,
4603,مغربية,,,모로코의,,,Top5000,
4604,نسخ,,,"사본들, 복사",,,Top5000,
4605,نوبل,,,노벨,,,Top5000,
4606,و0000,,,그리고 0000,,,Top5000,
4607,وضعها,,,"그녀의 상황, 그것을 두었다",,,Top5000,
4608,يتجاوز,,,"초과하다, 넘다",,,Top5000,
4609,يجوز,,,허용되다,,,Top5000,
4610,يحق,,,권리가 있다,,,Top5000,
4611,يحقق,,,"달성하다, 조사하다",,,Top5000,
4612,يواجه,,,직면하다,,,Top5000,
4613,يومنا,,,"우리의 날, 오늘날",,,Top5000,
4614,o,,,o (문자),,,Top5000,
4615,أتذكر,,,기억하다,,,Top5000,
4616,أقسم,,,내가 맹세한다,,,Top5000,
4617,أمره,,,"그의 명령, 그의 일",,,Top5000,
4618,احدى,,,~중 하나 (여성),,,Top5000,
4619,اريد,,,원하다,,,Top5000,
4620,استعادة,,,"회복, 되찾기",,,Top5000,
4621,اسمع,,,들어봐,,,Top5000,
4622,الأحكام,,,"판결들, 규정들",,,Top5000,
4623,الأزهر,,,알아즈하르,,,Top5000,
4624,الأمني,,,보안의,,,Top5000,
4625,الأنباء,,,"뉴스, 통신",,,Top5000,
4626,الاعتماد,,,"의존, 인증",,,Top5000,
4627,الايام,,,날들,,,Top5000,
4628,البشرة,,,피부,,,Top5000,
4629,البعد,,,"차원, 거리",,,Top5000,
4630,التحديات,,,도전들,,,Top5000,
4631,التحكيم,,,"중재, 심판",,,Top5000,
4632,الجلوس,,,"앉기, 거실",,,Top5000,
4633,الجواب,,,"답, 대답",,,Top5000,
4634,الحريق,,,화재,,,Top5000,
4635,الحية,,,"살아있는, 뱀",,,Top5000,
4636,الدماغ,,,뇌,,,Top5000,
4637,الدولارات,,,달러들,,,Top5000,
4638,الرائد,,,"소령, 선구자",,,Top5000,
4639,الرحمة,,,자비,,,Top5000,
4640,الرياضيات,,,수학,,,Top5000,
4641,الساعات,,,"시간들, 시계들",,,Top5000,
4642,السريعة,,,빠른,,,Top5000,
4643,الشعراء,,,시인들,,,Top5000,
4644,الشمسية,,,태양의,,,Top5000,
4645,الصلة,,,"관련성, 연결",,,Top5000,
4646,الظاهرة,,,"현상, 명백한",,,Top5000,
4647,العادي,,,보통의,,,Top5000,
4648,الفائدة,,,"이익, 이자",,,Top5000,
4649,الفائز,,,"우승자, 승자",,,Top5000,
4650,القلوب,,,"마음들, 심장들",,,Top5000,
4651,المتاحة,,,이용 가능한,,,Top5000,
4652,المحرك,,,"엔진, 동력",,,Top5000,
4653,المعدات,,,장비들,,,Top5000,
4654,المناعة,,,면역,,,Top5000,
4655,الويب,,,웹,,,Top5000,
4656,انهيار,,,붕괴,,,Top5000,
4657,بأحد,,,"누구에게, 누구로",,,Top5000,
4658,بقيمة,,,"가치로, ~의 금액으로",,,Top5000,
4659,بكلمة,,,한 마디로,,,Top5000,
4660,بيته,,,그의 집,,,Top5000,
4661,تدعو,,,"부르다, 초대하다",,,Top5000,
4662,تركز,,,"집중하다, 중심에 두다",,,Top5000,
4663,جذب,,,"끌다, 매력, 유인",,,Top5000,
4664,جوزيف,,,조셉 (이름),,,Top5000,
4665,حكاية,,,"이야기, 설화",,,Top5000,
4666,خوفا,,,"두려움으로, 공포 때문에",,,Top5000,
4667,داخلي,,,"내부의, 내적인",,,Top5000,
4668,دانيال,,,다니엘 (이름),,,Top5000,
4669,دراسات,,,"연구들, 학업",,,Top5000,
4670,راحة,,,"휴식, 편안함",,,Top5000,
4671,روس,,,로스(이름),,,Top5000,
4672,رياض,,,"리야드 (도시), 정원들",,,Top5000,
4673,ساعتين,,,두 시간,,,Top5000,
4674,سقطت,,,떨어졌다(여성),,,Top5000,
4675,سيحدث,,,일어날 것이다,,,Top5000,
4676,شأن,,,"일, 문제",,,Top5000,
4677,شؤون,,,"사안, 업무",,,Top5000,
4678,شدة,,,"강도, 세기, 심함",,,Top5000,
4679,شقة,,,아파트,,,Top5000,
4680,صدق,,,"진실, 정직",,,Top5000,
4681,ضروري,,,"필수적인, 필요한",,,Top5000,
4682,طاقم,,,"팀, 승무원",,,Top5000,
4683,عامي,,,"구어체의, 평민의",,,Top5000,
4684,عقل,,,"마음, 정신",,,Top5000,
4685,عميق,,,깊은,,,Top5000,
4686,غالبية,,,"다수, 과반수",,,Top5000,
4687,فضاء,,,"우주, 공간",,,Top5000,
4688,قرارا,,,결정 (목적격),,,Top5000,
4689,قويا,,,강한 (목적격),,,Top5000,
4690,كثرة,,,"다수, 많음",,,Top5000,
4691,كذا,,,"이렇게, 그러한",,,Top5000,
4692,كليا,,,"완전히, 전적으로",,,Top5000,
4693,لتصبح,,,~이 되기 위해,,,Top5000,
4694,لعلاج,,,치료를 위해,,,Top5000,
4695,لعمل,,,"일을 위해, 하기 위해",,,Top5000,
4696,للرجال,,,남자들을 위한,,,Top5000,
4697,للولايات,,,(미합중)국들에게,,,Top5000,
4698,لمجموعة,,,그룹을 위해,,,Top5000,
4699,لمكافحة,,,~에 맞서 싸우기 위해,,,Top5000,
4700,لوضع,,,"~을 놓기 위해, 상황에",,,Top5000,
4701,متعلقة,,,관련된 (여성형),,,Top5000,
4702,محاكمة,,,"재판, 심판",,,Top5000,
4703,معاوية,,,무아위야 (이름),,,Top5000,
4704,معلم,,,"교사, 선생, 랜드마크",,,Top5000,
4705,مقدار,,,"양, 정도",,,Top5000,
4706,ملفات,,,파일들,,,Top5000,
4707,ممتاز,,,"훌륭한, 뛰어난",,,Top5000,
4708,موضع,,,"위치, 장소",,,Top5000,
4709,هائلة,,,"엄청난, 거대한 (여성형)",,,Top5000,
4710,وأصبحت,,,그리고 ~이 되었다,,,Top5000,
4711,وتعتبر,,,그리고 ~로 간주되다,,,Top5000,
4712,وطن,,,"조국, 고향",,,Top5000,
4713,ولكنني,,,하지만 나는,,,Top5000,
4714,ووضع,,,"그리고 놓다, 상황",,,Top5000,
4715,ويقوم,,,그리고 수행하다,,,Top5000,
4716,يديك,,,네 두 손,,,Top5000,
4717,يصنع,,,만들다,,,Top5000,
4718,أبحاث,,,"연구들, 조사",,,Top5000,
4719,أطباء,,,의사들,,,Top5000,
4720,أفكر,,,생각하다,,,Top5000,
4721,أنهما,,,그 둘이 ~라는 것,,,Top5000,
4722,إدخال,,,"입력, 도입",,,Top5000,
4723,ابحث,,,"찾아라, 검색하다",,,Top5000,
4724,اتخذ,,,"취하다, 채택하다",,,Top5000,
4725,استخدامه,,,그것의 사용,,,Top5000,
4726,استغلال,,,"착취, 이용",,,Top5000,
4727,استقبال,,,"환영, 접수",,,Top5000,
4728,الأسفل,,,아래쪽,,,Top5000,
4729,الإيطالية,,,이탈리아의 (여성형),,,Top5000,
4730,الاسلامية,,,이슬람의 (여성형),,,Top5000,
4731,الالكتروني,,,전자의,,,Top5000,
4732,الالكترونية,,,전자의 (여성형),,,Top5000,
4733,البر,,,"육지, 선행",,,Top5000,
4734,التأمين,,,보험,,,Top5000,
4735,التصرف,,,"행동, 처신",,,Top5000,
4736,التعريف,,,"정의, 소개",,,Top5000,
4737,التنفيذية,,,"행정의, 집행의 (여성형)",,,Top5000,
4738,التهاب,,,염증,,,Top5000,
4739,الجودة,,,품질,,,Top5000,
4740,الحديقة,,,"공원, 정원",,,Top5000,
4741,الحكيم,,,"현명한 자, 하킴",,,Top5000,
4742,الذهبية,,,황금의 (여성형),,,Top5000,
4743,الروابط,,,"연결, 유대, 링크",,,Top5000,
4744,الريف,,,"시골, 농촌",,,Top5000,
4745,السويد,,,스웨덴,,,Top5000,
4746,الصحيحة,,,올바른 (여),,,Top5000,
4747,الضرر,,,"피해, 손상",,,Top5000,
4748,الطلاق,,,이혼,,,Top5000,
4749,القبائل,,,부족들,,,Top5000,
4750,القذافي,,,카다피,,,Top5000,
4751,القطار,,,기차,,,Top5000,
4752,الكحول,,,알코올,,,Top5000,
4753,المحاكم,,,법원들,,,Top5000,
4754,الملايين,,,수백만,,,Top5000,
4755,الملف,,,"파일, 서류",,,Top5000,
4756,المميزة,,,"특별한, 뛰어난 (여성형)",,,Top5000,
4757,الهامة,,,중요한 (여성형),,,Top5000,
4758,الوظائف,,,"직업들, 기능들",,,Top5000,
4759,الولد,,,"소년, 아이",,,Top5000,
4760,الوليد,,,"알왈리드, 갓난아이",,,Top5000,
4761,الوهاب,,,베푸는 자 (알와하브),,,Top5000,
4762,بإعادة,,,다시 함으로써,,,Top5000,
4763,تأخر,,,"늦다, 지연되다",,,Top5000,
4764,تتوقع,,,"예상하다, 기대하다",,,Top5000,
4765,تردد,,,"망설임, 빈도",,,Top5000,
4766,تسقط,,,떨어지다 (여성형),,,Top5000,
4767,تصريحات,,,"발언들, 성명들",,,Top5000,
4768,توحيد,,,"통일, 통합",,,Top5000,
4769,جل,,,"대부분, 위대함",,,Top5000,
4770,جوانب,,,"측면들, 면",,,Top5000,
4771,جونز,,,존스(이름),,,Top5000,
4772,حدة,,,"격렬함, 날카로움",,,Top5000,
4773,حظا,,,행운 (목적격),,,Top5000,
4774,حفلة,,,파티,,,Top5000,
4775,حققت,,,"달성했다, 성취했다",,,Top5000,
4776,دائمة,,,"영구적인, 지속적인 (여성형)",,,Top5000,
4777,ردود,,,"응답들, 반응들",,,Top5000,
4778,رموز,,,"상징들, 코드들",,,Top5000,
4779,سجلت,,,"기록되었다, 등록했다",,,Top5000,
4780,سرا,,,비밀리에,,,Top5000,
4781,سمحت,,,허락했다,,,Top5000,
4782,سنه,,,"한 해, 그의 나이",,,Top5000,
4783,سياسات,,,정책들,,,Top5000,
4784,شرط,,,"조건, 전제",,,Top5000,
4785,شهرا,,,한 달 (목적격),,,Top5000,
4786,صغار,,,"어린이들, 작은 것들",,,Top5000,
4787,طريقها,,,그녀의 길,,,Top5000,
4788,علاء,,,알라 (이름),,,Top5000,
4789,عنصر,,,"요소, 원소",,,Top5000,
4790,غرف,,,"방들, 실",,,Top5000,
4791,فلسطيني,,,"팔레스타인의, 팔레스타인인",,,Top5000,
4792,قرى,,,마을들,,,Top5000,
4793,كهذا,,,이와 같은,,,Top5000,
4794,لحزب,,,당을 위해,,,Top5000,
4795,للتنمية,,,개발을 위해,,,Top5000,
4796,لهما,,,그 둘에게,,,Top5000,
4797,ليصبح,,,~이 되기 위해,,,Top5000,
4798,ليفربول,,,리버풀,,,Top5000,
4799,ليه,,,"왜 (구어), 그에게",,,Top5000,
4800,مستقل,,,"독립적인, 독립체",,,Top5000,
4801,مصير,,,"운명, 귀결",,,Top5000,
4802,مقاعد,,,"좌석들, 의석",,,Top5000,
4803,ملكية,,,"왕실의, 소유권",,,Top5000,
4804,ميشيل,,,미셸(이름),,,Top5000,
4805,نادر,,,"드문, 희귀한",,,Top5000,
4806,نجيب,,,"나기브 (이름), 고귀한",,,Top5000,
4807,هدفا,,,목표 (목적격),,,Top5000,
4808,وأحيانا,,,그리고 때때로,,,Top5000,
4809,والعراق,,,그리고 이라크,,,Top5000,
4810,والمعلومات,,,그리고 정보들,,,Top5000,
4811,والولايات,,,그리고 (합중)국들,,,Top5000,
4812,وضعه,,,"그의 상황, 그것을 두었다",,,Top5000,
4813,وعلي,,,그리고 알리,,,Top5000,
4814,وفيها,,,그리고 그 안에,,,Top5000,
4815,يتوقع,,,"기대하다, 예상하다",,,Top5000,
4816,يحضر,,,"가져오다, 참석하다",,,Top5000,
4817,يسقط,,,"떨어지다, 몰락하다",,,Top5000,
4818,يشعرون,,,그들이 느끼다,,,Top5000,
4819,يمكنني,,,나는 할 수 있다,,,Top5000,
4820,ينتمي,,,"속하다, 소속되다",,,Top5000,
4821,يوضح,,,"명확히 하다, 설명하다",,,Top5000,
4822,s,,,s (문자),,,Top5000,
4823,آلية,,,"메커니즘, 기계적인",,,Top5000,
4824,آنا,,,안나 (이름),,,Top5000,
4825,أقيم,,,"개최되었다, 세워졌다",,,Top5000,
4826,إثبات,,,증명,,,Top5000,
4827,إجمالي,,,"총, 전체의",,,Top5000,
4828,اعمل,,,"일해라, 해라(명령형)",,,Top5000,
4829,الآباء,,,"아버지들, 부모들",,,Top5000,
4830,الآخرون,,,다른 사람들,,,Top5000,
4831,الأبحاث,,,연구들,,,Top5000,
4832,الأبطال,,,"영웅들, 챔피언들",,,Top5000,
4833,الأفريقي,,,아프리카의,,,Top5000,
4834,الأكاديمية,,,"학술의, 아카데미",,,Top5000,
4835,الأميركية,,,미국의 (여성형),,,Top5000,
4836,الإيطالي,,,이탈리아의,,,Top5000,
4837,الامن,,,"안보, 안전",,,Top5000,
4838,التحليل,,,분석,,,Top5000,
4839,التدخين,,,흡연,,,Top5000,
4840,الجدران,,,벽들,,,Top5000,
4841,الجزر,,,"섬들, 당근",,,Top5000,
4842,الحديدية,,,철의 (여성형),,,Top5000,
4843,الحروف,,,"문자들, 글자",,,Top5000,
4844,الحليب,,,우유,,,Top5000,
4845,الذكية,,,"스마트한, 영리한 (여성형)",,,Top5000,
4846,السياسيين,,,정치인들,,,Top5000,
4847,الشرعي,,,"합법적인, 정당한",,,Top5000,
4848,الصادرة,,,"발행된, 공표된 (여성형)",,,Top5000,
4849,الصرف,,,"환전, 하수",,,Top5000,
4850,العشر,,,"열, 십의",,,Top5000,
4851,العظيمة,,,위대한 (여),,,Top5000,
4852,الغالب,,,"대부분, 지배적인",,,Top5000,
4853,الفتاح,,,여는 자 (알파타흐),,,Top5000,
4854,الفشل,,,실패,,,Top5000,
4855,القطري,,,카타르의,,,Top5000,
4856,الكلاب,,,개들,,,Top5000,
4857,الم,,,"통증, ~하지 않았는가",,,Top5000,
4858,المائة,,,"백, 100",,,Top5000,
4859,المجلة,,,잡지,,,Top5000,
4860,الملائكة,,,천사들,,,Top5000,
4861,النسبة,,,"비율, 퍼센트",,,Top5000,
4862,انفجار,,,폭발,,,Top5000,
4863,بأكمله,,,"전체적으로, 완전히",,,Top5000,
4864,بأننا,,,우리가 ~라고,,,Top5000,
4865,بالأمر,,,그 일에 대해,,,Top5000,
4866,بصفة,,,"~의 자격으로, ~로서",,,Top5000,
4867,بنشر,,,출판/게시함으로써,,,Top5000,
4868,تتكون,,,~로 구성되다,,,Top5000,
4869,تعلمت,,,배웠다,,,Top5000,
4870,حرم,,,"금지하다, 성역",,,Top5000,
4871,حسابه,,,"그의 계산, 그의 계좌",,,Top5000,
4872,حولك,,,너의 주위에,,,Top5000,
4873,خوان,,,후안 (이름),,,Top5000,
4874,دان,,,댄 (인명),,,Top5000,
4875,دستور,,,헌법,,,Top5000,
4876,رؤساء,,,"대통령들, 우두머리들",,,Top5000,
4877,رابطة,,,"연맹, 협회",,,Top5000,
4878,راي,,,"의견, 견해",,,Top5000,
4879,سحر,,,"마법, 매력",,,Top5000,
4880,سراح,,,"석방, 자유",,,Top5000,
4881,سرعان,,,"곧, 재빨리",,,Top5000,
4882,سويسرا,,,스위스,,,Top5000,
4883,صفر,,,"영, 제로",,,Top5000,
4884,ضم,,,"병합하다, 포함하다",,,Top5000,
4885,عقوبة,,,"처벌, 형벌",,,Top5000,
4886,عماد,,,"기둥, 이마드 (이름)",,,Top5000,
4887,غطاء,,,"덮개, 뚜껑",,,Top5000,
4888,قلعة,,,"성, 요새",,,Top5000,
4889,كده,,,이렇게 (이집트 구어),,,Top5000,
4890,لتنظيم,,,조직/규제를 위해,,,Top5000,
4891,لسنوات,,,수년 동안,,,Top5000,
4892,للاتحاد,,,연맹/연합을 위해,,,Top5000,
4893,للتعليم,,,교육을 위해,,,Top5000,
4894,مؤلم,,,고통스러운,,,Top5000,
4895,مجموع,,,"합계, 총합",,,Top5000,
4896,مخيم,,,"캠프, 난민촌",,,Top5000,
4897,مدني,,,"시민의, 민간의",,,Top5000,
4898,مدنية,,,"시민의, 민간의 (여성형)",,,Top5000,
4899,مرارا,,,"여러 번, 반복해서",,,Top5000,
4900,مسعود,,,"마수드 (이름), 행복한",,,Top5000,
4901,مسقط,,,"무스카트, 출생지",,,Top5000,
4902,مقدم,,,"진행자, 앞부분, 선불",,,Top5000,
4903,هاري,,,해리(이름),,,Top5000,
4904,والدة,,,어머니,,,Top5000,
4905,والسياسية,,,그리고 정치적인 (여성형),,,Top5000,
4906,والمجتمع,,,그리고 사회,,,Top5000,
4907,والنساء,,,그리고 여성들,,,Top5000,
4908,واي,,,"와이 (문자 Y), 어떤",,,Top5000,
4909,وتحت,,,그리고 아래에,,,Top5000,
4910,وجهها,,,그녀의 얼굴,,,Top5000,
4911,وجوده,,,그의 존재,,,Top5000,
4912,وفيما,,,그리고 ~하는 동안,,,Top5000,
4913,ياسين,,,야신 (이름),,,Top5000,
4914,يثير,,,"불러일으키다, 자극하다",,,Top5000,
4915,يرفع,,,"들어올리다, 높이다",,,Top5000,
4916,يعادل,,,"~와 같다, 동등하다",,,Top5000,
4917,ينتج,,,"생산하다, 초래하다",,,Top5000,
4918,يونايتد,,,유나이티드,,,Top5000,
4919,أخبر,,,"알리다, 말하다",,,Top5000,
4920,أهله,,,그의 가족,,,Top5000,
4921,أوسع,,,더 넓은,,,Top5000,
4922,أينما,,,어디든지,,,Top5000,
4923,إندونيسيا,,,인도네시아,,,Top5000,
4924,اتصالات,,,"통신, 연락",,,Top5000,
4925,اصبحت,,,~이 되었다,,,Top5000,
4926,الأنبياء,,,예언자들,,,Top5000,
4927,الإتحاد,,,"연합, 연맹",,,Top5000,
4928,الباحث,,,"연구자, 탐구자",,,Top5000,
4929,البسيطة,,,"단순한, 간단한 (여성형)",,,Top5000,
4930,التحقق,,,"확인, 검증",,,Top5000,
4931,التغذية,,,"영양, 급식",,,Top5000,
4932,التغييرات,,,변화들,,,Top5000,
4933,التوازن,,,균형,,,Top5000,
4934,الجهد,,,"노력, 전압",,,Top5000,
4935,الجوائز,,,"상들, 상품",,,Top5000,
4936,الخبرة,,,"경험, 전문성",,,Top5000,
4937,الخلف,,,뒤,,,Top5000,
4938,الرغبة,,,"욕망, 바람",,,Top5000,
4939,الزمالك,,,자말렉 (이집트 축구팀),,,Top5000,
4940,السمك,,,"생선, 물고기",,,Top5000,
4941,العروض,,,"제안들, 공연들",,,Top5000,
4942,العقلية,,,"정신적인, 사고방식 (여성형)",,,Top5000,
4943,القريبة,,,가까운 (여성형),,,Top5000,
4944,القوي,,,강한 자,,,Top5000,
4945,اللطيف,,,"친절한, 다정한",,,Top5000,
4946,المتقدمة,,,"선진의, 진보한 (여성형)",,,Top5000,
4947,المحافظ,,,"보수적인, 주지사",,,Top5000,
4948,المساحة,,,"면적, 공간",,,Top5000,
4949,النصوص,,,"텍스트들, 문서들",,,Top5000,
4950,النفايات,,,"폐기물, 쓰레기",,,Top5000,
4951,بشرية,,,"인간의, 인류의 (여성형)",,,Top5000,
4952,بعدة,,,여러,,,Top5000,
4953,بعضنا,,,"우리 중 일부, 서로",,,Top5000,
4954,بقايا,,,"잔해, 남은 것",,,Top5000,
4955,بقلم,,,~의 펜으로 (저자 표시),,,Top5000,
4956,بمثل,,,"~같이, ~처럼",,,Top5000,
4957,تؤمن,,,믿다 (2인칭/3인칭여),,,Top5000,
4958,تبني,,,"채택하다, 입양하다",,,Top5000,
4959,تتجاوز,,,"초과하다, 넘다",,,Top5000,
4960,تجديد,,,"갱신, 리노베이션",,,Top5000,
4961,تخفيض,,,"감소, 인하",,,Top5000,
4962,تدرك,,,"깨닫다, 알아차리다",,,Top5000,
4963,ترامب,,,트럼프,,,Top5000,
4964,ترفع,,,"들어올리다, 제기하다",,,Top5000,
4965,تستهدف,,,표적으로 삼다,,,Top5000,
4966,تعز,,,타이즈 (도시),,,Top5000,
4967,تقسيم,,,"분할, 나눔",,,Top5000,
4968,توفيق,,,"성공, 타우피크 (이름)",,,Top5000,
4969,تولي,,,"맡다, 취임하다",,,Top5000,
4970,ثلاثين,,,"삼십, 30",,,Top5000,
4971,ثنائي,,,"이중의, 듀엣",,,Top5000,
4972,جثة,,,"시체, 시신",,,Top5000,
4973,جدد,,,"새로운 자들, 새로워지다",,,Top5000,
4974,جعفر,,,자파르 (이름),,,Top5000,
4975,جماعات,,,"집단들, 그룹들",,,Top5000,
4976,حمزة,,,함자 (이름),,,Top5000,
4977,خطورة,,,"위험성, 심각성",,,Top5000,
4978,دع,,,"두어라, 놓아라",,,Top5000,
4979,دواء,,,"약, 약물",,,Top5000,
4980,راديو,,,라디오,,,Top5000,
4981,زهرة,,,꽃,,,Top5000,
4982,ستيفن,,,스티븐 (이름),,,Top5000,
4983,ش,,,쉰 (문자),,,Top5000,
4984,شكر,,,감사,,,Top5000,
4985,شهيد,,,순교자,,,Top5000,
4986,صحفية,,,"언론의, 기자 (여성형)",,,Top5000,
4987,ضبط,,,"조정, 통제",,,Top5000,
4988,ضخم,,,거대한,,,Top5000,
4989,ضعيفة,,,약한 (여성형),,,Top5000,
4990,طه,,,타하 (이름),,,Top5000,
4991,طيار,,,조종사,,,Top5000,
4992,عرضه,,,"그의 제안, 그것을 보여주기",,,Top5000,
4993,عينيك,,,네 두 눈,,,Top5000,
4994,فعال,,,"효과적인, 활동적인",,,Top5000,
4995,فكل,,,그래서 모든,,,Top5000,
4996,فيلا,,,"빌라, 저택",,,Top5000,
4997,قنبلة,,,폭탄,,,Top5000,
4998,كذب,,,"거짓말, 거짓말했다",,,Top5000,
4999,كوب,,,컵,,,Top5000,
5000,للحزب,,,"당에게, 당을 위한",,,Top5000,
