id_suffix	course	dialogue_id	speaker	dialogue_order	target_text	ko_text	romanization	note	tags	context	extra
l2_d16_t01	2	대화16	A	1	Lama nggak ketemu!	오랜만이야!	라마 응각 끄뜨무!	nggak = tidak 구어	'{new}'	인니 구어	자카르타 카페
l2_d16_t02	2	대화16	B	2	Iya, kamu apa kabar?	응, 잘 지내?	이야, 까무 아빠 까바르?		'{new}'		카페
l2_d16_t03	2	대화16	A	3	Baik. Kerja gimana?	좋아. 일은?	바익. 끄르자 기마나?		'{new}'		카페
l2_d16_t04	2	대화16	B	4	Sibuk banget. Macet pula.	엄청 바빠. 길도 막혀.	시북 방엣. 마쩻 뿔라.	macet = 막히다	'{new}'	자카르타 교통체증	카페
l2_d16_t05	2	대화16	A	5	Jakarta begitu.	자카르타가 그렇지.	자카르타 브기뚜.		'{new}'		카페
l2_d16_t06	2	대화16	B	6	Pengen pindah, sih.	이사 가고 싶어.	쁭엔 삔다, 시.	pengen = 원하다 (구어)	'{new}'		카페
l2_d16_t07	2	대화16	A	7	Ke mana?	어디로?	끄 마나?		'{new}'		카페
l2_d16_t08	2	대화16	B	8	Bali, kerja remote.	발리, 재택근무.	발리, 끄르자 리못.		'{new}'	발리 디지털 노매드	카페
l2_d16_t09	2	대화16	A	9	Asyik banget itu.	대박이네.	아식 방엣 이뚜.	asyik = 멋진/즐거운	'{new}'		카페
l2_d16_t10	2	대화16	B	10	Doain ya.	응원해줘.	도아인 야.	doain = 기도해주다	'{new}'	인니 종교적 표현	카페
l2_d17_t01	2	대화17	A	1	Halo Ibu, apa kabar?	엄마, 잘 지내?	할로 이부, 아빠 까바르?	Ibu = 어머니/부인 (격식)	'{new,family}'		전화
l2_d17_t02	2	대화17	B	2	Alhamdulillah. Kamu udah makan?	알함둘릴라. 밥 먹었어?	알함둘릴라. 까무 우다 마깐?	Alhamdulillah = 신께 감사 (이슬람 일상어)	'{new,family}'	인니 무슬림 일상어	전화
l2_d17_t03	2	대화17	A	3	Udah Bu. Bapak gimana?	네. 아빠는?	우다 부. 바빡 기마나?	Bapak = 아버지/씨	'{new,family}'		전화
l2_d17_t04	2	대화17	B	4	Sehat. Mudik Lebaran kapan?	건강해. 라마단 귀향 언제?	셰핫. 무딕 르바란 까빤?	Lebaran = 라마단 끝 명절, mudik = 귀향	'{new,family}'	인니 최대 명절	전화
l2_d17_t05	2	대화17	A	5	Seminggu sebelum.	1주일 전.	스밍구 스블룸.		'{new,family}'		전화
l2_d17_t06	2	대화17	B	6	Ibu masakin opor.	오뽀르 해놓을게.	이부 마사낀 오뽀르.	opor = 코코넛 닭요리 (Lebaran)	'{new,family}'	르바란 전통 음식	전화
l2_d17_t07	2	대화17	A	7	Sama ketupat ya?	크뚜팟이랑?	사마 끄뚜빳 야?	ketupat = 코코넛잎 떡 (Lebaran)	'{new,family}'		전화
l2_d17_t08	2	대화17	B	8	Pasti.	당연.	빠스띠.		'{new,family}'		전화
l2_d17_t09	2	대화17	A	9	Aku kangen masakan Ibu.	엄마 음식 그리워.	아꾸 깡엔 마사깐 이부.	kangen = 그립다	'{new,family}'		전화
l2_d17_t10	2	대화17	B	10	Jaga kesehatan.	건강 챙겨.	자가 끄셰하딴.		'{new,family}'		전화
l2_d18_t01	2	대화18	A	1	Mas, satu nasi goreng.	오빠, 나시고렝 1개.	마스, 사뚜 나시 고렝.	Mas = 오빠 (자바어), nasi goreng = 인니 볶음밥	'{new}'		와룽 (서민 식당)
l2_d18_t02	2	대화18	B	2	Pedas atau tidak?	맵게? 안 맵게?	쁘다스 아따우 띠닥?	pedas = 매운	'{new}'		와룽
l2_d18_t03	2	대화18	A	3	Sedang aja.	중간으로.	스당 아자.		'{new}'		와룽
l2_d18_t04	2	대화18	B	4	Pakai telur?	계란?	빠까이 뜰루르?	telur = 계란	'{new}'	나시고렝 추가옵션	와룽
l2_d18_t05	2	대화18	A	5	Pakai. Sama es teh.	넣어. 아이스티도.	빠까이. 사마 에스 떼.	es teh = 아이스티	'{new}'		와룽
l2_d18_t06	2	대화18	B	6	Tunggu 10 menit.	10분 기다려.	뚱구 스뿔루 므닛.		'{new}'		와룽
l2_d18_t07	2	대화18	A	7	Berapa total?	얼마?	브라빠 또딸?		'{new}'		와룽
l2_d18_t08	2	대화18	B	8	25 ribu.	2만5천.	두아 뿔루 리마 리부.	ribu = 천	'{new}'	인니 화폐 단위	와룽
l2_d18_t09	2	대화18	A	9	Bisa pakai QRIS?	QRIS 돼?	비사 빠까이 끄리스?	QRIS = 인니 QR 결제	'{new}'	인니 결제 시스템	와룽
l2_d18_t10	2	대화18	B	10	Bisa, ada di sana.	돼, 저기.	비사, 아다 디 사나.		'{new}'		와룽
l3_d16_t01	3	대화16	A	1	Maaf, ini kursinya kosong?	실례, 여기 자리 비었어요?	마아프, 이니 꾸르시냐 꼬송?		'{new,romance}'		자카르타 카페
l3_d16_t02	3	대화16	B	2	Kosong. Silakan.	비어있어요. 앉으세요.	꼬송. 실라깐.		'{new,romance}'		카페
l3_d16_t03	3	대화16	A	3	Saya Andi. Kuliah di mana?	안디예요. 어느 대학?	사야 안디. 꿀리아 디 마나?	kuliah = 대학	'{new,romance}'		카페
l3_d16_t04	3	대화16	B	4	Sari, UI. Kamu?	사리, UI. 너는?	사리, 우이. 까무?	UI = Universitas Indonesia	'{new,romance}'	인니 1위 대학	카페
l3_d16_t05	3	대화16	A	5	ITB Bandung.	ITB 반둥.	이떼베 반둥.		'{new,romance}'	인니 공대 명문	카페
l3_d16_t06	3	대화16	B	6	Mantap. Lagi liburan?	좋네. 방학이야?	만땁. 라기 리부란?	mantap = 좋다 (구어)	'{new,romance}'		카페
l3_d16_t07	3	대화16	A	7	Iya, mau ke Bali besok.	응, 내일 발리 가.	이야, 마우 끄 발리 베속.		'{new,romance}'		카페
l3_d16_t08	3	대화16	B	8	Asyik. Sendirian?	좋겠다. 혼자?	아식. 슨디리안?		'{new,romance}'		카페
l3_d16_t09	3	대화16	A	9	Iya. Mau ikut?	응. 같이 갈래?	이야. 마우 이꿋?		'{new,romance}'	직설적 (구어)	카페
l3_d16_t10	3	대화16	B	10	Berani amat. Kasih nomor dulu.	용감하네. 일단 번호 줘.	브라니 아맛. 까시 노모르 둘루.		'{new,romance}'		카페
l3_d17_t01	3	대화17	A	1	Bapak nggak setuju kamu pacaran sama Andi.	아빠가 안디랑 만나는 거 반대.	바빡 응각 스뚜주 까무 빠짜란 사마 안디.	pacaran = 사귀다	'{new,romance,family,conflict}'		집 — 부모 반대
l3_d17_t02	3	대화17	B	2	Kenapa Pak?	왜 아빠?	끄나빠 빡?		'{new,romance,family,conflict}'		집
l3_d17_t03	3	대화17	A	3	Beda agama.	종교가 달라.	베다 아가마.	agama = 종교	'{new,romance,family,conflict}'	인니: 종교 결혼 큰 이슈	집
l3_d17_t04	3	대화17	B	4	Kami masih pacaran.	우린 아직 데이트야.	까미 마시 빠짜란.		'{new,romance,family,conflict}'		집
l3_d17_t05	3	대화17	A	5	Pacaran ujungnya nikah.	데이트가 결혼으로 가지.	빠짜란 우중냐 니까.	nikah = 결혼	'{new,romance,family,conflict}'		집
l3_d17_t06	3	대화17	B	6	Kalau cinta gimana?	사랑하면?	깔라우 찐따 기마나?	cinta = 사랑	'{new,romance,family,conflict}'		집
l3_d17_t07	3	대화17	A	7	Cinta nggak cukup di sini.	사랑만으로 안 돼.	찐따 응각 쭈꿉 디 시니.		'{new,romance,family,conflict}'		집
l3_d17_t08	3	대화17	B	8	Aku berhak pilih sendiri.	내가 선택할 권리.	아꾸 브르학 삘리 슨디리.		'{new,romance,family,conflict}'		집
l3_d17_t09	3	대화17	A	9	Bapak cuma mau yang terbaik.	아빠는 너 잘되길 바라는 거.	바빡 쭈마 마우 양 뜨르바익.		'{new,romance,family,conflict}'		집
l3_d17_t10	3	대화17	B	10	Beri kami kesempatan.	기회 주세요.	브리 까미 끄슴빠딴.		'{new,romance,family,conflict}'		집
l4_d16_t01	4	대화16	A	1	Bu, ini berapa?	아주머니, 이거 얼마예요?	부, 이니 브라빠?		'{new,travel,negotiation}'		발리 우붓 시장
l4_d16_t02	4	대화16	B	2	300 ribu, Mister.	30만, Mister.	띠가 라뚜스 리부, 미스떠르.	Mister = 외국인 호칭	'{new,travel,negotiation}'	발리 외국인 가격	시장
l4_d16_t03	4	대화16	A	3	Mahal! 100 ribu ya.	비싸! 10만으로.	마할! 스라뚜스 리부 야.	mahal = 비싼	'{new,travel,negotiation}'		시장
l4_d16_t04	4	대화16	B	4	Wah, rugi.	아이고, 손해.	와, 루기.	rugi = 손해	'{new,travel,negotiation}'		시장
l4_d16_t05	4	대화16	A	5	150 ribu terakhir.	15만 최종.	스라뚜스 리마 뿔루 리부 뜨라키르.		'{new,travel,negotiation}'		시장
l4_d16_t06	4	대화16	B	6	Oke, ambil.	OK, 가져가.	오께, 암빌.		'{new,travel,negotiation}'		시장
l4_d16_t07	4	대화16	A	7	Bayar tunai?	현금?	바야르 뚜나이?	tunai = 현금	'{new,travel,negotiation}'		시장
l4_d16_t08	4	대화16	B	8	Tunai aja, Mas.	현금만, 형.	뚜나이 아자, 마스.		'{new,travel,negotiation}'		시장
l4_d16_t09	4	대화16	A	9	Terima kasih, Bu.	감사해요, 아주머니.	뜨리마 까시, 부.		'{new,travel,negotiation}'		시장
l4_d16_t10	4	대화16	B	10	Sama-sama. Hati-hati.	천만에. 조심.	사마 사마. 하띠 하띠.		'{new,travel,negotiation}'		시장
l4_d17_t01	4	대화17	A	1	Pak, Pantai Kuta ya.	쿠타 비치요.	빡, 빤따이 꾸따 야.	pantai = 해변	'{new,travel}'	발리 유명 비치	Grab 발리
l4_d17_t02	4	대화17	B	2	Naik aja, Mas.	타세요.	나익 아자, 마스.		'{new,travel}'		Grab
l4_d17_t03	4	대화17	A	3	Macet?	막혀요?	마쩻?		'{new,travel}'		Grab
l4_d17_t04	4	대화17	B	4	Sore selalu macet.	저녁엔 늘 막혀.	소레 슬랄루 마쩻.		'{new,travel}'	발리 교통체증	Grab
l4_d17_t05	4	대화17	A	5	Berapa lama?	얼마나?	브라빠 라마?		'{new,travel}'		Grab
l4_d17_t06	4	대화17	B	6	30 menit kalau lancar.	뚫리면 30분.	띠가 뿔루 므닛 깔라우 란짜르.	lancar = 매끄러운	'{new,travel}'		Grab
l4_d17_t07	4	대화17	B	7	Pertama kali ke Bali?	발리 처음?	쁘르따마 깔리 끄 발리?		'{new,travel}'		Grab
l4_d17_t08	4	대화17	A	8	Iya. Saya dari Korea.	응. 한국에서.	이야. 사야 다리 꼬레아.		'{new,travel}'		Grab
l4_d17_t09	4	대화17	B	9	Korea! K-pop ya.	한국! K-팝!	꼬레아! 께뽑 야.		'{new,travel}'	인니 한류	Grab
l4_d17_t10	4	대화17	A	10	Iya, banyak fans di sini.	응, 여기 팬 많아.	이야, 바냑 팬스 디 시니.		'{new,travel}'		Grab
l4_d18_t01	4	대화18	A	1	Halo Sari, sudah balik Korea.	안녕 사리, 한국 돌아왔어.	할로 사리, 수다 발릭 꼬레아.		'{new,travel,romance,messenger}'		WhatsApp
l4_d18_t02	4	대화18	B	2	Kupikir kamu nggak akan chat.	연락 안 할 줄.	꾸삐끼르 까무 응각 아깐 챗.		'{new,travel,romance,messenger}'	사용자 요청	WhatsApp
l4_d18_t03	4	대화18	A	3	Aku juga pikir kamu begitu.	나도 너 그럴 줄.	아꾸 주가 삐끼르 까무 브기뚜.		'{new,travel,romance,messenger}'		WhatsApp
l4_d18_t04	4	대화18	B	4	Tetap kontakan ya?	연락하고 지내?	뜨땁 꼰딱깐 야?		'{new,travel,romance,messenger}'	사용자 요청	WhatsApp
l4_d18_t05	4	대화18	A	5	Pasti.	당연.	빠스띠.		'{new,travel,romance,messenger}'		WhatsApp
l4_d18_t06	4	대화18	B	6	Bali kangen kamu.	발리가 그리워해.	발리 깡엔 까무.		'{new,travel,romance,messenger}'		WhatsApp
l4_d18_t07	4	대화18	A	7	Aku juga.	나도.	아꾸 주가.		'{new,travel,romance,messenger}'		WhatsApp
l4_d18_t08	4	대화18	B	8	Datang lagi ya.	또 와.	다땅 라기 야.		'{new,travel,romance,messenger}'		WhatsApp
l4_d18_t09	4	대화18	A	9	Atau kamu ke Korea.	아님 너 한국 와.	아따우 까무 끄 꼬레아.		'{new,travel,romance,messenger}'		WhatsApp
l4_d18_t10	4	대화18	B	10	Boleh juga.	가능.	볼레 주가.		'{new,travel,romance,messenger}'		WhatsApp
l6_d16_t01	6	대화16	A	1	Kamu nginep?	잘 거야?	까무 응이넙?	nginep = 자다 (구어)	'{new,intimate}'		집
l6_d16_t02	6	대화16	B	2	Kalau kamu mau.	원하면.	깔라우 까무 마우.		'{new,intimate}'		집
l6_d16_t03	6	대화16	A	3	Mau.	원해.	마우.		'{new,intimate}'		집
l6_d16_t04	6	대화16	B	4	Kondom ada?	콘돔 있어?	꼰돔 아다?		'{new,intimate}'		집
l6_d16_t05	6	대화16	A	5	Ada di laci.	서랍에.	아다 디 라찌.	laci = 서랍	'{new,intimate}'		집
l6_d16_t06	6	대화16	B	6	Pelan-pelan ya.	천천히.	쁠란 쁠란 야.		'{new,intimate}'		집
l6_d16_t07	6	대화16	A	7	Sesuai kamu.	니 페이스.	스수아이 까무.		'{new,intimate}'		집
l6_d16_t08	6	대화16	B	8	Makasih udah ngerti.	이해해줘 고마워.	마까시 우다 응으르띠.		'{new,intimate}'		집
l6_d16_t09	6	대화16	A	9	Wajar.	당연.	와자르.		'{new,intimate}'		집
l6_d16_t10	6	대화16	B	10	Sini.	와.	시니.		'{new,intimate}'		집
l6_d17_t01	6	대화17	A	1	Aku nggak bisa menikah beda agama.	다른 종교 결혼 못 해.	아꾸 응각 비사 므니까 베다 아가마.		'{new,family,conflict}'	인니 종교 결혼 큰 이슈	집 — 종교 충돌
l6_d17_t02	6	대화17	B	2	Aku bisa pindah agama.	내가 개종할게.	아꾸 비사 삔다 아가마.	pindah agama = 개종	'{new,family,conflict}'		집
l6_d17_t03	6	대화17	A	3	Itu pilihan kamu, bukan paksaan.	강요 아닌 선택이어야지.	이뚜 삘리한 까무, 부깐 빡사안.		'{new,family,conflict}'		집
l6_d17_t04	6	대화17	B	4	Aku rela demi kamu.	너 위해 기꺼이.	아꾸 를라 드미 까무.	rela = 기꺼이	'{new,family,conflict}'		집
l6_d17_t05	6	대화17	A	5	Itu berat, jangan terburu-buru.	쉽지 않아, 서두르지 마.	이뚜 브랏, 장안 뜨르부루 부루.		'{new,family,conflict}'		집
l6_d17_t06	6	대화17	B	6	Aku sudah mikir matang.	충분히 생각했어.	아꾸 수다 미끼르 마땅.	matang = 성숙한	'{new,family,conflict}'		집
l6_d17_t07	6	대화17	A	7	Keluargamu tahu?	가족은?	끌루아르가무 따후?		'{new,family,conflict}'		집
l6_d17_t08	6	대화17	B	8	Belum. Mereka pasti shock.	아직. 충격 받을 거야.	블룸. 므레까 빠스띠 쇽.		'{new,family,conflict}'		집
l6_d17_t09	6	대화17	A	9	Bicara dulu sama mereka.	먼저 얘기해봐.	비짜라 둘루 사마 므레까.		'{new,family,conflict}'		집
l6_d17_t10	6	대화17	B	10	Akhir minggu aku coba.	주말에 시도.	아키르 밍구 아꾸 쪼바.		'{new,family,conflict}'		집
l6_d18_t01	6	대화18	A	1	Sebelum nikah, kamu harus pindah agama.	결혼 전에 너 개종해야 해.	스블룸 니까, 까무 하루스 삔다 아가마.	pindah agama = 개종	'{new,family,conflict}'	종교 강요 — 거부 narrative	집 — 종교 강요 거부
l6_d18_t02	6	대화18	B	2	Aku nggak bisa.	못 해.	아꾸 응각 비사.		'{new,family,conflict}'		집
l6_d18_t03	6	대화18	A	3	Kenapa? Demi kita.	왜? 우리를 위해.	끄나빠? 드미 끼따.		'{new,family,conflict}'		집
l6_d18_t04	6	대화18	B	4	Iman bukan barang tukar.	믿음은 거래 아니야.	이만 부깐 바랑 뚜까르.	iman = 신앙 (이슬람·기독교 공통)	'{new,family,conflict}'	한국 남성 무종교/기독교 → 거부	집
l6_d18_t05	6	대화18	A	5	Keluargaku nggak akan terima.	우리 가족 안 받아들여.	끌루아르가꾸 응각 아깐 뜨리마.	terima = 받아들이다	'{new,family,conflict}'		집
l6_d18_t06	6	대화18	B	6	Aku ngerti, tapi aku tetap aku.	이해해, 그래도 나는 나야.	아꾸 응으르띠, 따삐 아꾸 뜨땁 아꾸.	tetap = 여전히	'{new,family,conflict}'	신앙 정체성 거부	집
l6_d18_t07	6	대화18	A	7	Jadi gimana?	그럼 어떡해?	자디 기마나?		'{new,family,conflict}'		집
l6_d18_t08	6	대화18	B	8	Kita pikir cara lain.	다른 방법 생각해보자.	끼따 삐끼르 짜라 라인.	cara = 방법	'{new,family,conflict}'	절충 모색	집
l6_d18_t09	6	대화18	A	9	Mungkin pisah lebih baik.	헤어지는 게 나을지도.	뭉낀 삐사 르비 바익.	pisah = 헤어지다	'{new,family,conflict}'	결렬 가능성	집
l6_d18_t10	6	대화18	B	10	Kalau itu pilihanmu, aku hormati.	그게 네 선택이면 존중해.	깔라우 이뚜 삘리한무, 아꾸 호르마띠.	hormati = 존중하다	'{new,family,conflict}'	거부 결말 — 상호 존중	집
l6_d19_t01	6	대화19	A	1	Match Tinder kemarin udah minta foto KTP.	어제 매치가 신분증 사진 요구해.	마쯔 띤더르 끄마린 우다 민따 포또 까떼뻬.	KTP = Kartu Tanda Penduduk (인니 신분증)	'{new,dating,red_flag}'	red flag — 신분 정보 요구	Tinder — 사기 의심
l6_d19_t02	6	대화19	B	2	Hapus aja. Itu scam.	지워. 그건 사기야.	하뿌스 아자. 이뚜 스깸.	hapus = 지우다	'{new,dating,red_flag}'	safety 친구 조언	WhatsApp
l6_d19_t03	6	대화19	A	3	Tapi orangnya kayak baik.	근데 사람은 좋아 보였어.	따삐 오랑냐 까야 바익.	kayak = ~같이 (구어, seperti)	'{new,dating,red_flag}'	순진한 반응	WhatsApp
l6_d19_t04	6	대화19	B	4	Foto profil cuma satu?	프사 하나만이야?	포또 프로필 쭈마 사뚜?		'{new,dating,red_flag}'	red flag 신호	WhatsApp
l6_d19_t05	6	대화19	A	5	Iya, modelan.	응, 모델 같은.	이야, 모델란.	modelan = 모델 같은 (구어)	'{new,dating,red_flag}'		WhatsApp
l6_d19_t06	6	대화19	B	6	Pasti palsu. Reverse image search dulu.	가짜 확실. 역검색 해봐.	빠스띠 빨수. 리버스 이미지 서치 둘루.	palsu = 가짜	'{new,dating,red_flag}'	실용 안전 팁	WhatsApp
l6_d19_t07	6	대화19	A	7	Cara gimana?	어떻게?	짜라 기마나?		'{new,dating,red_flag}'		WhatsApp
l6_d19_t08	6	대화19	B	8	Google Lens, drag fotonya.	구글 렌즈에 사진 드래그.	구글 렌즈, 드래그 포또냐.		'{new,dating,red_flag}'		WhatsApp
l6_d19_t09	6	대화19	A	9	Eh, muncul akun lain pake foto sama.	어, 다른 계정도 같은 사진 써.	에, 문쭐 아꾼 라인 빠께 포또 사마.	muncul = 나타나다, pake = pakai 구어	'{new,dating,red_flag}'	결정적 증거	WhatsApp
l6_d19_t10	6	대화19	B	10	Block. Lain kali video call dulu.	차단. 다음엔 영상통화 먼저.	블록. 라인 깔리 비디오 콜 둘루.		'{new,dating,red_flag}'	red flag 교육	WhatsApp
l6_d20_t01	6	대화20	A	1	Cantik, sendirian?	예쁜데, 혼자야?	짠띡, 슨디리안?	cantik = 예쁘다, sendirian = 혼자	'{new,nightlife,boundary}'	낯선 남 합석 시도	클럽 SCBD
l6_d20_t02	6	대화20	B	2	Lagi nunggu temen.	친구 기다려.	라기 눙구 뜨믄.	nunggu = menunggu 구어	'{new,nightlife,boundary}'	정중 거리 두기	클럽
l6_d20_t03	6	대화20	A	3	Aku temenin sebentar.	잠깐 같이 있어줄게.	아꾸 뜨므닌 스븐따르.	temenin = menemani 구어	'{new,nightlife,boundary}'	계속 합석 시도	클럽
l6_d20_t04	6	대화20	B	4	Makasih, tapi nggak usah.	고맙지만 됐어.	마까시, 따삐 응각 우사.	nggak usah = 필요 없다	'{new,nightlife,boundary}'	명확 거절	클럽
l6_d20_t05	6	대화20	A	5	Cuma ngobrol doang.	그냥 얘기만.	쭈마 응오브롤 도앙.	doang = 그냥 (구어)	'{new,nightlife,boundary}'	계속 시도	클럽
l6_d20_t06	6	대화20	B	6	Aku lagi nggak mood.	기분 아냐.	아꾸 라기 응각 무드.	mood = 영어 차용	'{new,nightlife,boundary}'	boundary 강조	클럽
l6_d20_t07	6	대화20	A	7	Boleh nomor?	번호 줄래?	볼레 노모르?		'{new,nightlife,boundary}'		클럽
l6_d20_t08	6	대화20	B	8	Maaf, nggak bagi.	미안, 안 줘.	마앞, 응각 바기.	bagi = 나눠주다	'{new,nightlife,boundary}'	단호한 NO	클럽
l6_d20_t09	6	대화20	A	9	Yaudah deh.	그럼 됐어.	야우다 데.	yaudah = 그럼 (구어)	'{new,nightlife,boundary}'	물러남	클럽
l6_d20_t10	6	대화20	B	10	Selamat malam.	잘 가.	슬라맛 말람.		'{new,nightlife,boundary}'		클럽
l6_d21_t01	6	대화21	B	1	Itu siapa di story kamu?	니 스토리 그 사람 누구야?	이뚜 시아빠 디 스또리 까무?	story = IG 스토리	'{new,jealousy}'	IG 사진 발견	집 — IG 의심
l6_d21_t02	6	대화21	A	2	Mantan teman SMA.	고등학교 친구.	만딴 뜨만 에스엠아.	mantan = 전(前), SMA = 고등학교	'{new,jealousy}'	해명 시작	집
l6_d21_t03	6	대화21	B	3	Kok cuma berdua?	왜 둘이만?	꼭 쭈마 브르두아?	kok = 왜 (구어)	'{new,jealousy}'	의심 추궁	집
l6_d21_t04	6	대화21	A	4	Reuni kecil kemarin.	어제 작은 모임.	르우니 끄찔 끄마린.	reuni = 동창회	'{new,jealousy}'		집
l6_d21_t05	6	대화21	B	5	Aku nggak diundang.	나 초대 안 했어.	아꾸 응각 디운당.	diundang = 초대받다	'{new,jealousy}'	서운함	집
l6_d21_t06	6	대화21	A	6	Bukan acara couple.	커플 자리 아니라.	부깐 아짜라 쪼우플.	acara = 행사	'{new,jealousy}'	해명	집
l6_d21_t07	6	대화21	B	7	Tetap aja kasih tahu.	그래도 알려줬어야지.	뜨땁 아자 까시 따후.	kasih tahu = 알려주다	'{new,jealousy}'	신뢰 issue	집
l6_d21_t08	6	대화21	A	8	Maaf, lupa.	미안, 깜빡.	마앞, 루빠.		'{new,jealousy}'	사과	집
l6_d21_t09	6	대화21	B	9	Lain kali tag aku.	다음엔 태그해.	라인 깔리 딱 아꾸.	tag = IG 태그	'{new,jealousy}'	신뢰 회복 합의	집
l6_d21_t10	6	대화21	A	10	Oke, janji.	오케이, 약속.	오께, 잔지.	janji = 약속	'{new,jealousy}'		집
l6_d22_t01	6	대화22	A	1	Kamu mau?	원해?	까무 마우?	mau = 원하다 (consent 핵심 동사)	'{new,intimate,consent}'	consent 명확 질문	호텔 — consent
l6_d22_t02	6	대화22	B	2	Aku ragu.	망설여져.	아꾸 라구.	ragu = 망설이다	'{new,intimate,consent}'	명확 망설임	호텔
l6_d22_t03	6	대화22	A	3	Kita stop.	그만하자.	끼따 스똡.	stop = 영어 차용	'{new,intimate,consent}'	pause 즉시 — consent withdrawal 존중	호텔
l6_d22_t04	6	대화22	B	4	Bukan soal kamu.	너 때문 아냐.	부깐 소알 까무.	soal = 문제	'{new,intimate,consent}'	안심	호텔
l6_d22_t05	6	대화22	A	5	Kapan kamu siap, kasih tahu.	준비되면 알려줘.	까빤 까무 시압, 까시 따후.	siap = 준비되다	'{new,intimate,consent}'	시간 존중	호텔
l6_d22_t06	6	대화22	B	6	Aku takut tergesa.	서두를까 무서워.	아꾸 따꿋 뜨르그사.	tergesa = 서두름	'{new,intimate,consent}'		호텔
l6_d22_t07	6	대화22	A	7	Nggak ada yang dipaksa.	강요 없어.	응각 아다 양 디빡사.	dipaksa = 강요받다	'{new,intimate,consent}'	consent 원칙 명시	호텔
l6_d22_t08	6	대화22	B	8	Makasih sabar.	인내심 고마워.	마까시 사바르.	sabar = 인내	'{new,intimate,consent}'		호텔
l6_d22_t09	6	대화22	A	9	Tidur aja yuk.	그냥 자자.	띠두르 아자 육.	yuk = ~하자 (구어 권유)	'{new,intimate,consent}'	대안 제시	호텔
l6_d22_t10	6	대화22	B	10	Peluk doang.	안고만.	쁠룩 도앙.	peluk = 포옹	'{new,intimate,consent}'	boundary OK + 친밀 유지	호텔
l1_d01_t01	1	대화01	A	1	Halo, selamat pagi.	안녕, 좋은 아침.	할로, 슬라맛 빠기.	selamat pagi = 좋은 아침 (5-10시)	'{essential,greeting}'	아침 인사	아침 인사
l1_d01_t02	1	대화01	B	2	Pagi! Apa kabar?	좋은 아침! 잘 지내?	빠기! 아빠 까바르?	apa kabar = 안부 묻기 표준	'{essential,greeting}'		아침 인사
l1_d01_t03	1	대화01	A	3	Baik, terima kasih. Kamu?	좋아, 고마워. 너는?	바익, 뜨리마 까시. 까무?	baik = 좋다	'{essential,greeting}'		아침 인사
l1_d01_t04	1	대화01	B	4	Baik juga.	나도 좋아.	바익 주가.	juga = 또한, 도	'{essential,greeting}'		아침 인사
l1_d01_t05	1	대화01	A	5	Senang bertemu kamu.	만나서 반가워.	스낭 브르뜨무 까무.	bertemu = 만나다	'{essential,greeting}'		아침 인사
l1_d01_t06	1	대화01	B	6	Senang bertemu juga.	나도 반가워.	스낭 브르뜨무 주가.		'{essential,greeting}'		아침 인사
l1_d02_t01	1	대화02	A	1	Nama saya Min-jun.	제 이름은 민준.	나마 사야 민준.	nama = 이름, saya = 저 (정중)	'{essential,intro}'	한국 학습자 시각	첫 만남
l1_d02_t02	1	대화02	B	2	Saya Sari. Senang berkenalan.	저는 사리. 알게 되어 반가워요.	사야 사리. 스낭 브르끄날란.	berkenalan = 알게 되다	'{essential,intro}'		첫 만남
l1_d02_t03	1	대화02	A	3	Saya dari Korea.	저는 한국에서.	사야 다리 꼬레아.	dari = ~에서	'{essential,intro}'		첫 만남
l1_d02_t04	1	대화02	B	4	Wah, saya dari Indonesia, Jakarta.	와, 저는 인도네시아 자카르타.	와, 사야 다리 인도네시아, 자카르타.	wah = 감탄사	'{essential,intro}'		첫 만남
l1_d02_t05	1	대화02	A	5	Berapa umur kamu?	몇 살이에요?	브라빠 우무르 까무?	umur = 나이	'{essential,intro}'		첫 만남
l1_d02_t06	1	대화02	B	6	Saya dua puluh tujuh tahun.	저는 27살.	사야 두아 뿔루 뚜주 따훈.	tahun = 년/살	'{essential,intro}'	숫자 학습 노출	첫 만남
l1_d03_t01	1	대화03	A	1	Terima kasih banyak.	정말 감사해요.	뜨리마 까시 바냑.	terima kasih = 감사, banyak = 많이	'{essential,thanks}'	길에서 도움 받음	감사
l1_d03_t02	1	대화03	B	2	Sama-sama.	천만에요.	사마 사마.	천만에 대답 표준	'{essential,thanks}'		감사
l1_d03_t03	1	대화03	A	3	Tanpa kamu, aku bingung.	당신 없이 못 했어.	딴빠 까무, 아꾸 빙웅.	tanpa = 없이, bingung = 혼란	'{essential,thanks}'	친근 톤 (aku)	감사
l1_d03_t04	1	대화03	B	4	Tidak apa-apa.	괜찮아요.	띠닥 아빠 아빠.	괜찮다 표준	'{essential,thanks}'		감사
l1_d03_t05	1	대화03	A	5	Saya hutang budi.	신세 졌어요.	사야 후땅 부디.	hutang budi = 신세 (관용)	'{essential,thanks}'	관용 표현	감사
l1_d03_t06	1	대화03	B	6	Lain kali kita ngopi.	다음에 커피 한잔.	라인 깔리 끼따 응오삐.	ngopi = 커피 한잔 (구어 동사)	'{essential,thanks}'	구어 표현	감사
l1_d04_t01	1	대화04	A	1	Maaf, saya terlambat.	미안, 늦었어.	마앞, 사야 뜨를람밧.	terlambat = 늦다	'{essential,sorry}'	약속 늦음	약속 늦음
l1_d04_t02	1	대화04	B	2	Tidak apa-apa.	괜찮아.	띠닥 아빠 아빠.		'{essential,sorry}'		약속 늦음
l1_d04_t03	1	대화04	A	3	Macet sekali.	엄청 막혀.	마쩻 스깔리.	macet = 막히다, sekali = 매우	'{essential,sorry}'	자카르타 교통체증	약속 늦음
l1_d04_t04	1	대화04	B	4	Iya, Jakarta begitu.	응, 자카르타 그렇지.	이야, 자카르타 브기뚜.	begitu = 그렇게	'{essential,sorry}'		약속 늦음
l1_d04_t05	1	대화04	A	5	Lain kali lebih awal.	다음엔 더 일찍.	라인 깔리 르비 아왈.	lebih = 더, awal = 일찍	'{essential,sorry}'		약속 늦음
l1_d04_t06	1	대화04	B	6	Sudah, lupakan.	됐어, 잊어.	수다, 루빠깐.	sudah = 이미/됐다, lupakan = 잊다	'{essential,sorry}'		약속 늦음
l1_d05_t01	1	대화05	A	1	Jam berapa sekarang?	지금 몇 시?	잠 브라빠 스까랑?	jam = 시, sekarang = 지금	'{essential,time}'		약속 시간
l1_d05_t02	1	대화05	B	2	Jam tujuh malam.	저녁 7시.	잠 뚜주 말람.	malam = 밤, tujuh = 7	'{essential,time}'	시간 표현	약속 시간
l1_d05_t03	1	대화05	A	3	Hari ini hari apa?	오늘 무슨 요일?	하리 이니 하리 아빠?	hari = 날/요일	'{essential,time}'		약속 시간
l1_d05_t04	1	대화05	B	4	Hari Senin.	월요일.	하리 스닌.	Senin = 월요일	'{essential,time}'	요일 학습	약속 시간
l1_d05_t05	1	대화05	A	5	Kita bertemu jam delapan, ya?	8시에 만나, 응?	끼따 브르뜨무 잠 들라빤, 야?	delapan = 8	'{essential,time}'	어기조사 ya	약속 시간
l1_d05_t06	1	대화05	B	6	Oke, sampai nanti.	오케이, 이따 봐.	오께, 삼빠이 난띠.	sampai nanti = 이따 봐	'{essential,time}'		약속 시간
l1_d06_t01	1	대화06	A	1	Permisi, hotel Sahid di mana?	저기, 사힛 호텔 어디?	쁘르미시, 호뗄 사힛 디 마나?	permisi = 저기/실례, di mana = 어디	'{essential,direction}'	관광객 시각	호텔 길묻기
l1_d06_t02	1	대화06	B	2	Lurus, lalu belok kanan.	직진, 그리고 우회전.	루루스, 랄루 블록 까난.	lurus = 직진, belok = 회전, kanan = 오른쪽	'{essential,direction}'	방향 표현	호텔 길묻기
l1_d06_t03	1	대화06	A	3	Jauh tidak?	멀어요?	자우 띠닥?	jauh = 멀다	'{essential,direction}'		호텔 길묻기
l1_d06_t04	1	대화06	B	4	Sekitar lima menit jalan kaki.	걸어서 5분쯤.	스끼따르 리마 므닛 잘란 까끼.	sekitar = 약, jalan kaki = 도보	'{essential,direction}'		호텔 길묻기
l1_d06_t05	1	대화06	A	5	Terima kasih banyak.	정말 감사.	뜨리마 까시 바냑.		'{essential,direction}'		호텔 길묻기
l1_d06_t06	1	대화06	B	6	Hati-hati di jalan.	조심히 가요.	하띠 하띠 디 잘란.	hati-hati = 조심 (reduplication)	'{essential,direction}'	reduplication 노출	호텔 길묻기
l1_d07_t01	1	대화07	A	1	Berapa harga ini?	이거 얼마?	브라빠 하르가 이니?	harga = 가격	'{essential,price}'	시장 흥정	시장 흥정
l1_d07_t02	1	대화07	B	2	Lima puluh ribu.	5만 루피아.	리마 뿔루 리부.	ribu = 천, 5만 = lima puluh ribu	'{essential,price}'	루피아 단위	시장 흥정
l1_d07_t03	1	대화07	A	3	Mahal sekali.	너무 비싸.	마할 스깔리.	mahal = 비싸다	'{essential,price}'	흥정 시작	시장 흥정
l1_d07_t04	1	대화07	A	4	Bisa kurang dikit?	조금 깎아줘?	비사 꾸랑 디낏?	kurang = 줄이다, dikit = 조금	'{essential,price}'	인니 흥정 표현	시장 흥정
l1_d07_t05	1	대화07	A	5	Tiga puluh lima ribu, deal?	3만 5천에 딜?	띠가 뿔루 리마 리부, 딜?	deal = 영어 차용	'{essential,price}'		시장 흥정
l1_d07_t06	1	대화07	B	6	Oke, kasih.	오케이, 줘.	오께, 까시.	kasih = 주다 (구어, beri)	'{essential,price}'		시장 흥정
l1_d08_t01	1	대화08	A	1	Saya pesan nasi goreng.	나시고렝 주문할게요.	사야 쁘산 나시 고렝.	pesan = 주문, nasi goreng = 볶음밥	'{essential,food}'	인니 대표 음식	와룽 식당
l1_d08_t02	1	대화08	B	2	Pedas atau tidak?	매워? 안 매워?	쁘다스 아따우 띠닥?	pedas = 맵다, atau = 또는	'{essential,food}'		와룽 식당
l1_d08_t03	1	대화08	A	3	Pedas sedikit saja.	조금만 매워.	쁘다스 스디낏 사자.	sedikit = 조금, saja = 만	'{essential,food}'		와룽 식당
l1_d08_t04	1	대화08	B	4	Minum apa?	음료는?	미눔 아빠?	minum = 마시다	'{essential,food}'		와룽 식당
l1_d08_t05	1	대화08	A	5	Es teh manis, ya.	에스 티 마니스로요.	에스 떼 마니스, 야.	es teh manis = 인니 단 차 (대표 음료)	'{essential,food}'	인니 대표 음료	와룽 식당
l1_d08_t06	1	대화08	B	6	Tunggu sebentar.	잠깐만요.	뚱구 스븐따르.	tunggu = 기다리다	'{essential,food}'		와룽 식당
l1_d09_t01	1	대화09	A	1	Tolong, bisa bantu?	도와줄래?	똘롱, 비사 반뚜?	tolong = 도와줘, bantu = 돕다	'{essential,help}'		사진 부탁
l1_d09_t02	1	대화09	B	2	Tentu, ada apa?	당연, 무슨 일?	뜬뚜, 아다 아빠?	tentu = 당연, ada apa = 무슨 일	'{essential,help}'		사진 부탁
l1_d09_t03	1	대화09	A	3	Bisa fotokan kita?	사진 찍어줘?	비사 포또깐 끼따?	foto = 사진, fotokan = 찍어주다	'{essential,help}'		사진 부탁
l1_d09_t04	1	대화09	B	4	Boleh, gaya dong.	좋지, 포즈해.	볼레, 가야 동.	gaya = 포즈, dong = 어기조사 (구어)	'{essential,help}'	어기조사 dong	사진 부탁
l1_d09_t05	1	대화09	A	5	Satu, dua, tiga.	하나, 둘, 셋.	사뚜, 두아, 띠가.	숫자 1·2·3	'{essential,help}'	숫자 학습	사진 부탁
l1_d09_t06	1	대화09	B	6	Bagus banget!	잘 나왔어!	바구스 방엣!	bagus = 좋다, banget = 매우 (구어)	'{essential,help}'	banget 구어	사진 부탁
l1_d10_t01	1	대화10	A	1	Saya harus pulang.	가봐야겠어.	사야 하루스 뿔랑.	harus = 해야 하다, pulang = 귀가	'{essential,bye}'		작별
l1_d10_t02	1	대화10	B	2	Sudah segini?	벌써?	수다 스기니?	segini = 이만큼 (시간)	'{essential,bye}'	아쉬움	작별
l1_d10_t03	1	대화10	A	3	Iya, sudah malam.	응, 늦었어.	이야, 수다 말람.		'{essential,bye}'		작별
l1_d10_t04	1	대화10	B	4	Sampai jumpa lagi.	또 봐.	삼빠이 줌빠 라기.	sampai jumpa = 다음에 봐, lagi = 다시	'{essential,bye}'	작별 표준	작별
l1_d10_t05	1	대화10	A	5	Hubungi lewat WhatsApp ya.	왓츠앱으로 연락해.	후붕이 레왓 와츠압 야.	hubungi = 연락, lewat = 통해	'{essential,bye}'	WhatsApp 인니 메신저 1위	작별
l1_d10_t06	1	대화10	B	6	Pasti, hati-hati pulang.	꼭, 잘 가.	빠스띠, 하띠 하띠 뿔랑.	pasti = 분명	'{essential,bye}'		작별
l1_d11_t01	1	대화11	A	1	Kamu suka kopi?	커피 좋아?	까무 수까 꼬삐?	suka = 좋아하다, kopi = 커피	'{essential,preference}'	카페 취향	카페 취향
l1_d11_t02	1	대화11	B	2	Suka banget. Kamu?	엄청 좋아. 너는?	수까 방엣. 까무?		'{essential,preference}'		카페 취향
l1_d11_t03	1	대화11	A	3	Saya lebih suka teh.	난 차가 더 좋아.	사야 르비 수까 떼.	lebih = 더	'{essential,preference}'	비교 표현	카페 취향
l1_d11_t04	1	대화11	B	4	Pedas suka tidak?	매운 거 좋아해?	쁘다스 수까 띠닥?		'{essential,preference}'		카페 취향
l1_d11_t05	1	대화11	A	5	Tidak suka pedas.	안 좋아해.	띠닥 수까 쁘다스.	tidak = 아니다 (부정)	'{essential,preference}'	부정 표현	카페 취향
l1_d11_t06	1	대화11	B	6	Indonesia susah ya.	인도네시아 어렵겠다.	인도네시아 수사 야.	susah = 어렵다	'{essential,preference}'	인니 음식 매운 평판	카페 취향
l1_d12_t01	1	대화12	A	1	Toko buka jam berapa?	가게 몇 시 열어?	또꼬 부까 잠 브라빠?	toko = 가게, buka = 열다	'{essential,hours}'		영업시간
l1_d12_t02	1	대화12	B	2	Jam sembilan pagi.	오전 9시.	잠 슴빌란 빠기.	sembilan = 9, pagi = 아침	'{essential,hours}'		영업시간
l1_d12_t03	1	대화12	A	3	Tutup jam berapa?	몇 시 닫아?	뚜뚭 잠 브라빠?	tutup = 닫다	'{essential,hours}'		영업시간
l1_d12_t04	1	대화12	B	4	Jam sepuluh malam.	밤 10시.	잠 스뿔루 말람.	sepuluh = 10	'{essential,hours}'		영업시간
l1_d12_t05	1	대화12	A	5	Hari Minggu buka?	일요일 열어?	하리 밍구 부까?	Minggu = 일요일	'{essential,hours}'		영업시간
l1_d12_t06	1	대화12	B	6	Tidak, libur Minggu.	아니, 일요일 휴무.	띠닥, 리부르 밍구.	libur = 휴일	'{essential,hours}'		영업시간
l3_d01_t01	3	대화01	A	1	Boleh duduk?	앉아도 돼?	볼레 두둑?	boleh = 가능, duduk = 앉다	'{romance,first_meeting}'	한남 인니어 시도	SCBD 호텔 바
l3_d01_t02	3	대화01	B	2	Boleh. Sendirian?	괜찮아. 혼자?	볼레. 슨디리안?	sendirian = 혼자	'{romance,first_meeting}'		SCBD 호텔 바
l3_d01_t03	3	대화01	A	3	Iya, dari Korea, lagi business trip.	응, 한국에서, 출장.	이야, 다리 꼬레아, 라기 비즈니스 트립.	business trip = 영어 차용	'{romance,first_meeting}'		SCBD 호텔 바
l3_d01_t04	3	대화01	B	4	Wah, Korea? Aku fans K-pop.	와, 한국? 나 K-pop 팬.	와, 꼬레아? 아꾸 팬스 케이팝.	fans = 팬 (영어 차용)	'{romance,first_meeting}'	인니녀 K-pop 정체성	SCBD 호텔 바
l3_d01_t05	3	대화01	A	5	Group apa?	어떤 그룹?	그룹 아빠?		'{romance,first_meeting}'		SCBD 호텔 바
l3_d01_t06	3	대화01	B	6	BTS, NewJeans, dan SEVENTEEN.	BTS, NewJeans, SEVENTEEN.	베떼에스, 뉴진스, 단 세븐틴.	dan = 그리고	'{romance,first_meeting}'	대표 K-pop 그룹 명시	SCBD 호텔 바
l3_d01_t07	3	대화01	A	7	Aku nggak terlalu paham K-pop.	K-pop 잘 몰라.	아꾸 응각 뜨를랄루 빠함 케이팝.	paham = 이해하다	'{romance,first_meeting}'		SCBD 호텔 바
l3_d01_t08	3	대화01	B	8	Kebalik. Aku ngajarin nanti.	반대네. 내가 가르쳐줄게.	끄발릭. 아꾸 응아자린 난띠.	kebalik = 반대 (구어), ngajarin = mengajari 구어	'{romance,first_meeting}'		SCBD 호텔 바
l3_d01_t09	3	대화01	A	9	Boleh ketemu lagi?	또 만날래?	볼레 끄뜨무 라기?	ketemu = 만나다 (구어, bertemu)	'{romance,first_meeting}'	관심 표현	SCBD 호텔 바
l3_d01_t10	3	대화01	B	10	Tentu. Aku Sari.	당연. 사리야.	뜬뚜. 아꾸 사리.	tentu = 당연	'{romance,first_meeting}'	캐릭터 이름 등장	SCBD 호텔 바
l3_d01_t11	3	대화01	A	11	Min-jun. Senang banget.	민준. 정말 반가워.	민준. 스낭 방엣.		'{romance,first_meeting}'	한남 캐릭터 이름	SCBD 호텔 바
l3_d01_t12	3	대화01	B	12	Tukar nomor?	번호 교환?	뚜까르 노모르?	tukar = 교환	'{romance,first_meeting}'		SCBD 호텔 바
l3_d01_t13	3	대화01	A	13	WhatsApp, aku ada.	왓츠앱 있어.	와츠압, 아꾸 아다.		'{romance,first_meeting}'	인니 메신저 1위	SCBD 호텔 바
l3_d01_t14	3	대화01	B	14	Kabarin besok ya.	내일 연락해.	까바린 베속 야.	kabarin = mengabari 구어, besok = 내일	'{romance,first_meeting}'		SCBD 호텔 바
l3_d02_t01	3	대화02	B	1	Min-jun, kamu tahu BTS Concert di Jakarta dulu?	민준, 자카르타 BTS 콘서트 알아?	민준, 까무 따후 베떼에스 콘세르 디 자카르타 둘루?	tahu = 알다, dulu = 옛날/이전	'{romance,kpop,date}'		카페 데이트
l3_d02_t02	3	대화02	A	2	Belum dengar. Kamu pergi?	못 들었어. 가봤어?	블룸 등아르. 까무 쁘르기?	belum = 아직 안, dengar = 듣다	'{romance,kpop,date}'		카페 데이트
l3_d02_t03	3	대화02	B	3	Iya, dua kali. Aku nangis terus.	응, 두 번. 계속 울었어.	이야, 두아 깔리. 아꾸 낭이스 뜨루스.	nangis = menangis 구어, terus = 계속	'{romance,kpop,date}'	인니녀 덕질 강조	카페 데이트
l3_d02_t04	3	대화02	A	4	Wah, fan banget.	대단하네.	와, 팬 방엣.		'{romance,kpop,date}'		카페 데이트
l3_d02_t05	3	대화02	B	5	Seoul itu mimpi aku.	서울이 내 꿈.	세울 이뚜 밈삐 아꾸.	mimpi = 꿈	'{romance,kpop,date}'	핵심 — 한국 가자 복선	카페 데이트
l3_d02_t06	3	대화02	A	6	Kapan rencana ke Korea?	한국 갈 계획 언제?	까빤 른짜나 끄 꼬레아?	rencana = 계획	'{romance,kpop,date}'		카페 데이트
l3_d02_t07	3	대화02	B	7	Kalau ada teman dari sana, mungkin gampang.	거기 친구 있으면 쉬울 듯.	깔라우 아다 뜨만 다리 사나, 뭉낀 감빵.	gampang = 쉽다 (구어, mudah)	'{romance,kpop,date}'	암시 — 한남 도와줘	카페 데이트
l3_d02_t08	3	대화02	A	8	Aku bisa bantu.	내가 도와줄 수.	아꾸 비사 반뚜.		'{romance,kpop,date}'		카페 데이트
l3_d02_t09	3	대화02	B	9	Serius? Aku ngarep loh.	진짜? 기대해.	스리우스? 아꾸 응아랍 로.	ngarep = mengharap 구어, loh = 어기조사	'{romance,kpop,date}'	어기조사 loh	카페 데이트
l3_d02_t10	3	대화02	A	10	Pasti. Hongdae·Myeongdong dulu.	당연. 홍대 명동 먼저.	빠스띠. 홍대 묭동 둘루.		'{romance,kpop,date}'	한국 명소 도입	카페 데이트
l3_d02_t11	3	대화02	B	11	Konser music bank juga?	뮤직뱅크도?	콘세르 뮤직 방크 주가?	music bank = K-pop 음방	'{romance,kpop,date}'	음방 등장	카페 데이트
l3_d02_t12	3	대화02	A	12	Tiket itu susah.	티켓 어려워.	띠껫 이뚜 수사.	tiket = 영어 차용	'{romance,kpop,date}'	현실	카페 데이트
l3_d02_t13	3	대화02	B	13	Yaudah, jalan-jalan biasa juga oke.	그냥 일반 여행도 OK.	야우다, 잘란 잘란 비아사 주가 오께.	jalan-jalan = 여행 (reduplication)	'{romance,kpop,date}'	reduplication	카페 데이트
l3_d02_t14	3	대화02	A	14	Bulan depan kita rencanain.	다음 달 계획해보자.	불란 드빤 끼따 른짜나인.	bulan = 달, depan = 다음	'{romance,kpop,date}'		카페 데이트
l3_d03_t01	3	대화03	A	1	Lebaran tadi seru ya.	오늘 르바란 재밌었네.	르바란 따디 스루 야.	tadi = 방금, seru = 재밌다	'{romance,family,lebaran}'	Lebaran = 인니 최대 명절	Sari 부모님 집 르바란
l3_d03_t02	3	대화03	B	2	Ibu suka kamu.	엄마가 너 좋아해.	이부 수까 까무.	Ibu = 어머니	'{romance,family,lebaran}'	엄마 호의	집
l3_d03_t03	3	대화03	A	3	Beneran?	진짜?	브너란?	beneran = 진짜 (구어, benar)	'{romance,family,lebaran}'		집
l3_d03_t04	3	대화03	B	4	Iya, bilang sopan.	응, 정중하대.	이야, 빌랑 소빤.	bilang = 말하다 (구어, mengatakan), sopan = 정중	'{romance,family,lebaran}'		집
l3_d03_t05	3	대화03	A	5	Bapak gimana?	아빠는?	바빡 기마나?	Bapak = 아버지	'{romance,family,lebaran}'		집
l3_d03_t06	3	대화03	B	6	Bapak masih hati-hati.	아빠는 신중.	바빡 마시 하띠 하띠.	masih = 아직, hati-hati = 조심 (reduplication)	'{romance,family,lebaran}'		집
l3_d03_t07	3	대화03	A	7	Karena Korea?	한국이라서?	까르나 꼬레아?	karena = 때문	'{romance,family,lebaran}'		집
l3_d03_t08	3	대화03	B	8	Karena agama.	종교 때문.	까르나 아가마.	agama = 종교	'{romance,family,lebaran}'	문화 갈등 단서	집
l3_d03_t09	3	대화03	A	9	Aku ngerti.	이해해.	아꾸 응으르띠.	ngerti = mengerti 구어	'{romance,family,lebaran}'		집
l3_d03_t10	3	대화03	B	10	Tapi mereka mau kenal lebih.	그래도 더 알고 싶대.	따삐 므레까 마우 끄날 르비.	kenal = 알다 (사람)	'{romance,family,lebaran}'	문 열림	집
l3_d03_t11	3	대화03	A	11	Ajarin aku sopan-santun lebih.	예의 더 가르쳐줘.	아자린 아꾸 소빤 산뚠 르비.	sopan-santun = 예의 (관용)	'{romance,family,lebaran}'	문화 적응	집
l3_d03_t12	3	대화03	B	12	Pakai tangan kanan, jangan kiri.	오른손, 왼손 X.	빠까이 땅안 까난, 장안 끼리.	tangan kanan = 오른손, jangan = 하지마	'{romance,family,lebaran}'	인니 문화 — 식사·인사 오른손	집
l3_d03_t13	3	대화03	A	13	Catat.	기록.	짜땃.		'{romance,family,lebaran}'		집
l3_d03_t14	3	대화03	B	14	Lain kali kasih oleh-oleh Korea.	다음엔 한국 선물.	라인 깔리 까시 올레 올레 꼬레아.	oleh-oleh = 선물 (reduplication)	'{romance,family,lebaran}'	인니 선물 문화	집
l3_d04_t01	3	대화04	B	1	Min-jun, kita serius nih?	민준, 우리 진지해?	민준, 끼따 스리우스 니?	nih = 어기조사 (이거)	'{romance,marriage,korea_move}'	관계 평가	Sari 집 — 한국 정착
l3_d04_t02	3	대화04	A	2	Aku serius.	난 진지.	아꾸 스리우스.		'{romance,marriage,korea_move}'		집
l3_d04_t03	3	대화04	B	3	Aku mau ke Korea sama kamu.	한국 같이 가고 싶어.	아꾸 마우 끄 꼬레아 사마 까무.	sama kamu = 너와 함께	'{romance,marriage,korea_move}'	핵심 — 인니녀 적극 제안	집
l3_d04_t04	3	대화04	A	4	Pindah ke Korea?	한국 이주?	삔다 끄 꼬레아?	pindah = 이주	'{romance,marriage,korea_move}'	한남 숙고	집
l3_d04_t05	3	대화04	B	5	Iya, hidup di Seoul.	응, 서울에서 살아.	이야, 히둡 디 세울.	hidup = 살다	'{romance,marriage,korea_move}'	Sari 결심 강조	집
l3_d04_t06	3	대화04	A	6	Pikirin matang.	잘 생각해.	삐끼린 마땅.	pikirin = memikirkan 구어, matang = 성숙	'{romance,marriage,korea_move}'	신중 권고	집
l3_d04_t07	3	대화04	B	7	Sudah. Aku siap.	이미. 준비됨.	수다. 아꾸 시압.	siap = 준비된	'{romance,marriage,korea_move}'	확고	집
l3_d04_t08	3	대화04	A	8	Bahasa Korea kamu?	한국어는?	바하사 꼬레아 까무?	bahasa = 언어	'{romance,marriage,korea_move}'	실제 점검	집
l3_d04_t09	3	대화04	B	9	Aku belajar serius dua tahun.	2년 진지하게 공부.	아꾸 블라자르 스리우스 두아 따훈.	belajar = 공부하다	'{romance,marriage,korea_move}'	Sari 한국어 노력	집
l3_d04_t10	3	대화04	A	10	Keluargamu?	가족은?	끌루아르가무?	keluargamu = keluarga + mu (네)	'{romance,marriage,korea_move}'		집
l3_d04_t11	3	대화04	B	11	Ibu nangis tapi rela.	엄마 울었지만 받아들임.	이부 낭이스 따삐 를라.	rela = 받아들이다, 기꺼이	'{romance,marriage,korea_move}'	가족 동의	집
l3_d04_t12	3	대화04	A	12	Kerja di sana?	일은?	끄르자 디 사나?	di sana = 거기	'{romance,marriage,korea_move}'	한국 직업	집
l3_d04_t13	3	대화04	B	13	Sebagai barista atau cafe manager.	바리스타나 카페 매니저.	스바가이 바리스따 아따우 까페 마네저르.	sebagai = ~로서	'{romance,marriage,korea_move}'	Sari 현재 직업 활용	집
l3_d04_t14	3	대화04	A	14	Oke, kita rencanain bareng.	오케이, 같이 계획.	오께, 끼따 른짜나인 바릉.	bareng = 함께 (구어, bersama)	'{romance,marriage,korea_move}'	결심 합의	집
l3_d05_t01	3	대화05	A	1	Visa F-6, untuk pasangan Korea.	F-6, 한국인 배우자.	비사 에프 으남, 운뚝 빠상안 꼬레아.	pasangan = 배우자, F-6 = 한국 결혼 비자	'{romance,marriage,visa}'	visa 정보	visa F-6 절차
l3_d05_t02	3	대화05	B	2	Aku harus nikah dulu?	먼저 결혼?	아꾸 하루스 니까 둘루?	nikah = 결혼하다	'{romance,marriage,visa}'		집
l3_d05_t03	3	대화05	A	3	Iya, baru bisa apply.	응, 그 후 신청.	이야, 바루 비사 어플라이.	apply = 영어 차용	'{romance,marriage,visa}'	절차	집
l3_d05_t04	3	대화05	B	4	Pernikahan di Indonesia atau Korea?	인도네시아 결혼? 한국?	쁘르니까한 디 인도네시아 아따우 꼬레아?	pernikahan = 결혼식	'{romance,marriage,visa}'		집
l3_d05_t05	3	대화05	A	5	Dua-duanya, biar aman.	둘 다, 안전하게.	두아 두아냐, 비아르 아만.	biar = 위해, aman = 안전	'{romance,marriage,visa}'	실용	집
l3_d05_t06	3	대화05	B	6	Mahal nggak?	비싸?	마할 응각?		'{romance,marriage,visa}'		집
l3_d05_t07	3	대화05	A	7	Lumayan, tapi aku tanggung.	좀, 내가 부담.	루마얀, 따삐 아꾸 땅궁.	lumayan = 그럭저럭, tanggung = 부담	'{romance,marriage,visa}'	한남 책임	집
l3_d05_t08	3	대화05	B	8	Aku juga ada tabungan dikit.	저축 좀 있어.	아꾸 주가 아다 따붕안 디낏.	tabungan = 저축, dikit = sedikit 구어	'{romance,marriage,visa}'	독립적 분담	집
l3_d05_t09	3	대화05	A	9	Kita gabung.	합치자.	끼따 가붕.	gabung = 합치다	'{romance,marriage,visa}'		집
l3_d05_t10	3	대화05	B	10	Tanggal nikah?	결혼 날짜?	땅갈 니까?	tanggal = 날짜	'{romance,marriage,visa}'		집
l3_d05_t11	3	대화05	A	11	Tahun depan, bulan tiga.	내년 3월.	따훈 드빤, 불란 띠가.		'{romance,marriage,visa}'	구체적 시점	집
l3_d05_t12	3	대화05	B	12	Aku resign April.	4월 사직.	아꾸 르사인 아쁘릴.	resign = 영어 차용	'{romance,marriage,visa}'	Sari 인생 결정	집
l3_d05_t13	3	대화05	A	13	Mei kita berangkat ke Korea.	5월 한국으로.	메이 끼따 브랑깟 끄 꼬레아.	berangkat = 출발	'{romance,marriage,visa}'	한국 출국	집
l3_d05_t14	3	대화05	B	14	Jadi suami istri.	부부로.	자디 수아미 이스뜨리.	suami = 남편, istri = 아내	'{romance,marriage,visa}'	arc 결말	집
l5_d01_t01	5	대화01	A	1	Tiket BTS Jakarta jam berapa buka?	티켓팅 몇 시?	띠껫 베떼에스 자카르타 잠 브라빠 부까?	tiket = 티켓	'{kpop,ticket}'	콘서트 티켓팅	BTS Jakarta 티켓
l5_d01_t02	5	대화01	B	2	Jam 10 pagi tepat.	오전 10시 정각.	잠 스뿔루 빠기 뜨빳.	tepat = 정각	'{kpop,ticket}'		티켓팅
l5_d01_t03	5	대화01	A	3	Aku harus pakai berapa device?	몇 기기?	아꾸 하루스 빠까이 브라빠 디바이스?	device = 영어 차용	'{kpop,ticket}'	티켓팅 전략	티켓팅
l5_d01_t04	5	대화01	B	4	HP, laptop, tablet. Triple.	폰, 노트북, 태블릿. 트리플.	하뻬, 랩탑, 따블렛. 트리플.	HP = handphone (인니 휴대폰)	'{kpop,ticket}'		티켓팅
l5_d01_t05	5	대화01	A	5	VPN perlu?	VPN 필요?	베뻬엔 쁘를루?	perlu = 필요	'{kpop,ticket}'		티켓팅
l5_d01_t06	5	대화01	B	6	Iya, kalau queue penuh.	응, 줄 가득.	이야, 큐 쁘누.	queue = 영어 차용, penuh = 가득	'{kpop,ticket}'		티켓팅
l5_d01_t07	5	대화01	A	7	Aku ngeri server crash.	서버 다운 무서워.	아꾸 응으리 서버 크래시.	ngeri = 무섭다	'{kpop,ticket}'		티켓팅
l5_d01_t08	5	대화01	B	8	Pasti crash. Sabar aja.	분명 다운. 인내.	빠스띠 크래시. 사바르 아자.	sabar = 인내	'{kpop,ticket}'	현실 인정	티켓팅
l5_d01_t09	5	대화01	A	9	Section apa target?	어느 섹션 목표?	섹션 아빠 따르겟?	target = 영어 차용	'{kpop,ticket}'		티켓팅
l5_d01_t10	5	대화01	B	10	VIP Pit kalau dapat.	VIP Pit 있으면.	비아이피 핏 깔라우 다빳.	dapat = 얻다	'{kpop,ticket}'		티켓팅
l5_d01_t11	5	대화01	A	11	Itu mahal banget.	엄청 비싸.	이뚜 마할 방엣.		'{kpop,ticket}'		티켓팅
l5_d01_t12	5	대화01	B	12	Sekali seumur hidup.	인생 한 번.	스깔리 스우무르 히둡.	seumur hidup = 평생	'{kpop,ticket}'	결심 명대사	티켓팅
l5_d01_t13	5	대화01	A	13	Oke, bismillah.	오케이, 비스밀라.	오께, 비스밀라.	bismillah = 신의 이름으로 (시작 표현)	'{kpop,ticket}'	인니 일상 표현	티켓팅
l5_d01_t14	5	대화01	B	14	Refresh refresh refresh!	새고새고새고!	리프레시 리프레시 리프레시!		'{kpop,ticket}'	티켓팅 패닉	티켓팅
l5_d02_t01	5	대화02	A	1	NewJeans album baru release.	NewJeans 새 앨범 발매.	뉴진스 알붐 바루 릴리스.	release = 영어 차용	'{kpop,fansa}'	신곡 발매	팬싸 응모
l5_d02_t02	5	대화02	B	2	Aku udah pre-order 5 versi.	5 버전 예약.	아꾸 우다 프리 오르더 리마 베르시.	pre-order = 영어 차용	'{kpop,fansa}'	팬싸 응모 전략	팬싸 응모
l5_d02_t03	5	대화02	A	3	Lima? Buat fansa?	5? 팬싸용?	리마? 부앗 판사?	fansa = 팬사인회 (한국어 차용)	'{kpop,fansa}'		팬싸 응모
l5_d02_t04	5	대화02	B	4	Iya, peluang menang lebih besar.	응, 당첨률 ↑.	이야, 쁠루앙 므낭 르비 브사르.	peluang = 가능성, menang = 이기다	'{kpop,fansa}'		팬싸 응모
l5_d02_t05	5	대화02	A	5	Aku cuma satu, photocard saja.	난 하나, 포카만.	아꾸 쭈마 사뚜, 포또까르드 사자.	photocard = K-pop 포토카드	'{kpop,fansa}'	포카 문화	팬싸 응모
l5_d02_t06	5	대화02	B	6	Trade card sama aku?	카드 트레이드?	트레이드 카르드 사마 아꾸?	trade = 영어 차용	'{kpop,fansa}'	포카 트레이드 문화	팬싸 응모
l5_d02_t07	5	대화02	A	7	Kamu mau Hanni? Aku punya.	Hanni 원해? 가지고 있어.	까무 마우 한니? 아꾸 뿐야.		'{kpop,fansa}'	NewJeans 멤버 Hanni	팬싸 응모
l5_d02_t08	5	대화02	B	8	Aku mau Minji, swap?	Minji 원해, 교환?	아꾸 마우 민지, 스왑?	swap = 영어 차용	'{kpop,fansa}'	NewJeans 멤버 Minji	팬싸 응모
l5_d02_t09	5	대화02	A	9	Deal. Kapan ketemu?	딜. 언제 만나?	딜. 까빤 끄뜨무?		'{kpop,fansa}'		팬싸 응모
l5_d02_t10	5	대화02	B	10	Akhir minggu di mall.	주말 몰에서.	아키르 밍구 디 몰.	akhir minggu = 주말	'{kpop,fansa}'		팬싸 응모
l5_d02_t11	5	대화02	A	11	Bawa case juga ya.	케이스도 가져와.	바와 께이스 주가 야.	bawa = 가지다	'{kpop,fansa}'	포카 케이스	팬싸 응모
l5_d02_t12	5	대화02	B	12	Pasti, jangan rusak.	꼭, 망가지면 안 돼.	빠스띠, 장안 루삭.	rusak = 망가지다	'{kpop,fansa}'		팬싸 응모
l5_d02_t13	5	대화02	A	13	Aku doain kamu menang fansa.	팬싸 당첨 기도.	아꾸 도아인 까무 므낭 판사.	doain = 기도해주다 (구어, mendoakan)	'{kpop,fansa}'	인니 종교 일상어	팬싸 응모
l5_d02_t14	5	대화02	B	14	Sama-sama. Aamiin.	서로. 아민.	사마 사마. 아민.	Aamiin = 그러길 (이슬람 기도 응답)	'{kpop,fansa}'		팬싸 응모
l5_d03_t01	5	대화03	A	1	M Countdown live mulai jam berapa?	M Countdown 라이브 몇 시?	엠 카운트다운 라이브 물라이 잠 브라빠?	mulai = 시작	'{kpop,music_show}'	한국 음방 — 엠카	SEVENTEEN 컴백 음방
l5_d03_t02	5	대화03	B	2	Jam 5 sore Korea, jam 3 sore Jakarta.	한국 5시, 자카르타 3시.	잠 리마 소레 꼬레아, 잠 띠가 소레 자카르타.	sore = 오후	'{kpop,music_show}'	시차 KST-WIB	음방
l5_d03_t03	5	대화03	A	3	Streaming dimana?	어디서 스트리밍?	스트리밍 디마나?	streaming = 영어 차용	'{kpop,music_show}'		음방
l5_d03_t04	5	대화03	B	4	Mnet Plus app, atau YouTube.	Mnet Plus 앱, YouTube.	엠넷 플러스 앱, 아따우 유튜브.		'{kpop,music_show}'	음방 시청 채널	음방
l5_d03_t05	5	대화03	A	5	SEVENTEEN comeback hari ini?	SEVENTEEN 컴백 오늘?	세븐틴 컴백 하리 이니?	comeback = 영어 차용	'{kpop,music_show}'		음방
l5_d03_t06	5	대화03	B	6	Iya, lagu baru God of Music.	응, 신곡 God of Music.	이야, 라구 바루 가드 오프 뮤직.	lagu = 노래	'{kpop,music_show}'	SEVENTEEN 명곡	음방
l5_d03_t07	5	대화03	A	7	Wah, choreography pasti gila.	안무 미친 듯.	와, 안무 빠스띠 길라.	gila = 미치다	'{kpop,music_show}'	안무 평가	음방
l5_d03_t08	5	대화03	B	8	13 member, formation tight.	13명, 포메이션 빡셈.	띠가 블라스 멤버, 포르마시 따잇.		'{kpop,music_show}'	SEVENTEEN 13 멤버 특징	음방
l5_d03_t09	5	대화03	A	9	Vote daily ya, app Idolchamp.	Idolchamp 매일 투표.	보뜨 데일리 야, 앱 아이돌챔프.	vote = 영어 차용	'{kpop,music_show}'	팬덤 투표앱	음방
l5_d03_t10	5	대화03	B	10	Aku punya 50 akun.	50계정 있어.	아꾸 뿐야 리마 뿔루 아꾼.	akun = 계정	'{kpop,music_show}'	덕질 헌신	음방
l5_d03_t11	5	대화03	A	11	Wah, dedikasi.	와, 헌신.	와, 데디까시.	dedikasi = 헌신	'{kpop,music_show}'		음방
l5_d03_t12	5	대화03	B	12	Carat army harus solid.	캐럿 단결.	캐럿 아르미 하루스 솔리드.	Carat = SEVENTEEN 팬덤명	'{kpop,music_show}'	팬덤 정체성	음방
l5_d03_t13	5	대화03	A	13	Jangan lupa stream MV juga.	MV 스트리밍도.	장안 루빠 스트림 엠비 주가.	MV = music video	'{kpop,music_show}'		음방
l5_d03_t14	5	대화03	B	14	1 juta view in 24 jam target.	24시간 100만뷰.	사뚜 주따 뷰 인 두아 뿔루 음빳 잠 따르겟.	juta = 백만, view = 영어 차용	'{kpop,music_show}'	K-pop MV 목표	음방
l5_d04_t01	5	대화04	A	1	Aku mau ke Korea musim panas.	여름에 한국 가.	아꾸 마우 끄 꼬레아 무심 빠나스.	musim panas = 여름	'{kpop,korea_trip}'	한국 가자 컨셉	한국 콘서트 투어
l5_d04_t02	5	대화04	B	2	Kapan? Konser apa?	언제? 무슨 콘서트?	까빤? 콘세르 아빠?		'{kpop,korea_trip}'		한국 투어
l5_d04_t03	5	대화04	A	3	Juli, BTS solo tour Jin.	7월, BTS 진 솔로 투어.	줄리, 베떼에스 솔로 뚜르 진.		'{kpop,korea_trip}'		한국 투어
l5_d04_t04	5	대화04	B	4	Aku ikut! Tiket sudah?	나도! 티켓?	아꾸 이꿋! 띠껫 수다?	ikut = 함께 가다	'{kpop,korea_trip}'		한국 투어
l5_d04_t05	5	대화04	A	5	Belum, masih lottery.	아직, 추첨 중.	블룸, 마시 로떼리.	lottery = 영어 차용	'{kpop,korea_trip}'		한국 투어
l5_d04_t06	5	대화04	B	6	Penginapan dimana?	숙소 어디?	쁭이나빤 디마나?	penginapan = 숙소	'{kpop,korea_trip}'		한국 투어
l5_d04_t07	5	대화04	A	7	Hongdae, dekat venue.	홍대, 공연장 근처.	홍대, 드깟 베뉴.	dekat = 가까이, venue = 영어 차용	'{kpop,korea_trip}'	서울 K-pop 핫플	한국 투어
l5_d04_t08	5	대화04	B	8	Kuliner Korea pasti.	한식 필수.	꿀리네르 꼬레아 빠스띠.	kuliner = 음식 문화	'{kpop,korea_trip}'		한국 투어
l5_d04_t09	5	대화04	A	9	Kimchi-jjigae, Korean BBQ, tteokbokki.	김치찌개, 한식 BBQ, 떡볶이.	김치찌개, 코리안 바비큐, 떡볶이.		'{kpop,korea_trip}'	한식 메뉴	한국 투어
l5_d04_t10	5	대화04	B	10	Halal versi cari ya.	할랄 버전 찾아.	할랄 베르시 짜리 야.	cari = 찾다	'{kpop,korea_trip}'	인니녀 무슬림 자연 디테일	한국 투어
l5_d04_t11	5	대화04	A	11	Iya, ada Itaewon halal restaurant.	응, 이태원 할랄 식당.	이야, 아다 이태원 할랄 레스또란.		'{kpop,korea_trip}'	실용 정보	한국 투어
l5_d04_t12	5	대화04	B	12	Berapa hari planning?	며칠 계획?	브라빠 하리 플래닝?	planning = 영어 차용	'{kpop,korea_trip}'		한국 투어
l5_d04_t13	5	대화04	A	13	Seminggu, biar puas.	1주일, 만족.	스밍구, 비아르 뿌아스.	puas = 만족	'{kpop,korea_trip}'		한국 투어
l5_d04_t14	5	대화04	B	14	Aku save tanggal. Booking tiket pesawat.	날짜 저장. 비행기 예약.	아꾸 세이브 땅갈. 부킹 띠껫 쁘사왓.	pesawat = 비행기	'{kpop,korea_trip}'	한국 출발 결심	한국 투어
l6_d23_t01	6	대화23	A	1	Kamu selalu telat.	항상 늦어.	까무 슬랄루 뜨랏.	selalu = 항상, telat = terlambat 구어	'{conflict}'	반복 갈등	집 — 늦음 다툼
l6_d23_t02	6	대화23	B	2	Kerjaan banyak.	일 많아.	끄르자안 바냑.	kerjaan = pekerjaan 구어	'{conflict}'	변명	집
l6_d23_t03	6	대화23	A	3	Aku capek nungguin.	기다림 지쳐.	아꾸 짜뻑 눙구인.	capek = 지치다, nungguin = menunggui 구어	'{conflict}'		집
l6_d23_t04	6	대화23	B	4	Maaf, beneran sibuk.	미안, 진짜 바빠.	마앞, 브너란 시북.	beneran = 진짜 (구어)	'{conflict}'		집
l6_d23_t05	6	대화23	A	5	Bukan soal sibuk, soal prioritas.	바쁨 아닌 우선순위.	부깐 소알 시북, 소알 쁘리오리따스.	prioritas = 우선순위	'{conflict}'	심층 갈등 본질	집
l6_d23_t06	6	대화23	B	6	Aku salah. Aku akan ubah.	잘못. 바꿀게.	아꾸 살라. 아꾸 아깐 우바.	ubah = 바꾸다	'{conflict}'	인정	집
l6_d23_t07	6	대화23	A	7	Janji udah berapa kali.	약속 몇 번.	잔지 우다 브라빠 깔리.		'{conflict}'	신뢰 issue	집
l6_d23_t08	6	대화23	B	8	Kali ini aku sungguh.	이번엔 진짜.	깔리 이니 아꾸 숭구.	sungguh = 진실로	'{conflict}'		집
l6_d23_t09	6	대화23	A	9	Aku capek bertengkar.	싸움 지쳐.	아꾸 짜뻑 브르뜽까르.	bertengkar = 싸우다	'{conflict}'		집
l6_d23_t10	6	대화23	B	10	Kita ngobrol tenang besok.	내일 차분히.	끼따 응오브롤 뜨낭 베속.	tenang = 차분	'{conflict}'	냉각 결정	집
l6_d24_t01	6	대화24	A	1	Kita perlu bicara.	얘기해야.	끼따 쁘를루 비짜라.	perlu = 필요	'{breakup}'	관계 결렬 신호	집 — 이별 대화
l6_d24_t02	6	대화24	B	2	Aku tahu apa.	알 것 같아.	아꾸 따후 아빠.		'{breakup}'		집
l6_d24_t03	6	대화24	A	3	Aku rasa kita stop.	멈춰야 할 것 같아.	아꾸 라사 끼따 스똡.	rasa = 느낌	'{breakup}'	결정 통보	집
l6_d24_t04	6	대화24	B	4	Karena apa?	왜?	까르나 아빠?		'{breakup}'		집
l6_d24_t05	6	대화24	A	5	Kita berbeda terlalu jauh.	너무 달라.	끼따 브르베다 뜨를랄루 자우.	berbeda = 다르다, jauh = 멀다	'{breakup}'	근본 차이	집
l6_d24_t06	6	대화24	B	6	Aku coba ya.	노력했어.	아꾸 쪼바 야.	coba = 시도	'{breakup}'		집
l6_d24_t07	6	대화24	A	7	Iya, kita berdua coba.	응, 둘 다.	이야, 끼따 브르두아 쪼바.		'{breakup}'	상호 인정	집
l6_d24_t08	6	대화24	B	8	Mungkin teman lebih baik.	친구가 나을지.	뭉낀 뜨만 르비 바익.		'{breakup}'	재정의 제안	집
l6_d24_t09	6	대화24	A	9	Lain kali, mungkin.	나중에, 아마.	라인 깔리, 뭉낀.		'{breakup}'		집
l6_d24_t10	6	대화24	B	10	Hati-hati, Min-jun.	조심해, 민준.	하띠 하띠, 민준.		'{breakup}'	캐릭터 차원 정중 결말	집
l6_d25_t01	6	대화25	B	1	Min-jun, aku kangen Jakarta.	민준, 자카르타 그리워.	민준, 아꾸 깡엔 자카르타.	kangen = 그리워하다 (구어)	'{adaptation,korea_life}'	한국 정착 후 향수	서울 신혼 집 — 정착 6개월
l6_d25_t02	6	대화25	A	2	Aku tahu, susah ya.	알아, 힘들지.	아꾸 따후, 수사 야.		'{adaptation,korea_life}'	공감	집
l6_d25_t03	6	대화25	B	3	Teman aku semua di sana.	친구 다 거기.	뜨만 아꾸 스무아 디 사나.	semua = 모두	'{adaptation,korea_life}'		집
l6_d25_t04	6	대화25	A	4	Komunitas Indonesia di Itaewon ada.	이태원 인니 커뮤니티 있어.	꼬무니따스 인도네시아 디 이태원 아다.	komunitas = 커뮤니티	'{adaptation,korea_life}'	실용 정보	집
l6_d25_t05	6	대화25	B	5	Tapi aku rindu makanan Ibu.	엄마 음식 그리워.	따삐 아꾸 린두 마까난 이부.	rindu = 그리워하다	'{adaptation,korea_life}'		집
l6_d25_t06	6	대화25	A	6	Bulan depan kita ke Indonesia.	다음 달 인도네시아 가.	불란 드빤 끼따 끄 인도네시아.		'{adaptation,korea_life}'	실용 해법	집
l6_d25_t07	6	대화25	B	7	Aku salah pindah?	이주 잘못?	아꾸 살라 삔다?		'{adaptation,korea_life}'	깊은 회의	집
l6_d25_t08	6	대화25	A	8	Bukan salah, cuma adaptasi.	잘못 아냐, 적응 중.	부깐 살라, 쭈마 아답따시.	adaptasi = 적응	'{adaptation,korea_life}'		집
l6_d25_t09	6	대화25	B	9	Aku takut Korea nggak nerima aku.	한국 안 받아줄까 무서워.	아꾸 따꿋 꼬레아 응각 느리마 아꾸.	nerima = menerima 구어	'{adaptation,korea_life}'	문화 수용 불안	집
l6_d25_t10	6	대화25	A	10	Aku nerima kamu, itu cukup.	내가 받아줘, 그거면.	아꾸 느리마 까무, 이뚜 쭈꿉.	cukup = 충분	'{adaptation,korea_life}'	결말 — 부부 신뢰	집
l6_d26_t01	6	대화26	A	1	Sari, anjing artinya apa?	사리, anjing 뜻이?	사리, 안징 아르띠냐 아빠?	anjing = 개 / 욕설	'{taboo,education}'	한남 인니어 학습	집 — 인니어 학습
l6_d26_t02	6	대화26	B	2	Anjing = anjing. Tapi sebagai umpatan kasar.	개. 근데 욕으로도.	안징 = 안징. 따삐 스바가이 움빠딴 까사르.	umpatan = 욕설, kasar = 거친	'{taboo,education}'	문화 가르침	집
l6_d26_t03	6	대화26	A	3	Jangan dipakai ya.	쓰지 마라.	장안 디빠까이 야.		'{taboo,education}'		집
l6_d26_t04	6	대화26	B	4	Jangan, kasar banget.	절대, 매우 거칠어.	장안, 까사르 방엣.		'{taboo,education}'		집
l6_d26_t05	6	대화26	A	5	Bangsat artinya?	bangsat 뜻?	방삿 아르띠냐?	bangsat = 강한 욕설	'{taboo,education}'		집
l6_d26_t06	6	대화26	B	6	Itu juga umpatan, hindari.	그것도 욕, 피해.	이뚜 주가 움빠딴, 힌다리.	hindari = 피해라	'{taboo,education}'		집
l6_d26_t07	6	대화26	A	7	Kalo Astaga?	Astaga 는?	깔로 아스따가?	kalo = kalau 구어	'{taboo,education}'		집
l6_d26_t08	6	대화26	B	8	Astaga aman, ekspresi kaget.	Astaga 안전, 놀람 표현.	아스따가 아만, 엑스프레시 까겟.	kaget = 놀라다	'{taboo,education}'	안전한 감탄사	집
l6_d26_t09	6	대화26	A	9	Aku catat ya.	적을게.	아꾸 짜땃 야.	catat = 기록	'{taboo,education}'		집
l6_d26_t10	6	대화26	B	10	Iya, jangan salah pakai depan keluargaku.	가족 앞에서 잘못 쓰지 마.	이야, 장안 살라 빠까이 드빤 끌루아르가꾸.	depan = 앞	'{taboo,education}'	실용 경고	집
l2_d01_t01	2	대화01	A	1	Sabtu kosong nggak?	토요일 비어?	삽뚜 꼬송 응각?	Sabtu = 토요일, kosong = 비어	'{messenger,whatsapp,friend}'	주말 약속	WhatsApp 친구
l2_d01_t02	2	대화01	B	2	Kosong! Mau ngopi?	비어! 커피?	꼬송! 마우 응오삐?	ngopi = 커피 한잔	'{messenger,whatsapp,friend}'		WhatsApp
l2_d01_t03	2	대화01	A	3	Kafe biasa kita.	우리 평소 카페.	까페 비아사 끼따.	biasa = 평소	'{messenger,whatsapp,friend}'		WhatsApp
l2_d01_t04	2	대화01	B	4	Jam berapa?	몇 시?	잠 브라빠?		'{messenger,whatsapp,friend}'		WhatsApp
l2_d01_t05	2	대화01	A	5	Jam 2 siang.	오후 2시.	잠 두아 시앙.	siang = 낮	'{messenger,whatsapp,friend}'		WhatsApp
l2_d01_t06	2	대화01	B	6	Aku ajak Lala juga ya?	랄라도 데려가.	아꾸 아작 랄라 주가 야?	ajak = 데리고 가다	'{messenger,whatsapp,friend}'	제3자 호출	WhatsApp
l2_d01_t07	2	대화01	A	7	Boleh, lama nggak ketemu.	좋지, 오랜만.	볼레, 라마 응각 끄뜨무.	lama = 오랜	'{messenger,whatsapp,friend}'		WhatsApp
l2_d01_t08	2	대화01	B	8	Lala lagi sibuk skripsi.	랄라 논문 바빠.	랄라 라기 시북 스크립시.	skripsi = 학사 논문	'{messenger,whatsapp,friend}'	대학생 단어	WhatsApp
l2_d01_t09	2	대화01	A	9	Kasian, tapi suruh datang.	안됐다, 오라고.	까시안, 따삐 수루 다땅.	kasian = 안쓰럽다, suruh = 시키다	'{messenger,whatsapp,friend}'		WhatsApp
l2_d01_t10	2	대화01	B	10	Aku chat dia sekarang.	지금 채팅.	아꾸 짯 디아 스까랑.	chat = 영어 차용	'{messenger,whatsapp,friend}'		WhatsApp
l2_d01_t11	2	대화01	A	11	Update aku ya.	업데이트해.	업데이트 아꾸 야.		'{messenger,whatsapp,friend}'		WhatsApp
l2_d01_t12	2	대화01	B	12	Lala bisa, jam 3.	랄라 OK, 3시.	랄라 비사, 잠 띠가.		'{messenger,whatsapp,friend}'		WhatsApp
l2_d01_t13	2	대화01	A	13	Mantap, see you Sabtu.	좋아, 토요일에.	만땁, 시 유 삽뚜.	mantap = 좋다 (구어 강조)	'{messenger,whatsapp,friend}'	mantap 구어 강조	WhatsApp
l2_d01_t14	2	대화01	B	14	Bye, jangan lupa.	바이, 잊지 마.	바이, 장안 루빠.		'{messenger,whatsapp,friend}'		WhatsApp
l2_d02_t01	2	대화02	A	1	Sari, bagaimana hari pertama?	사리, 첫날 어때?	사리, 바가이마나 하리 쁘르따마?	pertama = 첫	'{messenger,slack,work,korea_life}'	서울 카페 회사 첫 출근	회사 슬랙
l2_d02_t02	2	대화02	B	2	Lumayan, masih kaget.	괜찮아, 아직 적응.	루마얀, 마시 까겟.		'{messenger,slack,work,korea_life}'	한국 직장 적응	슬랙
l2_d02_t03	2	대화02	A	3	Bahasa Korea kerja oke?	한국어 일은?	바하사 꼬레아 끄르자 오께?		'{messenger,slack,work,korea_life}'		슬랙
l2_d02_t04	2	대화02	B	4	Slow, tapi orang baik.	느려, 사람은 좋아.	슬로우, 따삐 오랑 바익.	slow = 영어 차용	'{messenger,slack,work,korea_life}'		슬랙
l2_d02_t05	2	대화02	A	5	Lunch break bareng?	점심 같이?	런치 브레익 바릉?	lunch break = 영어 차용	'{messenger,slack,work,korea_life}'		슬랙
l2_d02_t06	2	대화02	B	6	Boleh! Kapan?	좋아! 언제?	볼레! 까빤?		'{messenger,slack,work,korea_life}'		슬랙
l2_d02_t07	2	대화02	A	7	Jam 12, kantin lantai 2.	12시, 2층 식당.	잠 두아 블라스, 깐띤 란따이 두아.	kantin = 구내식당, lantai = 층	'{messenger,slack,work,korea_life}'		슬랙
l2_d02_t08	2	대화02	B	8	OK, aku ajak Joon juga.	응, 준도 부를게.	오께, 아꾸 아작 준 주가.		'{messenger,slack,work,korea_life}'	남편 호명	슬랙
l2_d02_t09	2	대화02	A	9	Joon orang Korea kan?	준 한국인이지?	준 오랑 꼬레아 깐?	kan = 그렇지 (확인 어기조사)	'{messenger,slack,work,korea_life}'	어기조사 kan	슬랙
l2_d02_t10	2	대화02	B	10	Iya, suami aku.	응, 내 남편.	이야, 수아미 아꾸.		'{messenger,slack,work,korea_life}'		슬랙
l2_d02_t11	2	대화02	A	11	Wah, kerja sama kantor?	와, 같은 회사?	와, 끄르자 사마 깐또르?	kantor = 사무실/회사	'{messenger,slack,work,korea_life}'		슬랙
l2_d02_t12	2	대화02	B	12	Iya, departemen lain.	응, 다른 부서.	이야, 디파르뜨먼 라인.	departemen = 부서	'{messenger,slack,work,korea_life}'		슬랙
l2_d02_t13	2	대화02	A	13	Romantic banget!	로맨틱!	로맨틱 방엣!		'{messenger,slack,work,korea_life}'		슬랙
l2_d02_t14	2	대화02	B	14	Hehe, see you jam 12.	헤헤, 12시에.	헤헤, 시 유 잠 두아 블라스.		'{messenger,slack,work,korea_life}'		슬랙
l2_d03_t01	2	대화03	B	1	Bu, aku sudah sampai Seoul.	엄마, 서울 도착.	부, 아꾸 수다 삼빠이 세울.	sampai = 도착	'{messenger,whatsapp,family,korea_life}'	한국 도착 후	WhatsApp 부모님
l2_d03_t02	2	대화03	A	2	Alhamdulillah. Sehat?	알함둘릴라. 건강?	알함둘릴라. 세핫?	Alhamdulillah = 신께 감사 (이슬람 일상)	'{messenger,whatsapp,family,korea_life}'		WhatsApp
l2_d03_t03	2	대화03	B	3	Sehat. Cuaca dingin.	건강. 날씨 추워.	세핫. 쭈아짜 딩인.	cuaca = 날씨, dingin = 추운	'{messenger,whatsapp,family,korea_life}'	한국 겨울 충격	WhatsApp
l2_d03_t04	2	대화03	A	4	Pakai jaket tebal.	두꺼운 잠바.	빠까이 자껫 뜨발.	tebal = 두꺼운	'{messenger,whatsapp,family,korea_life}'		WhatsApp
l2_d03_t05	2	대화03	B	5	Iya, Min-jun beli jaket buat aku.	응, 민준이 사줬어.	이야, 민준 블리 자껫 부앗 아꾸.	beli = 사다	'{messenger,whatsapp,family,korea_life}'		WhatsApp
l2_d03_t06	2	대화03	A	6	Anak baik. Ibu lega.	착해. 엄마 안심.	아낙 바익. 이부 르가.	lega = 안심	'{messenger,whatsapp,family,korea_life}'	엄마 안도감	WhatsApp
l2_d03_t07	2	대화03	B	7	Apartment di Hongdae, dekat metro.	홍대 아파트, 지하철 가까이.	아빠르뜨먼 디 홍대, 드깟 메트로.		'{messenger,whatsapp,family,korea_life}'		WhatsApp
l2_d03_t08	2	대화03	A	8	Aman daerahnya?	동네 안전?	아만 다에라냐?	aman = 안전, daerah = 지역	'{messenger,whatsapp,family,korea_life}'		WhatsApp
l2_d03_t09	2	대화03	B	9	Aman banget, banyak student.	매우, 학생 많아.	아만 방엣, 바냑 스뚜덴.	student = 영어 차용	'{messenger,whatsapp,family,korea_life}'	홍대 분위기	WhatsApp
l2_d03_t10	2	대화03	A	10	Bapak titip salam.	아빠가 안부.	바빡 띠띱 살람.	titip salam = 안부 전하다 (관용)	'{messenger,whatsapp,family,korea_life}'	관용 표현	WhatsApp
l2_d03_t11	2	대화03	B	11	Salam balik. Ibu jaga kesehatan.	안부 답. 엄마 건강.	살람 발릭. 이부 자가 끄세하딴.	balik = 돌아오는, jaga = 지키다	'{messenger,whatsapp,family,korea_life}'		WhatsApp
l2_d03_t12	2	대화03	A	12	Kamu juga. Telepon tiap minggu ya.	너도. 매주 전화.	까무 주가. 뗄레폰 띠압 밍구 야.	tiap = 매	'{messenger,whatsapp,family,korea_life}'		WhatsApp
l2_d03_t13	2	대화03	B	13	Pasti, Bu. Aku kangen.	꼭, 엄마. 그리워.	빠스띠, 부. 아꾸 깡엔.		'{messenger,whatsapp,family,korea_life}'		WhatsApp
l2_d03_t14	2	대화03	A	14	Ibu juga. Doakan.	엄마도. 기도.	이부 주가. 도아깐.	doakan = 기도해라	'{messenger,whatsapp,family,korea_life}'	인니 종교 일상어	WhatsApp
l2_d04_t01	2	대화04	B	1	Yuna, kapan kita ketemu?	유나, 언제 만나?	유나, 까빤 끼따 끄뜨무?		'{messenger,line,korean_friend}'	한국 친구 LINE	LINE 한국 친구
l2_d04_t02	2	대화04	A	2	Sari! Akhir minggu ini gimana?	사리! 이번 주말 어때?	사리! 아키르 밍구 이니 기마나?		'{messenger,line,korean_friend}'		LINE
l2_d04_t03	2	대화04	B	3	Boleh. Tempat?	좋아. 장소?	볼레. 뜸빳?	tempat = 장소	'{messenger,line,korean_friend}'		LINE
l2_d04_t04	2	대화04	A	4	Cafe di Hongdae, aku tahu satu.	홍대 카페, 알아.	까페 디 홍대, 아꾸 따후 사뚜.		'{messenger,line,korean_friend}'		LINE
l2_d04_t05	2	대화04	B	5	Aku juga di Hongdae sekarang.	홍대 살아 지금.	아꾸 주가 디 홍대 스까랑.		'{messenger,line,korean_friend}'		LINE
l2_d04_t06	2	대화04	A	6	Wah, dekat! Kapan pindah?	와, 가까워! 언제 이주?	와, 드깟! 까빤 삔다?		'{messenger,line,korean_friend}'		LINE
l2_d04_t07	2	대화04	B	7	Bulan lalu.	지난달.	불란 랄루.	lalu = 지난	'{messenger,line,korean_friend}'		LINE
l2_d04_t08	2	대화04	A	8	Aku mau tahu cerita Korea kamu.	한국 얘기 듣고 싶어.	아꾸 마우 따후 쩨리따 꼬레아 까무.	cerita = 이야기	'{messenger,line,korean_friend}'		LINE
l2_d04_t09	2	대화04	B	9	Banyak cerita lucu.	재밌는 얘기 많아.	바냑 쩨리따 루쭈.	lucu = 재밌다	'{messenger,line,korean_friend}'		LINE
l2_d04_t10	2	대화04	A	10	Sabtu jam 4 ya.	토요일 4시.	삽뚜 잠 음빳 야.		'{messenger,line,korean_friend}'		LINE
l2_d04_t11	2	대화04	B	11	Aman. Aku bawa Min-jun?	오케이. 민준 데려가?	아만. 아꾸 바와 민준?		'{messenger,line,korean_friend}'	남편 동행	LINE
l2_d04_t12	2	대화04	A	12	Boleh, biar kenalan.	좋아, 알게.	볼레, 비아르 끄날란.	kenalan = 알아가다	'{messenger,line,korean_friend}'		LINE
l2_d04_t13	2	대화04	B	13	Send pin location ya.	위치 핀 보내.	센드 핀 로께이션 야.	send = 영어 차용	'{messenger,line,korean_friend}'		LINE
l2_d04_t14	2	대화04	A	14	Sebentar, aku share.	잠깐, 공유.	스븐따르, 아꾸 셰어.	share = 영어 차용	'{messenger,line,korean_friend}'		LINE
l3_d06_t01	3	대화06	B	1	Min-jun, akad nikah jam 9 pagi besok.	민준, 아까드 니까 내일 오전 9시.	민준, 아깟 니까 잠 슴빌란 빠기 베속.	akad nikah = 이슬람 혼인 의식	'{romance,wedding,indonesia}'	결혼식 자카르타	결혼식 전날
l3_d06_t02	3	대화06	A	2	Aku grogi banget.	긴장 많이.	아꾸 그로기 방엣.	grogi = 긴장	'{romance,wedding,indonesia}'		집
l3_d06_t03	3	대화06	B	3	Tenang. Cuma janji depan penghulu.	차분. 사회자 앞 약속.	뜨낭. 쭈마 잔지 드빤 쁭훌루.	penghulu = 이슬람 사회자	'{romance,wedding,indonesia}'		집
l3_d06_t04	3	대화06	A	4	Aku harus bilang apa?	뭐라고 말해야?	아꾸 하루스 빌랑 아빠?		'{romance,wedding,indonesia}'	의례 대사	집
l3_d06_t05	3	대화06	B	5	Saya terima nikahnya, dengan mahar...	받아들입니다, mahar 와...	사야 뜨리마 니까냐, 등안 마하르...	mahar = 신부값/지참금	'{romance,wedding,indonesia}'	의례 정형구	집
l3_d06_t06	3	대화06	A	6	Maharnya berapa?	mahar 얼마?	마하르냐 브라빠?		'{romance,wedding,indonesia}'		집
l3_d06_t07	3	대화06	B	7	Dua puluh lima juta plus emas.	2500만 + 금.	두아 뿔루 리마 주따 플러스 으마스.	emas = 금	'{romance,wedding,indonesia}'	인니 결혼 mahar 관행	집
l3_d06_t08	3	대화06	A	8	Aku sudah siap amplop.	봉투 준비.	아꾸 수다 시압 암플롭.	amplop = 봉투	'{romance,wedding,indonesia}'		집
l3_d06_t09	3	대화06	B	9	Bapak senang banget.	아빠 매우 기뻐.	바빡 스낭 방엣.		'{romance,wedding,indonesia}'	가족 인정	집
l3_d06_t10	3	대화06	A	10	Resepsi sore ya?	피로연 오후?	르세쁘시 소레 야?	resepsi = 피로연	'{romance,wedding,indonesia}'		집
l3_d06_t11	3	대화06	B	11	Iya, di hotel Sahid.	사힛 호텔.	이야, 디 호뗄 사힛.		'{romance,wedding,indonesia}'	d01 첫 만남 호텔과 같은 곳	집
l3_d06_t12	3	대화06	A	12	Tamu berapa?	손님?	따무 브라빠?	tamu = 손님	'{romance,wedding,indonesia}'		집
l3_d06_t13	3	대화06	B	13	300 orang. Adat Jawa.	300명. 자바식.	띠가 라뚜스 오랑. 아닷 자와.	adat = 전통, Jawa = 자바	'{romance,wedding,indonesia}'	인니 결혼 규모	집
l3_d06_t14	3	대화06	A	14	Aku belajar adat semalam.	어제 배움.	아꾸 블라자르 아닷 스말람.	semalam = 어젯밤	'{romance,wedding,indonesia}'	Min-jun 문화 적응 노력	집
l3_d07_t01	3	대화07	B	1	Min-jun, ibumu udah terima aku?	어머니 받아들였어?	민준, 이부무 우다 뜨리마 아꾸?	ibumu = ibu+mu	'{romance,wedding,korea,family}'	한국 결혼식 전	서울 결혼식 전날
l3_d07_t02	3	대화07	A	2	Ibu masih awkward.	어색해하셔.	이부 마시 어쿼드.	awkward = 영어 차용	'{romance,wedding,korea,family}'	한남 가족 적응	집
l3_d07_t03	3	대화07	B	3	Karena saya non-Korea?	한국인 X 라서?	까르나 사야 논 꼬레아?	saya = 정중 1인칭	'{romance,wedding,korea,family}'	시댁 앞 정중 호칭	집
l3_d07_t04	3	대화07	A	4	Bukan, lebih ke agama.	종교 때문.	부깐, 르비 끄 아가마.		'{romance,wedding,korea,family}'	한남 가족 issue	집
l3_d07_t05	3	대화07	B	5	Aku pakai dress aja, nggak hijab.	드레스만, hijab X.	아꾸 빠까이 드레스 아자, 응각 히잡.	dress = 영어 차용	'{romance,wedding,korea,family}'	한국 결혼식 적응 결정	집
l3_d07_t06	3	대화07	A	6	Pinter, biar Ibu nyaman.	좋아, 엄마 편하게.	삔뜨르, 비아르 이부 냐만.	pinter = pintar 구어, nyaman = 편안	'{romance,wedding,korea,family}'		집
l3_d07_t07	3	대화07	B	7	Tapi aku tetap Muslim ya.	그래도 무슬림.	따삐 아꾸 뜨땁 무슬림 야.	tetap = 여전히	'{romance,wedding,korea,family}'	신앙 정체성 유지	집
l3_d07_t08	3	대화07	A	8	Iya, Ibu juga tahu.	응, 엄마도 알아.	이야, 이부 주가 따후.		'{romance,wedding,korea,family}'		집
l3_d07_t09	3	대화07	B	9	Vow di gereja?	서약 교회?	보우 디 그레자?	vow = 영어 차용, gereja = 교회	'{romance,wedding,korea,family}'		집
l3_d07_t10	3	대화07	A	10	Bukan, hotel saja, generic.	호텔, 일반.	부깐, 호뗄 사자, 제네릭.	generic = 영어 차용	'{romance,wedding,korea,family}'	종교 중립 선택	집
l3_d07_t11	3	대화07	B	11	Lega. Aku takut konflik.	안심. 갈등 무서웠어.	르가. 아꾸 따꿋 콘플릭.	lega = 안심, konflik = 갈등	'{romance,wedding,korea,family}'		집
l3_d07_t12	3	대화07	A	12	Sudah aku jelaskan dulu.	이미 설명.	수다 아꾸 즐라스깐 둘루.	jelaskan = 설명하다	'{romance,wedding,korea,family}'	한남 사전 협상	집
l3_d07_t13	3	대화07	B	13	Makasih, oppa.	고마워, 오빠.	마까시, 오빠.	oppa = 오빠 (한국어 차용)	'{romance,wedding,korea,family}'	K-pop 영향 한국어 차용	집
l3_d07_t14	3	대화07	A	14	Hari ini bahagia ya.	오늘 행복하지.	하리 이니 바하기아 야.	bahagia = 행복	'{romance,wedding,korea,family}'		집
l3_d08_t01	3	대화08	B	1	Apartemen kita kecil tapi cozy.	아파트 작지만 cozy.	아빠르뜨먼 끼따 끄찔 따삐 코지.	cozy = 영어 차용	'{romance,settle,korea_life}'	서울 신혼집	한국 정착 첫주
l3_d08_t02	3	대화08	A	2	Hongdae mahal. Tapi dekat metro.	홍대 비싸. 지하철 가까이.	홍대 마할. 따삐 드깟 메트로.		'{romance,settle,korea_life}'		집
l3_d08_t03	3	대화08	B	3	Aku coba beli kopi tadi.	아침 커피 사봤어.	아꾸 쪼바 블리 꼬삐 따디.		'{romance,settle,korea_life}'	Sari 한국어 시도	집
l3_d08_t04	3	대화08	A	4	Gimana?	어땠어?	기마나?		'{romance,settle,korea_life}'		집
l3_d08_t05	3	대화08	B	5	Aku bilang ko-pi ha-na ju-se-yo.	커피 하나 주세요.	아꾸 빌랑 코피 하나 주세요.	한국어 첫 시도 — 음절 분리	'{romance,settle,korea_life}'	학습자 공감 — 한국어 첫 시도	집
l3_d08_t06	3	대화08	A	6	Bener, gitu.	맞아, 그렇게.	브너르, 기뚜.		'{romance,settle,korea_life}'		집
l3_d08_t07	3	대화08	B	7	Tapi kasir nggak ngerti aksen aku.	캐셔 내 발음 못 알아.	따삐 까시르 응각 응으르띠 악센 아꾸.	aksen = 발음	'{romance,settle,korea_life}'	학습자 fail 공감	집
l3_d08_t08	3	대화08	A	8	Coba lagi, jangan malu.	다시, 부끄러워 말고.	쪼바 라기, 장안 말루.	malu = 부끄럽다	'{romance,settle,korea_life}'		집
l3_d08_t09	3	대화08	B	9	Aku tunjuk menu aja.	메뉴 손가락질.	아꾸 뚠죽 메누 아자.	tunjuk = 가리키다	'{romance,settle,korea_life}'	실용 해법	집
l3_d08_t10	3	대화08	A	10	Adaptasi pelan-pelan.	천천히 적응.	아답따시 쁠란 쁠란.	pelan-pelan = reduplication	'{romance,settle,korea_life}'		집
l3_d08_t11	3	대화08	B	11	Ibu tadi WhatsApp, kangen.	엄마 왓츠앱, 그리워.	이부 따디 와츠압, 깡엔.		'{romance,settle,korea_life}'	한국 정착 외로움	집
l3_d08_t12	3	대화08	A	12	Telepon dia hari ini.	오늘 전화.	뗄레폰 디아 하리 이니.		'{romance,settle,korea_life}'		집
l3_d08_t13	3	대화08	B	13	Iya. Aku bersyukur kamu sabar.	응. 인내심 감사.	이야. 아꾸 브르시우꾸르 까무 사바르.	bersyukur = 감사하다 (이슬람 종교 차용)	'{romance,settle,korea_life}'	신뢰	집
l3_d08_t14	3	대화08	A	14	Kita bareng. Itu janji.	함께. 약속.	끼따 바릉. 이뚜 잔지.		'{romance,settle,korea_life}'	부부 약속	집
l3_d09_t01	3	대화09	B	1	Min-jun, hari ini aku interview cafe.	오늘 인터뷰.	민준, 하리 이니 아꾸 인터뷰 까페.	interview = 영어 차용	'{romance,career,korea_life}'	Sari 한국 첫 직장	Cafe Onion 안국 면접
l3_d09_t02	3	대화09	A	2	Cafe mana?	어떤 카페?	까페 마나?		'{romance,career,korea_life}'		집
l3_d09_t03	3	대화09	B	3	Cafe Onion di Anguk.	안국 카페 어니언.	까페 어니언 디 안국.		'{romance,career,korea_life}'	서울 핫플 카페	집
l3_d09_t04	3	대화09	A	4	Wah, bagus banget itu.	좋은 곳.	와, 바구스 방엣 이뚜.		'{romance,career,korea_life}'		집
l3_d09_t05	3	대화09	B	5	Aku grogi soal bahasa.	언어 긴장.	아꾸 그로기 소알 바하사.		'{romance,career,korea_life}'		집
l3_d09_t06	3	대화09	A	6	English mix Korean oke.	영어 한국어 섞어 OK.	잉글리시 믹스 코리안 오께.		'{romance,career,korea_life}'	실용 조언	집
l3_d09_t07	3	대화09	B	7	Posisi barista atau manager.	바리스타 또는 매니저.	뽀시시 바리스따 아따우 마네저르.		'{romance,career,korea_life}'	직급	집
l3_d09_t08	3	대화09	A	8	CV kamu bagus, pengalaman 4 tahun.	CV 좋아, 4년 경력.	시브이 까무 바구스, 쁭알라만 음빳 따훈.	pengalaman = 경험	'{romance,career,korea_life}'		집
l3_d09_t09	3	대화09	B	9	Aku tunjuk Instagram kafe Jakarta.	자카르타 카페 IG.	아꾸 뚠죽 인스타그램 까페 자카르타.		'{romance,career,korea_life}'	포트폴리오 전략	집
l3_d09_t10	3	대화09	A	10	Strategi bagus.	좋은 전략.	스트라떼기 바구스.	strategi = 전략	'{romance,career,korea_life}'		집
l3_d09_t11	3	대화09	B	11	Hasil mungkin minggu depan.	결과 다음 주.	하실 뭉낀 밍구 드빤.	hasil = 결과	'{romance,career,korea_life}'		집
l3_d09_t12	3	대화09	A	12	Apapun hasil, kamu hebat.	결과 무엇이든 대단.	아빠뿐 하실, 까무 헤밧.	apapun = 무엇이든, hebat = 대단	'{romance,career,korea_life}'	응원	집
l3_d09_t13	3	대화09	B	13	Kalau ditolak gimana?	거절되면?	깔라우 디똘락 기마나?	ditolak = 거절받다	'{romance,career,korea_life}'		집
l3_d09_t14	3	대화09	A	14	Coba lain. Jakarta juga ditolak dulu.	다른 곳. 자카르타도 거절 있었어.	쪼바 라인. 자카르타 주가 디똘락 둘루.		'{romance,career,korea_life}'		집
l3_d10_t01	3	대화10	A	1	Sabtu jalan-jalan ke Myeongdong?	토요일 명동 가?	삽뚜 잘란 잘란 끄 묭동?		'{romance,date,korea_life}'	서울 일상 데이트	명동·홍대 데이트
l3_d10_t02	3	대화10	B	2	Boleh. Aku belum pernah ke street food.	가본 적 X.	볼레. 아꾸 블룸 쁘르나 끄 스트릿 푸드.	street food = 영어 차용	'{romance,date,korea_life}'		집
l3_d10_t03	3	대화10	A	3	Tteokbokki harus coba.	떡볶이 시도해야.	떡볶이 하루스 쪼바.		'{romance,date,korea_life}'	한식 추천	집
l3_d10_t04	3	대화10	B	4	Pedas Korea sama Indonesia beda?	한국 매운맛 인도네시아 다름?	쁘다스 꼬레아 사마 인도네시아 베다?		'{romance,date,korea_life}'		집
l3_d10_t05	3	대화10	A	5	Beda. Korea pedas manis.	한국은 맵달콤.	베다. 꼬레아 쁘다스 마니스.		'{romance,date,korea_life}'	한식 특성	집
l3_d10_t06	3	대화10	B	6	Sambal indo masih juara.	인니 삼발 최고.	삼발 인도 마시 주아라.	juara = 챔피언	'{romance,date,korea_life}'	인니 자존심	집
l3_d10_t07	3	대화10	A	7	Hahaha. Setelah Myeongdong ke Hongdae?	명동 후 홍대?	하하하. 스뜰라 묭동 끄 홍대?		'{romance,date,korea_life}'		집
l3_d10_t08	3	대화10	B	8	Iya, aku mau lihat busking.	버스킹 보고 싶어.	이야, 아꾸 마우 리핫 버스킹.	busking = 영어 차용	'{romance,date,korea_life}'	홍대 명물	집
l3_d10_t09	3	대화10	A	9	Hongdae malam rame banget.	홍대 밤 시끌.	홍대 말람 라메 방엣.	rame = ramai 구어, 시끌	'{romance,date,korea_life}'		집
l3_d10_t10	3	대화10	B	10	Vibe seperti SCBD weekend.	SCBD 주말 분위기.	바이브 스쁘르띠 SCBD 위켄드.	vibe = 영어 차용	'{romance,date,korea_life}'	자카르타 vs 서울 비교	집
l3_d10_t11	3	대화10	A	11	Bedanya, di sini banyak couple.	여기 커플 많아.	베다냐, 디 시니 바냑 쪼우플.		'{romance,date,korea_life}'	한국 데이트 문화	집
l3_d10_t12	3	대화10	B	12	Aku mau foto di photobooth.	포토부스 사진.	아꾸 마우 포또 디 포또부스.	photobooth = 영어 차용	'{romance,date,korea_life}'	한국 인생네컷 문화	집
l3_d10_t13	3	대화10	A	13	Pasti, sticker imut.	귀여운 스티커.	빠스띠, 스띠끄르 이뭇.	imut = 귀엽다 (구어)	'{romance,date,korea_life}'		집
l3_d10_t14	3	대화10	B	14	Hari ini aku bahagia, oppa.	오늘 행복, 오빠.	하리 이니 아꾸 바하기아, 오빠.		'{romance,date,korea_life}'	오빠 호칭 정착	집
l3_d11_t01	3	대화11	A	1	Sari, sudah setahun ya kita di Korea.	사리, 한국 1년 지났네.	사리, 수다 스따훈 야 끼따 디 꼬레아.	setahun = se+tahun 1년	'{romance,retrospect,korea_life}'	시간 흐름	한국 정착 1년 후
l3_d11_t02	3	대화11	B	2	Bener-bener cepat.	정말 빠르네.	브너르 브너르 쯔빳.	reduplication 강조	'{romance,retrospect,korea_life}'		집
l3_d11_t03	3	대화11	A	3	Ada yang kamu sesali?	후회되는 거?	아다 양 까무 스살리?	sesali = 후회하다	'{romance,retrospect,korea_life}'	깊은 질문	집
l3_d11_t04	3	대화11	B	4	Kadang, terutama saat sakit.	가끔, 아플 때.	까당, 뜨루따마 사앗 사낏.	kadang = 가끔, sakit = 아프다	'{romance,retrospect,korea_life}'		집
l3_d11_t05	3	대화11	A	5	Kamu sehat sekarang.	지금 건강.	까무 세핫 스까랑.		'{romance,retrospect,korea_life}'		집
l3_d11_t06	3	대화11	B	6	Iya, alhamdulillah.	응, 알함둘릴라.	이야, 알함둘릴라.	alhamdulillah = 신께 감사 (이슬람)	'{romance,retrospect,korea_life}'		집
l3_d11_t07	3	대화11	A	7	Aku juga banyak belajar.	나도 많이 배움.	아꾸 주가 바냑 블라자르.		'{romance,retrospect,korea_life}'	한남 자기 평가	집
l3_d11_t08	3	대화11	B	8	Misal?	예시?	미살?	misal = 예시	'{romance,retrospect,korea_life}'		집
l3_d11_t09	3	대화11	A	9	Aku lebih sabar, lebih ngerti budaya.	더 인내, 문화 이해.	아꾸 르비 사바르, 르비 응으르띠 부다야.	budaya = 문화	'{romance,retrospect,korea_life}'		집
l3_d11_t10	3	대화11	B	10	Karir aku stabil. Cafe manager.	커리어 안정. 카페 매니저.	까리르 아꾸 스따빌. 까페 마네저르.	stabil = 안정	'{romance,retrospect,korea_life}'	Sari 직장 결과	집
l3_d11_t11	3	대화11	A	11	Sari di kantor terkenal banget.	사리 회사 유명.	사리 디 깐또르 뜨르끄날 방엣.	terkenal = 유명	'{romance,retrospect,korea_life}'		집
l3_d11_t12	3	대화11	B	12	Hahaha, karena bahasa unik.	독특한 언어 때문.	하하하, 까르나 바하사 우닉.		'{romance,retrospect,korea_life}'	유머	집
l3_d11_t13	3	대화11	A	13	Tahun depan rencana?	내년 계획?	따훈 드빤 른짜나?		'{romance,retrospect,korea_life}'		집
l3_d11_t14	3	대화11	B	14	Ke Indonesia, lihat keluarga.	인도네시아, 가족 보기.	끄 인도네시아, 리핫 끌루아르가.		'{romance,retrospect,korea_life}'	다음 dial 복선	집
l3_d12_t01	3	대화12	B	1	Kita sampai Soekarno-Hatta.	수카르노 하타 도착.	끼따 삼빠이 수까르노 하따.	Soekarno-Hatta = 자카르타 공항	'{romance,arc_resolution,indonesia}'	arc 결말 — 자카르타 귀향	자카르타 귀향
l3_d12_t02	3	대화12	A	2	Jakarta panas banget.	자카르타 매우 더워.	자카르타 빠나스 방엣.	panas = 덥다	'{romance,arc_resolution,indonesia}'		공항
l3_d12_t03	3	대화12	B	3	Ini kebiasaan kamu lupa.	이 더위 잊었지.	이니 끄비아사안 까무 루빠.	kebiasaan = 습관	'{romance,arc_resolution,indonesia}'		공항
l3_d12_t04	3	대화12	A	4	Aku sudah Korea-Korea sekarang.	나 한국화.	아꾸 수다 꼬레아 꼬레아 스까랑.	reduplication 강조 — 한국화	'{romance,arc_resolution,indonesia}'	Min-jun 자기 변화 인정	공항
l3_d12_t05	3	대화12	B	5	Hahaha, lemah dong.	약해.	하하하, 르마 동.	lemah = 약하다, dong = 어기조사	'{romance,arc_resolution,indonesia}'	농담 — 어기조사 dong	공항
l3_d12_t06	3	대화12	A	6	Bapak Ibu nunggu di mana?	부모님 어디서?	바빡 이부 눙구 디 마나?		'{romance,arc_resolution,indonesia}'		공항
l3_d12_t07	3	대화12	B	7	Di rumah, sudah masak besar.	집, 큰 음식.	디 루마, 수다 마삭 브사르.	masak = 요리, besar = 크게	'{romance,arc_resolution,indonesia}'	환영 잔치	공항
l3_d12_t08	3	대화12	A	8	Aku bawa oleh-oleh banyak.	선물 많이.	아꾸 바와 올레 올레 바냑.	oleh-oleh = reduplication 선물	'{romance,arc_resolution,indonesia}'	한국 선물 한국화 증명	공항
l3_d12_t09	3	대화12	B	9	Mereka pasti senang banget.	매우 기뻐할 것.	므레까 빠스띠 스낭 방엣.		'{romance,arc_resolution,indonesia}'		공항
l3_d12_t10	3	대화12	A	10	Aku juga rindu mereka.	나도 그리워.	아꾸 주가 린두 므레까.	rindu = 그리워하다	'{romance,arc_resolution,indonesia}'	한남 가족 정	공항
l3_d12_t11	3	대화12	B	11	Kamu juga keluarga aku, Min-jun.	너도 우리 가족.	까무 주가 끌루아르가 아꾸, 민준.		'{romance,arc_resolution,indonesia}'	arc 결말 사랑 표현	공항
l3_d12_t12	3	대화12	A	12	Indonesia rumah kedua aku sekarang.	인도네시아 두 번째 집.	인도네시아 루마 끄두아 아꾸 스까랑.	kedua = 두 번째	'{romance,arc_resolution,indonesia}'	arc 통합	공항
l3_d12_t13	3	대화12	B	13	Suami yang sempurna.	완벽한 남편.	수아미 양 슴뿌르나.	sempurna = 완벽한	'{romance,arc_resolution,indonesia}'	arc 결말 — sweet	공항
l3_d12_t14	3	대화12	A	14	Istri lebih sempurna.	아내 더 완벽.	이스뜨리 르비 슴뿌르나.		'{romance,arc_resolution,indonesia}'	arc 결말	공항
l6_d27_t01	6	대화27	A	1	Akhirnya cuma kita berdua.	드디어 우리 둘만.	아키르냐 쭈마 끼따 브르두아.	akhirnya = 드디어	'{intimate,sensual}'	신혼 첫 밤	호텔 첫 밤
l6_d27_t02	6	대화27	B	2	Aku gugup sedikit.	조금 긴장.	아꾸 구굽 스디낏.	gugup = 긴장	'{intimate,sensual}'		호텔 침실
l6_d27_t03	6	대화27	A	3	Jangan terburu-buru.	서두르지 말고.	장안 뜨르부루 부루.	reduplication 강조	'{intimate,sensual}'	consent 부드러운 시작	호텔
l6_d27_t04	6	대화27	B	4	Pelukan dulu.	먼저 안아.	쁠루깐 둘루.	pelukan = 포옹	'{intimate,sensual}'		호텔
l6_d27_t05	6	대화27	A	5	Kamu sangat cantik.	정말 예뻐.	까무 상앗 짠띡.	sangat = 매우	'{intimate,sensual}'	칭찬	호텔
l6_d27_t06	6	대화27	B	6	Kamu juga.	당신도.	까무 주가.		'{intimate,sensual}'		호텔
l6_d27_t07	6	대화27	A	7	Aku matikan lampu?	불 끌까?	아꾸 마띠깐 람뿌?	matikan = 끄다, lampu = 등	'{intimate,sensual}'		호텔
l6_d27_t08	6	대화27	B	8	Iya, sedikit redup.	응, 조금 어둡게.	이야, 스디낏 르둡.	redup = 어둡다	'{intimate,sensual}'		호텔
l6_d27_t09	6	대화27	A	9	Pakai musik soft.	부드러운 음악.	빠까이 무식 소프트.	soft = 영어 차용	'{intimate,sensual}'	분위기	호텔
l6_d27_t10	6	대화27	B	10	Sentuhmu lembut.	네 손길 부드러워.	슨뚜무 름붓.	sentuh = 만지다, lembut = 부드러운	'{intimate,sensual}'	sensual 표현	호텔
l6_d28_t01	6	대화28	A	1	Aku belum pernah cinta seperti ini.	이런 사랑 처음.	아꾸 블룸 쁘르나 친따 스쁘르띠 이니.	cinta = 사랑	'{intimate,sweet_talk,confession}'	깊은 고백	sweet 고백
l6_d28_t02	6	대화28	B	2	Aku juga.	나도.	아꾸 주가.		'{intimate,sweet_talk,confession}'		집
l6_d28_t03	6	대화28	A	3	Setiap hari aku terbangun mikirin kamu.	매일 너 생각하며 일어나.	스띠압 하리 아꾸 뜨르방운 미끼린 까무.	setiap = 매, terbangun = 일어나다	'{intimate,sweet_talk,confession}'	sweet 표현	집
l6_d28_t04	6	대화28	B	4	Romantis banget oppa.	로맨틱 오빠.	로맨띠스 방엣 오빠.	oppa = 오빠 (한국어 차용)	'{intimate,sweet_talk,confession}'	K-pop 영향	집
l6_d28_t05	6	대화28	A	5	Bahkan SMS kamu bikin senyum.	네 문자가 미소.	바깐 SMS 까무 비낀 스늄.	bahkan = 심지어, senyum = 미소	'{intimate,sweet_talk,confession}'		집
l6_d28_t06	6	대화28	B	6	Cerita lucu kamu favorit aku.	네 농담 좋아.	쩨리따 루쭈 까무 파보릿 아꾸.	favorit = 영어 차용	'{intimate,sweet_talk,confession}'		집
l6_d28_t07	6	대화28	A	7	Aku mau tua bareng kamu.	너랑 늙고 싶어.	아꾸 마우 뚜아 바릉 까무.	tua = 늙다, bareng = 함께 (구어)	'{intimate,sweet_talk,confession}'	미래 약속	집
l6_d28_t08	6	대화28	B	8	Aku setuju, sayang.	동의, 자기.	아꾸 스뚜주, 사양.	sayang = 자기 (애칭)	'{intimate,sweet_talk,confession}'	인니 애칭	집
l6_d28_t09	6	대화28	A	9	Janji selalu sayang aku?	언제나 사랑 약속?	잔지 슬랄루 사양 아꾸?		'{intimate,sweet_talk,confession}'		집
l6_d28_t10	6	대화28	B	10	Janji, sampai akhir.	약속, 끝까지.	잔지, 삼빠이 아키르.	akhir = 끝	'{intimate,sweet_talk,confession}'		집
l6_d29_t01	6	대화29	A	1	Hari ini menyenangkan.	오늘 즐거웠어.	하리 이니 므녀낭깐.	menyenangkan = 즐거운	'{intimate,first_kiss,sensual}'	데이트 후	공원 — 첫 키스
l6_d29_t02	6	대화29	B	2	Belum mau pulang.	아직 안 가.	블룸 마우 뿔랑.		'{intimate,first_kiss,sensual}'		카페 앞
l6_d29_t03	6	대화29	A	3	Mampir minum lagi?	한 잔 더?	맘삐르 미눔 라기?	mampir = 들르다	'{intimate,first_kiss,sensual}'		카페 앞
l6_d29_t04	6	대화29	B	4	Atau jalan kaki di taman.	공원 산책.	아따우 잘란 까끼 디 따만.	taman = 공원	'{intimate,first_kiss,sensual}'		공원
l6_d29_t05	6	대화29	A	5	Aku ingin sesuatu.	뭔가 원해.	아꾸 잉인 스수아뚜.	ingin = 원하다, sesuatu = 무엇	'{intimate,first_kiss,sensual}'	tension	공원
l6_d29_t06	6	대화29	B	6	Apa?	뭐?	아빠?		'{intimate,first_kiss,sensual}'		공원
l6_d29_t07	6	대화29	A	7	Bisa aku cium?	키스해도?	비사 아꾸 찌움?	cium = 키스	'{intimate,first_kiss,sensual}'	consent 명시	공원
l6_d29_t08	6	대화29	B	8	Pelan ya...	천천히...	쁠란 야...		'{intimate,first_kiss,sensual}'	consent 부드러운 동의	공원
l6_d29_t09	6	대화29	A	9	Bibirmu manis.	입술 달콤.	비비르무 마니스.	bibir = 입술, manis = 달콤	'{intimate,first_kiss,sensual}'	키스 후 표현	공원
l6_d29_t10	6	대화29	B	10	Sekali lagi.	한 번 더.	스깔리 라기.		'{intimate,first_kiss,sensual}'		공원
l6_d30_t01	6	대화30	A	1	Mau mandi bareng?	같이 샤워?	마우 만디 바릉?	mandi = 샤워, bareng = 함께	'{intimate,shower,suggestive}'	친밀 daily	욕실 함께
l6_d30_t02	6	대화30	B	2	Boleh, hangat sekali.	좋아, 따뜻해.	볼레, 항앗 스깔리.	hangat = 따뜻한	'{intimate,shower,suggestive}'		욕실
l6_d30_t03	6	대화30	A	3	Aku tuangin air dulu.	물 받아.	아꾸 뚜앙인 아이르 둘루.	tuangin = menuangkan 구어, 따르다	'{intimate,shower,suggestive}'		욕실
l6_d30_t04	6	대화30	B	4	Sabunmu wangi.	비누 향기.	사분무 왕이.	sabun = 비누, wangi = 향기	'{intimate,shower,suggestive}'		욕실
l6_d30_t05	6	대화30	A	5	Jangan tertawa, geli.	웃지 마, 간지러워.	장안 뜨르따와, 글리.	tertawa = 웃다, geli = 간지러운	'{intimate,shower,suggestive}'	playful	욕실
l6_d30_t06	6	대화30	B	6	Maaf, tubuh kamu lucu.	귀여워.	마앞, 뚜부 까무 루쭈.	tubuh = 몸	'{intimate,shower,suggestive}'		욕실
l6_d30_t07	6	대화30	A	7	Aku basahin rambut kamu.	머리 적셔.	아꾸 바사힌 람붓 까무.	basahin = membasahi 구어, rambut = 머리	'{intimate,shower,suggestive}'		욕실
l6_d30_t08	6	대화30	B	8	Pelan, jangan ke mata.	눈 안 가게.	쁠란, 장안 끄 마따.	mata = 눈	'{intimate,shower,suggestive}'		욕실
l6_d30_t09	6	대화30	A	9	Aku gosokin punggung.	등 밀어줘.	아꾸 고소낀 뿡궁.	gosokin = menggosok 구어, punggung = 등	'{intimate,shower,suggestive}'	친밀 touch	욕실
l6_d30_t10	6	대화30	B	10	Romantis banget mandi gini.	로맨틱 샤워.	로맨띠스 방엣 만디 기니.	gini = begini 구어	'{intimate,shower,suggestive}'		욕실
l6_d31_t01	6	대화31	A	1	Pilih baju buat aku?	옷 골라줘.	삘리 바주 부앗 아꾸?	pilih = 고르다, baju = 옷	'{intimate,suggestive,playful}'	옷장 함께	옷장 — sensual tension
l6_d31_t02	6	대화31	B	2	Kamu pakai apa hari ini?	오늘 뭐 입어?	까무 빠까이 아빠 하리 이니?		'{intimate,suggestive,playful}'		옷장
l6_d31_t03	6	대화31	A	3	Bingung, ada acara penting.	중요 행사.	빙웅, 아다 아짜라 쁜띵.	penting = 중요	'{intimate,suggestive,playful}'		옷장
l6_d31_t04	6	대화31	B	4	Yang ini cocok.	이거 어울려.	양 이니 쪼쪽.	cocok = 어울리는	'{intimate,suggestive,playful}'		옷장
l6_d31_t05	6	대화31	A	5	Kamu mau lihat aku ganti?	옷 갈아입기 봐?	까무 마우 리핫 아꾸 간띠?	ganti = 갈아입다	'{intimate,suggestive,playful}'	sensual tension	옷장
l6_d31_t06	6	대화31	B	6	Boleh.	응.	볼레.		'{intimate,suggestive,playful}'		옷장
l6_d31_t07	6	대화31	A	7	Aku malu sebenarnya.	사실 부끄러워.	아꾸 말루 스브나르냐.	sebenarnya = 사실	'{intimate,suggestive,playful}'	playful	옷장
l6_d31_t08	6	대화31	B	8	Aku tutup mata.	눈 가릴게.	아꾸 뚜뚭 마따.		'{intimate,suggestive,playful}'	playful	옷장
l6_d31_t09	6	대화31	A	9	Hahaha, pura-pura saja.	척만.	하하하, 뿌라 뿌라 사자.	pura-pura = reduplication 척하다	'{intimate,suggestive,playful}'		옷장
l6_d31_t10	6	대화31	B	10	Kamu cantik tanpa baju mahal.	비싼 옷 없어도 예뻐.	까무 짠띡 딴빠 바주 마할.	tanpa = 없이	'{intimate,suggestive,playful}'	sweet	옷장
l6_d32_t01	6	대화32	A	1	Aku rindu kamu sekarang.	지금 그리워.	아꾸 린두 까무 스까랑.	rindu = 그리워하다	'{intimate,sext,messenger,suggestive}'	WhatsApp 메신저	WhatsApp — sext text
l6_d32_t02	6	대화32	B	2	Aku juga, basah hujan jalan pulang.	나도, 비 맞으며 귀가.	아꾸 주가, 바사 후잔 잘란 뿔랑.	basah = 젖은, hujan = 비	'{intimate,sext,messenger,suggestive}'	sensory 표현	WhatsApp
l6_d32_t03	6	대화32	A	3	Kamu butuh peluk?	안아줘?	까무 부뚜 쁠룩?	butuh = 필요하다	'{intimate,sext,messenger,suggestive}'		WhatsApp
l6_d32_t04	6	대화32	B	4	Iya, peluk hangat.	응, 따뜻하게.	이야, 쁠룩 항앗.		'{intimate,sext,messenger,suggestive}'		WhatsApp
l6_d32_t05	6	대화32	A	5	Kapan kamu sampai?	언제 도착?	까빤 까무 삼빠이?		'{intimate,sext,messenger,suggestive}'		WhatsApp
l6_d32_t06	6	대화32	B	6	30 menit.	30분.	띠가 뿔루 므닛.		'{intimate,sext,messenger,suggestive}'		WhatsApp
l6_d32_t07	6	대화32	A	7	Aku siapin teh hangat.	따뜻한 차.	아꾸 시아삔 떼 항앗.	siapin = menyiapkan 구어	'{intimate,sext,messenger,suggestive}'		WhatsApp
l6_d32_t08	6	대화32	B	8	Dan sentuhanmu di rambut.	네 손길 머리에.	단 슨뚜한무 디 람붓.	sentuhan = 손길	'{intimate,sext,messenger,suggestive}'	suggestive	WhatsApp
l6_d32_t09	6	대화32	A	9	Pasti, sambil cerita seharian.	하루 얘기하며.	빠스띠, 삼빌 쩨리따 스하리안.	sambil = ~하면서	'{intimate,sext,messenger,suggestive}'		WhatsApp
l6_d32_t10	6	대화32	B	10	Aku cinta kamu, hati-hati di jalan.	사랑해, 조심.	아꾸 친따 까무, 하띠 하띠 디 잘란.		'{intimate,sext,messenger,suggestive}'	sweet 마무리	WhatsApp
l6_d33_t01	6	대화33	A	1	Punggung aku sakit.	등 아파.	뿡궁 아꾸 사낏.	sakit = 아프다	'{intimate,massage,touch}'	친밀 daily	집 — 마사지
l6_d33_t02	6	대화33	B	2	Aku pijat ya.	마사지.	아꾸 삐잣 야.	pijat = 마사지	'{intimate,massage,touch}'		집
l6_d33_t03	6	대화33	A	3	Tekan lebih kuat.	더 세게.	뜨깐 르비 꾸앗.	tekan = 누르다, kuat = 세게	'{intimate,massage,touch}'		집
l6_d33_t04	6	대화33	B	4	Otot kamu kencang banget.	근육 빡셈.	오똣 까무 끈짱 방엣.	otot = 근육, kencang = 빡빡한	'{intimate,massage,touch}'		집
l6_d33_t05	6	대화33	A	5	Karena stres kerja.	일 스트레스.	까르나 스트레스 끄르자.		'{intimate,massage,touch}'		집
l6_d33_t06	6	대화33	B	6	Pakai lotion?	로션?	빠까이 로숀?	lotion = 영어 차용	'{intimate,massage,touch}'		집
l6_d33_t07	6	대화33	A	7	Iya, yang lavender.	라벤더.	이야, 양 라벤더.		'{intimate,massage,touch}'		집
l6_d33_t08	6	대화33	B	8	Sambil dengar musik tenang.	차분 음악.	삼빌 등아르 무식 뜨낭.		'{intimate,massage,touch}'		집
l6_d33_t09	6	대화33	A	9	Aku tertidur kalau gini.	이러면 잠들어.	아꾸 뜨르띠두르 깔라우 기니.	tertidur = 잠들다	'{intimate,massage,touch}'		집
l6_d33_t10	6	대화33	B	10	Tidur saja, aku lanjut.	자, 나 계속.	띠두르 사자, 아꾸 란줏.	lanjut = 계속	'{intimate,massage,touch}'	sweet care	집
l6_d34_t01	6	대화34	A	1	Bintangnya banyak malam ini.	별 많아.	빈땅냐 바냑 말람 이니.	bintang = 별	'{intimate,romantic,sensual}'	옥상·해변	별 보기
l6_d34_t02	6	대화34	B	2	Cantik banget.	예쁘다.	짠띡 방엣.		'{intimate,romantic,sensual}'		옥상
l6_d34_t03	6	대화34	A	3	Aku duduk lebih dekat.	가까이 앉아.	아꾸 두둑 르비 드깟.	duduk = 앉다	'{intimate,romantic,sensual}'	physical 거리 ↓	옥상
l6_d34_t04	6	대화34	B	4	Hangat seperti ini.	이렇게 따뜻.	항앗 스쁘르띠 이니.	seperti = ~처럼	'{intimate,romantic,sensual}'		옥상
l6_d34_t05	6	대화34	A	5	Apa yang kamu pikirin?	뭐 생각?	아빠 양 까무 삐끼린?	pikirin = 생각하다	'{intimate,romantic,sensual}'		옥상
l6_d34_t06	6	대화34	B	6	Masa depan kita.	우리 미래.	마사 드빤 끼따.	masa depan = 미래	'{intimate,romantic,sensual}'		옥상
l6_d34_t07	6	대화34	A	7	Apa yang mau kamu?	원하는 건?	아빠 양 마우 까무?		'{intimate,romantic,sensual}'	tension	옥상
l6_d34_t08	6	대화34	B	8	Hanya kamu.	너만.	하냐 까무.	hanya = 만	'{intimate,romantic,sensual}'	sweet 핵심	옥상
l6_d34_t09	6	대화34	A	9	Aku sudah jadi punya kamu.	이미 네 것.	아꾸 수다 자디 뿐야 까무.	punya = 가지다	'{intimate,romantic,sensual}'		옥상
l6_d34_t10	6	대화34	B	10	Selalu, sayang.	언제나, 자기.	슬랄루, 사양.	selalu = 언제나, sayang = 애칭	'{intimate,romantic,sensual}'		옥상
l6_d35_t01	6	대화35	A	1	Hujan deras banget.	비 매우.	후잔 드라스 방엣.	deras = 거센 (비)	'{intimate,lazy,sensual}'	비 오는 날	비 오는 날 침대
l6_d35_t02	6	대화35	B	2	Nggak usah keluar.	안 나가도.	응각 우사 끌루아르.		'{intimate,lazy,sensual}'		집
l6_d35_t03	6	대화35	A	3	Kita di kasur seharian.	침대 하루.	끼따 디 까수르 스하리안.	kasur = 침대 매트, seharian = 하루 종일	'{intimate,lazy,sensual}'	lazy intimate	집
l6_d35_t04	6	대화35	B	4	Mau order makanan?	음식 주문?	마우 오르더 마까난?	order = 영어 차용	'{intimate,lazy,sensual}'	GoFood/GrabFood	집
l6_d35_t05	6	대화35	A	5	Iya, sambil nonton drama Korea.	드라마 보면서.	이야, 삼빌 논똔 드라마 꼬레아.	nonton = menonton 구어	'{intimate,lazy,sensual}'	K-drama 일상	집
l6_d35_t06	6	대화35	B	6	Pakai selimut sama-sama.	이불 같이.	빠까이 슬리뭇 사마 사마.	selimut = 이불, sama-sama = reduplication 같이	'{intimate,lazy,sensual}'		집
l6_d35_t07	6	대화35	A	7	Pelukmu hangat banget.	안기 따뜻.	쁠룩무 항앗 방엣.		'{intimate,lazy,sensual}'		집
l6_d35_t08	6	대화35	B	8	Aku cinta hari seperti ini.	이런 날 사랑.	아꾸 친따 하리 스쁘르띠 이니.		'{intimate,lazy,sensual}'		집
l6_d35_t09	6	대화35	A	9	Tanpa rencana, hanya kita.	계획 없이, 우리만.	딴빠 른짜나, 하냐 끼따.		'{intimate,lazy,sensual}'		집
l6_d35_t10	6	대화35	B	10	Surga.	천국.	수르가.	surga = 천국	'{intimate,lazy,sensual}'	sweet 한 마디	집
l6_d36_t01	6	대화36	B	1	Hari ini setahun, oppa.	오빠, 오늘 1년.	하리 이니 스따훈, 오빠.	oppa = 오빠 (한국어 차용)	'{intimate,anniversary,sweet_talk}'	Sari × Min-jun arc 후속	결혼 1주년
l6_d36_t02	6	대화36	A	2	Cepat banget.	빠르네.	쯔빳 방엣.		'{intimate,anniversary,sweet_talk}'		집
l6_d36_t03	6	대화36	B	3	Aku punya hadiah.	선물.	아꾸 뿐야 하디아.	hadiah = 선물	'{intimate,anniversary,sweet_talk}'		집
l6_d36_t04	6	대화36	A	4	Apa?	뭐?	아빠?		'{intimate,anniversary,sweet_talk}'		집
l6_d36_t05	6	대화36	B	5	Album foto kita setahun ini.	1년 사진 앨범.	알붐 포또 끼따 스따훈 이니.		'{intimate,anniversary,sweet_talk}'	sentimental 선물	집
l6_d36_t06	6	대화36	A	6	Wah, romantis banget.	로맨틱.	와, 로맨띠스 방엣.		'{intimate,anniversary,sweet_talk}'		집
l6_d36_t07	6	대화36	B	7	Setiap halaman cerita.	각 페이지 이야기.	스띠압 할라만 쩨리따.	halaman = 페이지	'{intimate,anniversary,sweet_talk}'		집
l6_d36_t08	6	대화36	A	8	Aku juga punya untuk kamu.	나도 있어.	아꾸 주가 뿐야 운뚝 까무.		'{intimate,anniversary,sweet_talk}'		집
l6_d36_t09	6	대화36	B	9	Apa?	뭐?	아빠?		'{intimate,anniversary,sweet_talk}'		집
l6_d36_t10	6	대화36	A	10	Cincin kedua, simbol selamanya.	두 번째 반지, 영원.	찐찐 끄두아, 심볼 슬라마냐.	cincin = 반지, selamanya = 영원히	'{intimate,anniversary,sweet_talk}'	arc 심화	집
l6_d36_t11	6	대화36	B	11	Aku menangis.	울어.	아꾸 므낭이스.	menangis = 울다	'{intimate,anniversary,sweet_talk}'		집
l6_d36_t12	6	대화36	A	12	Air mata bahagia.	행복 눈물.	아이르 마따 바하기아.	air mata = 눈물	'{intimate,anniversary,sweet_talk}'		집
l6_d36_t13	6	대화36	B	13	Kita selalu seperti ini ya.	이렇게 늘.	끼따 슬랄루 스쁘르띠 이니 야.		'{intimate,anniversary,sweet_talk}'		집
l6_d36_t14	6	대화36	A	14	Aku janji.	약속.	아꾸 잔지.		'{intimate,anniversary,sweet_talk}'	sweet 마무리	집
l5_d05_t01	5	대화05	B	1	BTS album baru Layover udah dengar?	BTS 새 앨범 Layover 들었어?	베떼에스 알붐 바루 레이오버 우다 등아르?	album = 영어 차용	'{kpop,cross_purpose}'	B 가 K-pop 깊이 질문	카페 — cross 어긋남
l5_d05_t02	5	대화05	A	2	Layover? Belum dengar. Sama kamu senang ya.	Layover? 못 들었어. 너랑 있으니 좋네.	레이오버? 블룸 등아르. 사마 까무 스낭 야.		'{kpop,cross_purpose}'	A 가 K-pop 회피 + 연애 의도	카페
l5_d05_t03	5	대화05	B	3	Lirik Stand by Me artinya apa?	Stand by Me 가사 의미?	리릭 스탠 바이 미 아르띠냐 아빠?	lirik = 가사	'{kpop,cross_purpose}'	깊이 질문	카페
l5_d05_t04	5	대화05	A	4	Lirik? Hmm, dengar langsung lebih jelas.	가사? 음, 직접 들으면 더 명확.	리릭? 흠, 등아르 랑숭 르비 즐라스.	langsung = 직접	'{kpop,cross_purpose}'	A 회피	카페
l5_d05_t05	5	대화05	B	5	Warna suara Jin lembut banget.	Jin 음색 진짜 부드러워.	와르나 수아라 진 름붓 방엣.	warna suara = 음색	'{kpop,cross_purpose}'		카페
l5_d05_t06	5	대화05	A	6	Iya... suara kamu juga lembut.	응... 너 목소리도 부드러워.	이야... 수아라 까무 주가 름붓.		'{kpop,cross_purpose}'	A 가 B 칭찬으로 전환	카페
l5_d05_t07	5	대화05	B	7	BTS 7 member, paling kamu suka siapa?	BTS 7명 중 제일 좋아하는 사람?	베떼에스 음빳 멤버, 빨링 까무 수까 시아빠?	paling = 가장	'{kpop,cross_purpose}'	깊이 질문	카페
l5_d05_t08	5	대화05	A	8	Member? Aku lebih suka... kamu.	멤버? 나는 너가 더 좋아.	멤버? 아꾸 르비 수까... 까무.		'{kpop,cross_purpose}'	A 직설 — cross 정점	카페
l5_d05_t09	5	대화05	B	9	Eh? Apa?	어? 뭐?	에? 아빠?		'{kpop,cross_purpose}'	B 못 들음	카페
l5_d05_t10	5	대화05	A	10	Nggak apa. BTS bagus.	아무것도. BTS 좋아.	응각 아빠. 베떼에스 바구스.		'{kpop,cross_purpose}'	A 후퇴	카페
l5_d05_t11	5	대화05	B	11	Minggu depan comeback live, nonton bareng?	다음 주 컴백 무대 같이 봐?	밍구 드빤 컴백 라이브, 논똔 바릉?		'{kpop,cross_purpose}'	B 자연 제안	카페
l5_d05_t12	5	대화05	A	12	Boleh! Di rumah aku.	좋지! 우리 집에서.	볼레! 디 루마 아꾸.		'{kpop,cross_purpose}'	A 의도 재시도	카페
l5_d06_t01	5	대화06	B	1	Tiket NewJeans concert Jakarta open kemarin!	NewJeans 콘서트 자카르타 티켓 열렸어!	띠껫 뉴진스 콘세르 자카르타 오픈 끄마린!		'{kpop,cross_purpose}'	B 흥분	WhatsApp — 콘서트 표
l5_d06_t02	5	대화06	A	2	Mau pergi sama aku?	나랑 같이 갈래?	마우 쁘르기 사마 아꾸?		'{kpop,cross_purpose}'	A 둘이 의도	WhatsApp
l5_d06_t03	5	대화06	B	3	Boleh! Berarti 2 tiket ya.	좋지! 2장이네.	볼레! 브라르띠 두아 띠껫 야.		'{kpop,cross_purpose}'	B 단순 받아들임	WhatsApp
l5_d06_t04	5	대화06	A	4	Iya, kita berdua aja.	응, 우리 둘만.	이야, 끼따 브르두아 아자.		'{kpop,cross_purpose}'	A 의도 강조	WhatsApp
l5_d06_t05	5	대화06	B	5	Ajak Lala juga? Dia carat.	랄라도 같이? 캐럿이야.	아작 랄라 주가? 디아 캐럿.	carat = SEVENTEEN 팬덤	'{kpop,cross_purpose}'	B 친구 끼움 — A 의도 무산	WhatsApp
l5_d06_t06	5	대화06	A	6	Lala? Mungkin lain kali aja.	랄라? 다음에.	랄라? 뭉낀 라인 깔리 아자.		'{kpop,cross_purpose}'	A 거부 시도	WhatsApp
l5_d06_t07	5	대화06	B	7	Kenapa? Lebih rame bertiga.	왜? 셋이 더 재밌어.	끄나빠? 르비 라메 브르띠가.	bertiga = 셋이	'{kpop,cross_purpose}'	B 의도 못 알아챔	WhatsApp
l5_d06_t08	5	대화06	A	8	Iya... ya, bertiga juga oke.	응... 그래, 셋이 OK.	이야... 야, 브르띠가 주가 오께.		'{kpop,cross_purpose}'	A 마지못해 동의	WhatsApp
l5_d06_t09	5	대화06	B	9	Section apa target?	어느 섹션 목표?	섹션 아빠 따르겟?		'{kpop,cross_purpose}'		WhatsApp
l5_d06_t10	5	대화06	A	10	VIP. Aku bayar buat kamu.	VIP. 내가 너 표 사줄게.	비아이피. 아꾸 바야르 부앗 까무.	bayar = 지불	'{kpop,cross_purpose}'	A 호감 표현	WhatsApp
l5_d06_t11	5	대화06	B	11	Wah, kamu baik banget!	와, 진짜 착하다!	와, 까무 바익 방엣!		'{kpop,cross_purpose}'	B 단순 감사	WhatsApp
l5_d06_t12	5	대화06	A	12	Hahaha, kalau kamu senang.	하하, 너 기쁘면 됐어.	하하하, 깔라우 까무 스낭.		'{kpop,cross_purpose}'	A 자기만족	WhatsApp
l5_d07_t01	5	대화07	B	1	Lihat foto Jungkook ini! Ganteng banget.	정국 사진 봐! 잘생겼어.	리핫 포또 정국 이니! 간뜽 방엣.	ganteng = 잘생긴	'{kpop,cross_purpose,looks}'	B 멤버 외모	IG — 외모 비교
l5_d07_t02	5	대화07	A	2	Hmm... aku gimana?	음... 나는?	흠... 아꾸 기마나?		'{kpop,cross_purpose,looks}'	A 비교 유도	카페
l5_d07_t03	5	대화07	B	3	Kamu apa? Lihat dulu deh!	너 뭐? 일단 봐!	까무 아빠? 리핫 둘루 데!	deh = 어기조사	'{kpop,cross_purpose,looks}'	B 무시	카페
l5_d07_t04	5	대화07	A	4	Aku juga laki Korea loh.	나도 한국 남자야.	아꾸 주가 라끼 꼬레아 로.	laki = 남자, loh = 어기조사	'{kpop,cross_purpose,looks}'	A 자기 어필	카페
l5_d07_t05	5	대화07	B	5	Iya tapi nggak setinggi V atau Jin.	응 근데 V나 Jin 만큼 안 커.	이야 따삐 응각 스띵기 V 아따우 진.	tinggi = 키 큰	'{kpop,cross_purpose,looks}'	B 비교 직격	카페
l5_d07_t06	5	대화07	A	6	Tinggi 178 cm, cukup kan?	178cm, 충분하지?	띵기 스라뚜스 뚜주 뿔루 들라빤 센, 쭈꿉 깐?	kan = 어기조사 (확인)	'{kpop,cross_purpose,looks}'	A 자랑	카페
l5_d07_t07	5	대화07	B	7	Lumayan. Tapi kulit Jungkook glowing!	그럭저럭. 근데 정국 피부 빛나!	루마얀. 따삐 꿀릿 정국 글로윙!	kulit = 피부, glowing = 영어	'{kpop,cross_purpose,looks}'	B 또 멤버 칭찬	카페
l5_d07_t08	5	대화07	A	8	Itu makeup. Aku natural.	메이크업이야. 난 자연.	이뚜 메이크업. 아꾸 내추럴.	natural = 영어	'{kpop,cross_purpose,looks}'	A 디스	카페
l5_d07_t09	5	대화07	B	9	Hahaha cemburu ya?	하하 질투해?	하하하 쯤부루 야?	cemburu = 질투	'{kpop,cross_purpose,looks}'	B 알아챔 — playful	카페
l5_d07_t10	5	대화07	A	10	Cemburu? Aku? Nggak lah.	질투? 내가? 절대.	쯤부루? 아꾸? 응각 라.	lah = 어기조사	'{kpop,cross_purpose,looks}'	A 부인 — but obvious	카페
l5_d07_t11	5	대화07	B	11	Tenang, kamu juga lucu kok.	걱정 마, 너도 귀여워.	뜨낭, 까무 주가 루쭈 꼭.	kok = 어기조사	'{kpop,cross_purpose,looks}'	B 위로 — sweet	카페
l5_d07_t12	5	대화07	A	12	Cuma lucu? Bukan ganteng?	귀엽기만? 잘생기지 않고?	쭈마 루쭈? 부깐 간뜽?		'{kpop,cross_purpose,looks}'	A 더 push	카페
l5_d08_t01	5	대화08	B	1	TikTok dance challenge ITZY baru viral!	ITZY TikTok 댄스 챌린지 viral!	틱톡 댄스 챌린지 잇지 바루 바이럴!	viral = 영어 차용	'{kpop,cross_purpose,dance}'	B 새 댄스	집 — 댄스 챌린지
l5_d08_t02	5	대화08	A	2	Ajarin aku, pelan-pelan ya.	천천히 가르쳐줘.	아자린 아꾸, 쁠란 쁠란 야.		'{kpop,cross_purpose,dance}'	A 같이 추자 의도	집
l5_d08_t03	5	대화08	B	3	Step pertama, kaki kanan ke depan.	첫 스텝, 오른발 앞으로.	스뗍 쁘르따마, 까끼 까난 끄 드빤.	step = 영어, kaki = 발	'{kpop,cross_purpose,dance}'		집
l5_d08_t04	5	대화08	A	4	Pegang tangan aku, biar bareng.	손 잡아줘, 같이 하게.	쁘강 땅안 아꾸, 비아르 바릉.	pegang = 잡다	'{kpop,cross_purpose,dance}'	A 스킨십 시도	집
l5_d08_t05	5	대화08	B	5	Hahaha, kamu noob banget!	하하, 완전 초보!	하하하, 까무 누브 방엣!	noob = 영어 (초보)	'{kpop,cross_purpose,dance}'	B 놀림	집
l5_d08_t06	5	대화08	A	6	Ajarin lebih dekat dong.	더 가까이 가르쳐.	아자린 르비 드깟 동.	dong = 어기조사	'{kpop,cross_purpose,dance}'	A 또 시도	집
l5_d08_t07	5	대화08	B	7	Kamu fokus dulu! Hitung 5,6,7,8.	집중! 5,6,7,8 카운트.	까무 포꾸스 둘루! 히뚱 리마 으남 뚜주 들라빤.	fokus = 영어, hitung = 카운트	'{kpop,cross_purpose,dance}'	B 진지	집
l5_d08_t08	5	대화08	A	8	Susah konsentrasi kalau kamu dekat.	너 가까이면 집중 어려워.	수사 콘센트라시 깔라우 까무 드깟.	konsentrasi = 집중	'{kpop,cross_purpose,dance}'	A 솔직 — 거의 고백	집
l5_d08_t09	5	대화08	B	9	Hush. Tarian dulu, ngegombal kemudian.	쉿. 댄스 먼저, 작업 나중에.	허시. 따리안 둘루, 응으곰발 끄무디안.	ngegombal = 작업 걸다 (구어), kemudian = 나중에	'{kpop,cross_purpose,dance}'	B 알아챔 + playful	집
l5_d08_t10	5	대화08	A	10	Ngegombal? Aku jujur kok.	작업? 솔직한 거야.	응으곰발? 아꾸 주주르 꼭.	jujur = 솔직한	'{kpop,cross_purpose,dance}'	A 부인	집
l5_d08_t11	5	대화08	B	11	Iya iya, kita coba lagi step 3.	응 응, 스텝 3 다시.	이야 이야, 끼따 쪼바 라기 스뗍 띠가.		'{kpop,cross_purpose,dance}'	B 무시 + 진행	집
l5_d08_t12	5	대화08	A	12	Kalau berhasil, hadiah ya?	성공하면 보상?	깔라우 브르하실, 하디아 야?	berhasil = 성공, hadiah = 보상	'{kpop,cross_purpose,dance}'	A 보상 의도	집
l5_d09_t01	5	대화09	B	1	Aku gagal pahami lirik LE SSERAFIM.	LE SSERAFIM 가사 못 알아.	아꾸 가갈 빠하미 리릭 르 세라핌.	gagal = 실패	'{kpop,cross_purpose,help}'	B 도움 요청	카페 — 가사 번역
l5_d09_t02	5	대화09	A	2	Aku bisa bantu. Datang ke rumah aku?	내가 도와줄 수. 우리 집에 와?	아꾸 비사 반뚜. 다땅 끄 루마 아꾸?		'{kpop,cross_purpose,help}'	A 만남 핑계	카페
l5_d09_t03	5	대화09	B	3	Ke rumah? Cafe juga bisa kan?	집? 카페도 되지?	끄 루마? 까페 주가 비사 깐?		'{kpop,cross_purpose,help}'	B 의도 모름	카페
l5_d09_t04	5	대화09	A	4	Cafe ribut. Rumah lebih tenang.	카페 시끄러. 집이 차분.	까페 리붓. 루마 르비 뜨낭.	ribut = 시끄러운	'{kpop,cross_purpose,help}'	A 핑계 발전	카페
l5_d09_t05	5	대화09	B	5	Hmm... oke. Tapi pulang jam 8.	음... OK. 8시 귀가.	흠... 오께. 따삐 뿔랑 잠 들라빤.		'{kpop,cross_purpose,help}'	B 시간 제한	카페
l5_d09_t06	5	대화09	A	6	Atau makan malam dulu?	저녁 먼저?	아따우 마깐 말람 둘루?	makan malam = 저녁	'{kpop,cross_purpose,help}'	A 시간 늘림 의도	카페
l5_d09_t07	5	대화09	B	7	Kita kerja dulu, makan kemudian.	먼저 일, 그 다음 식사.	끼따 끄르자 둘루, 마깐 끄무디안.	kerja = 일	'{kpop,cross_purpose,help}'	B 진지	카페
l5_d09_t08	5	대화09	A	8	Aku masakin Korean bbq.	한국 BBQ 해줄게.	아꾸 마사낀 코리안 바비큐.	masakin = memasakkan 구어	'{kpop,cross_purpose,help}'	A 한식 미끼	카페
l5_d09_t09	5	대화09	B	9	Wah Korean bbq! Aku belum pernah.	와! 못 먹어봤어.	와 코리안 바비큐! 아꾸 블룸 쁘르나.		'{kpop,cross_purpose,help}'	B 흥미 ↑	카페
l5_d09_t10	5	대화09	A	10	Datang jam 6, makan + lirik.	6시 와, 식사 + 가사.	다땅 잠 으남, 마깐 + 리릭.		'{kpop,cross_purpose,help}'	A 일석이조	카페
l5_d09_t11	5	대화09	B	11	Deal! Bawa lyrics LE SSERAFIM.	OK! LE SSERAFIM 가사 가져갈게.	딜! 바와 리릭스 르 세라핌.		'{kpop,cross_purpose,help}'	B 단순 OK	카페
l5_d09_t12	5	대화09	A	12	Pakai dress yang cantik ya.	예쁜 드레스 입어.	빠까이 드레스 양 짠띡 야.		'{kpop,cross_purpose,help}'	A 데이트 모드	카페
l5_d10_t01	5	대화10	B	1	Drama Korea baru Lovely Runner bagus banget!	새 K-drama Lovely Runner 좋아!	드라마 꼬레아 바루 러블리 러너 바구스 방엣!		'{kpop,cross_purpose,drama}'	B drama 추천	집 — K-drama
l5_d10_t02	5	대화10	A	2	Karakter cowonya gimana?	남주는?	까락떼르 쪼오냐 기마나?	karakter = 영어, cowo = 남자 (구어)	'{kpop,cross_purpose,drama}'	A 비교 유도	집
l5_d10_t03	5	대화10	B	3	Byeon Wooseok! Tinggi, ganteng, romantis.	변우석! 키크고 잘생겼고 로맨틱.	변우석! 띵기, 간뜽, 로맨띠스.		'{kpop,cross_purpose,drama}'	B 칭찬 폭주	집
l5_d10_t04	5	대화10	A	4	Aku juga bisa romantis loh.	나도 로맨틱할 수 있어.	아꾸 주가 비사 로맨띠스 로.		'{kpop,cross_purpose,drama}'	A 어필	집
l5_d10_t05	5	대화10	B	5	Buktikan dong! Kasih bunga?	증명해! 꽃?	부띠깐 동! 까시 붕아?	buktikan = 증명, bunga = 꽃	'{kpop,cross_purpose,drama}'	B 도전	집
l5_d10_t06	5	대화10	A	6	Besok aku bawa.	내일 가져올게.	베속 아꾸 바와.		'{kpop,cross_purpose,drama}'	A 진심	집
l5_d10_t07	5	대화10	B	7	Tapi Byeon Wooseok juga nangis di scene 3.	근데 변우석 신3에서 울어.	따삐 변우석 주가 낭이스 디 신 띠가.		'{kpop,cross_purpose,drama}'	B 또 칭찬	집
l5_d10_t08	5	대화10	A	8	Aku juga bisa nangis kalau perlu.	필요하면 나도 울어.	아꾸 주가 비사 낭이스 깔라우 쁘를루.	perlu = 필요	'{kpop,cross_purpose,drama}'	A 농담	집
l5_d10_t09	5	대화10	B	9	Hahaha lebay banget kamu!	하하 너 너무 오바!	하하하 르베이 방엣 까무!	lebay = 오버 (구어, lebih)	'{kpop,cross_purpose,drama}'	B 놀림	집
l5_d10_t10	5	대화10	A	10	Jadi, mau ke aku jadi cowo kamu?	그래서, 나 너 남친 될까?	자디, 마우 아꾸 자디 쪼오 까무?		'{kpop,cross_purpose,drama}'	A 직접 질문 — cross 정점	집
l5_d10_t11	5	대화10	B	11	Eh? Tunggu, kita lanjut nonton dulu.	어? 잠깐, 시청 먼저.	에? 뚱구, 끼따 란줏 논똔 둘루.		'{kpop,cross_purpose,drama}'	B 회피	집
l5_d10_t12	5	대화10	A	12	Oke, tapi pikirin jawaban ya.	OK, 답 생각해놔.	오께, 따삐 삐끼린 자와반 야.	jawaban = 답	'{kpop,cross_purpose,drama}'	A 압박	집
l4_d04_t01	4	대화04	A	1	Permisi, ini meja kosong?	저기, 빈 자리?	쁘르미시, 이니 메자 꼬송?	meja = 테이블, kosong = 빈	'{travel,meet,jakarta}'	Jiyoung 자카르타 카페	자카르타 카페 우연 만남
l4_d04_t02	4	대화04	B	2	Kosong. Silakan duduk.	비었어. 앉으세요.	꼬송. 실라깐 두둑.	silakan = ~하세요	'{travel,meet,jakarta}'		카페
l4_d04_t03	4	대화04	B	3	Annyeong haseyo? Hangugin?	안녕하세요? 한국인?	안녕하세요? 항우긴?	Annyeong haseyo = 한국어 차용	'{travel,meet,jakarta}'	Andi 한국어 시도	카페
l4_d04_t04	4	대화04	A	4	Wah, kamu bisa Korea?	와, 한국어 가능?	와, 까무 비사 꼬레아?		'{travel,meet,jakarta}'	Jiyoung 놀람	카페
l4_d04_t05	4	대화04	B	5	Sedikit. Belajar 2 tahun.	조금. 2년 공부.	스디낏. 블라자르 두아 따훈.		'{travel,meet,jakarta}'	Andi 자기 소개	카페
l4_d04_t06	4	대화04	A	6	Aku Jiyoung, liburan dari Seoul.	지영, 서울에서 휴가.	아꾸 지영, 리부란 다리 세울.	liburan = 휴가	'{travel,meet,jakarta}'		카페
l4_d04_t07	4	대화04	B	7	Aku Andi. Kerja di hotel Bali.	안디. 발리 호텔 근무.	아꾸 안디. 끄르자 디 호뗄 발리.		'{travel,meet,jakarta}'	캐릭터 소개	카페
l4_d04_t08	4	대화04	A	8	Kebetulan banget! Aku ke Bali besok.	우연이네! 내일 발리 가.	끄브뚤란 방엣! 아꾸 끄 발리 베속.	kebetulan = 우연	'{travel,meet,jakarta}'	arc 시작 — 발리 동행 단서	카페
l4_d05_t01	4	대화05	B	1	Hari ini di Jakarta apa rencana?	오늘 자카르타 계획?	하리 이니 디 자카르타 아빠 른짜나?		'{travel,jakarta,recommend}'	Andi 가이드 모드	자카르타
l4_d05_t02	4	대화05	A	2	Belum ada. Rekomendasi?	아직. 추천?	블룸 아다. 레꼬멘다시?	rekomendasi = 추천	'{travel,jakarta,recommend}'		카페
l4_d05_t03	4	대화05	B	3	Kota Tua. Sejarah Jakarta.	꼬따 뚜아. 자카르타 역사.	꼬따 뚜아. 스자라 자카르타.	Kota Tua = 옛 시가지, sejarah = 역사	'{travel,jakarta,recommend}'	관광 명소	카페
l4_d05_t04	4	대화05	A	4	Bisa antar?	안내해줄래?	비사 안따르?	antar = 안내하다	'{travel,jakarta,recommend}'	Jiyoung 동행 요청	카페
l4_d05_t05	4	대화05	B	5	Boleh. Aku libur hari ini.	좋아. 오늘 쉬는 날.	볼레. 아꾸 리부르 하리 이니.	libur = 쉬다	'{travel,jakarta,recommend}'	Andi 동행 OK	카페
l4_d05_t06	4	대화05	A	6	Pakai Grab atau MRT?	Grab 아님 MRT?	빠까이 그랍 아따우 엠알띠?	Grab = 인니 라이드앱, MRT = 자카르타 지하철	'{travel,jakarta,recommend}'	실용 교통	카페
l4_d05_t07	4	대화05	B	7	MRT lebih cepat. Macet jam sibuk.	MRT 빠름. 러시아워 막힘.	엠알띠 르비 쯔빳. 마쩻 잠 시북.	jam sibuk = 러시아워	'{travel,jakarta,recommend}'		카페
l4_d05_t08	4	대화05	A	8	Yuk berangkat sekarang.	지금 출발.	육 브랑깟 스까랑.	yuk = 권유 (구어)	'{travel,jakarta,recommend}'		카페
l4_d06_t01	4	대화06	B	1	Selamat datang di Hotel Sanur Beach.	사누르 비치 호텔 환영.	슬라맛 다땅 디 호뗄 사누르 비치.	selamat datang = 환영	'{travel,bali,hotel}'	Andi 호텔	발리 호텔 체크인
l4_d06_t02	4	대화06	A	2	Wah, kamu kerja di sini?	와, 여기서 일해?	와, 까무 끄르자 디 시니?		'{travel,bali,hotel}'	재회 surprise	호텔
l4_d06_t03	4	대화06	B	3	Iya. Aku siapin kamar terbaik.	응. 최고 방 준비.	이야, 아꾸 시아삔 까마르 뜨르바익.	kamar = 방	'{travel,bali,hotel}'	Andi 호의	호텔
l4_d06_t04	4	대화06	A	4	Terima kasih, Andi!	고마워, 안디!	뜨리마 까시, 안디!		'{travel,bali,hotel}'		호텔
l4_d06_t05	4	대화06	B	5	Rooftop bar lantai 5. View bagus.	5층 옥상 바. 뷰 좋아.	루프똡 바 란따이 리마. 뷰 바구스.	lantai = 층, view = 영어	'{travel,bali,hotel}'	실용 정보	호텔
l4_d06_t06	4	대화06	A	6	Jam berapa shift kamu selesai?	근무 몇 시 끝?	잠 브라빠 시프트 까무 슬레사이?	shift = 영어, selesai = 끝	'{travel,bali,hotel}'		호텔
l4_d06_t07	4	대화06	B	7	Jam 6 sore. Mau jalan-jalan bareng?	오후 6시. 같이 산책?	잠 으남 소레. 마우 잘란 잘란 바릉?		'{travel,bali,hotel}'	Andi 동행 제안	호텔
l4_d06_t08	4	대화06	A	8	Boleh! Aku siap di lobby.	좋아! 로비에서 대기.	볼레! 아꾸 시압 디 로비.	lobby = 영어 차용	'{travel,bali,hotel}'		호텔
l4_d07_t01	4	대화07	A	1	Sawah ini cantik sekali.	논 정말 예뻐.	사와 이니 짠띡 스깔리.	sawah = 논	'{travel,bali,ubud}'	Tegallalang 라이스 테라스	Ubud Tegallalang
l4_d07_t02	4	대화07	B	2	Tegallalang, sawah berundak.	Tegallalang, 계단식 논.	뜨갈랄랑, 사와 브룬닥.	berundak = 계단식	'{travel,bali,ubud}'	관광 명소	Ubud
l4_d07_t03	4	대화07	A	3	Foto dulu! Sini.	사진! 와봐.	포또 둘루! 시니.		'{travel,bali,ubud}'	Jiyoung 사진	Ubud
l4_d07_t04	4	대화07	B	4	Aku ambilin pose bagus.	좋은 포즈 찍어줄게.	아꾸 암빌린 뽀세 바구스.	ambilin = 찍어주다 (구어)	'{travel,bali,ubud}'		Ubud
l4_d07_t05	4	대화07	A	5	Sama kamu juga foto.	너도 같이.	사마 까무 주가 포또.		'{travel,bali,ubud}'	Jiyoung 같이 사진	Ubud
l4_d07_t06	4	대화07	B	6	Pakai timer 10 detik.	타이머 10초.	빠까이 따이머르 스뿔루 데띡.	timer = 영어, detik = 초	'{travel,bali,ubud}'		Ubud
l4_d07_t07	4	대화07	A	7	Bagus banget hasilnya!	결과 좋다!	바구스 방엣 하실냐!		'{travel,bali,ubud}'		Ubud
l4_d07_t08	4	대화07	B	8	Kirim ke aku ya, aku post IG.	나한테 보내, IG 올릴게.	끼림 끄 아꾸 야, 아꾸 포스뜨 IG.	kirim = 보내다, post = 영어	'{travel,bali,ubud}'	SNS 공유 단서	Ubud
l4_d08_t01	4	대화08	B	1	Sunset Kuta beach, the best!	Kuta 일몰 최고!	선셋 꾸따 비치, 더 베스뜨!	sunset = 영어	'{travel,bali,beach}'	관광 명소	Kuta 해변 일몰
l4_d08_t02	4	대화08	A	2	Wah, langit oranye banget.	와, 하늘 오렌지.	와, 랑잇 오란예 방엣.	langit = 하늘, oranye = 주황	'{travel,bali,beach}'		해변
l4_d08_t03	4	대화08	B	3	Mau coba surfing besok?	내일 서핑 해볼래?	마우 쪼바 서핑 베속?	surfing = 영어	'{travel,bali,beach}'		해변
l4_d08_t04	4	대화08	A	4	Aku takut. Belum pernah.	무서워. 안 해봤어.	아꾸 따꿋. 블룸 쁘르나.		'{travel,bali,beach}'		해변
l4_d08_t05	4	대화08	B	5	Aku ajarin. Ombak kecil.	내가 가르칠게. 파도 작아.	아꾸 아자린. 옴박 끄찔.	ombak = 파도	'{travel,bali,beach}'		해변
l4_d08_t06	4	대화08	A	6	Kalau gagal aku basah kuyup.	실패하면 흠뻑 젖어.	깔라우 가갈 아꾸 바사 꾸윱.	kuyup = 흠뻑	'{travel,bali,beach}'	Jiyoung 걱정	해변
l4_d08_t07	4	대화08	B	7	Tenang, aku jaga.	괜찮아, 지켜줄게.	뜨낭, 아꾸 자가.	jaga = 지키다	'{travel,bali,beach}'	Andi 안심	해변
l4_d08_t08	4	대화08	A	8	Oke, percaya kamu.	OK, 너 믿어.	오께, 쁘르짜야 까무.	percaya = 믿다	'{travel,bali,beach}'	신뢰	해변
l4_d09_t01	4	대화09	A	1	Aku post foto Ubud di Instagram!	Ubud 사진 IG 올렸어!	아꾸 포스뜨 포또 우붓 디 인스타그램!	Instagram = 영어	'{travel,sns,share}'	SNS 공유	IG 공유
l4_d09_t02	4	대화09	B	2	Tag aku ya?	태그?	딱 아꾸 야?	tag = 영어	'{travel,sns,share}'		IG
l4_d09_t03	4	대화09	A	3	Pasti! Username kamu apa?	꼭! 유저네임?	빠스띠! 유저네임 까무 아빠?	username = 영어	'{travel,sns,share}'		IG
l4_d09_t04	4	대화09	B	4	@andi_bali_guide.	@andi_bali_guide.	앳 안디 발리 가이드.		'{travel,sns,share}'	캐릭터 IG ID	IG
l4_d09_t05	4	대화09	A	5	Followed! Caption apa bagus?	팔로우! 캡션 뭐?	팔로우! 캡션 아빠 바구스?	caption = 영어	'{travel,sns,share}'		IG
l4_d09_t06	4	대화09	B	6	Bali magic dengan teman baru.	Bali magic 새 친구와.	발리 매직 등안 뜨만 바루.		'{travel,sns,share}'	Andi 추천 캡션	IG
l4_d09_t07	4	대화09	A	7	Romantic! Aku pakai itu.	로맨틱! 그걸로.	로맨띡! 아꾸 빠까이 이뚜.		'{travel,sns,share}'	Jiyoung 즐거움	IG
l4_d09_t08	4	대화09	B	8	Like banyak banget dalam 1 jam!	1시간에 좋아요 많이!	라익 바냑 방엣 달람 사뚜 잠!	like = 영어	'{travel,sns,share}'		IG
l4_d10_t01	4	대화10	B	1	Single Fin Uluwatu, sunset bar terkenal.	Single Fin Uluwatu, 유명 일몰바.	싱글 핀 울루와뚜, 선셋 바 뜨르끄날.		'{travel,bali,nightlife}'	발리 명소	발리 nightlife
l4_d10_t02	4	대화10	A	2	Pemandangan luar biasa!	경치 끝내준다!	쁘만당안 루아르 비아사!	pemandangan = 경치, luar biasa = 굉장한	'{travel,bali,nightlife}'		Single Fin
l4_d10_t03	4	대화10	B	3	Pesan kelapa muda?	코코넛 시킬까?	쁘산 끌라빠 무다?	kelapa muda = 어린 코코넛	'{travel,bali,nightlife}'	발리 시그니처	바
l4_d10_t04	4	대화10	A	4	Iya, segar banget kalau dingin.	응, 차가우면 시원.	이야, 스가르 방엣 깔라우 딩인.	segar = 신선한	'{travel,bali,nightlife}'		바
l4_d10_t05	4	대화10	B	5	DJ mulai jam 9 malam.	DJ 9시.	디제이 물라이 잠 슴빌란 말람.		'{travel,bali,nightlife}'		바
l4_d10_t06	4	대화10	A	6	Masih lama. Ngobrol dulu.	아직 멀었네. 얘기.	마시 라마. 응오브롤 둘루.	ngobrol = 수다 (구어)	'{travel,bali,nightlife}'		바
l4_d10_t07	4	대화10	B	7	Cerita Korea kamu.	한국 얘기.	쩨리따 꼬레아 까무.		'{travel,bali,nightlife}'	Andi 호기심	바
l4_d10_t08	4	대화10	A	8	Kamu pasti suka Hangang park.	한강공원 좋아할 거야.	까무 빠스띠 수까 한강 빠르크.		'{travel,bali,nightlife}'	Jiyoung 한국 추천	바
l4_d11_t01	4	대화11	A	1	Besok aku pulang Korea.	내일 한국 귀국.	베속 아꾸 뿔랑 꼬레아.		'{travel,goodbye,bali}'	아쉬운 작별 시작	Jimbaran 마지막 저녁
l4_d11_t02	4	대화11	B	2	Cepat sekali, terasa singkat.	빠르네, 짧게 느껴져.	쯔빳 스깔리, 뜨라사 싱깟.	singkat = 짧은	'{travel,goodbye,bali}'	Andi 아쉬움	Jimbaran
l4_d11_t03	4	대화11	A	3	Seminggu jadi 1 hari rasanya.	1주일이 1일 같아.	스밍구 자디 사뚜 하리 라사냐.	rasanya = 느낌	'{travel,goodbye,bali}'		Jimbaran
l4_d11_t04	4	대화11	B	4	Karena seru bareng kamu.	너랑 재밌어서.	까르나 스루 바릉 까무.	seru = 재밌는	'{travel,goodbye,bali}'	감정 표현	Jimbaran
l4_d11_t05	4	대화11	A	5	Kapan-kapan ke Korea?	언젠가 한국?	까빤 까빤 끄 꼬레아?	kapan-kapan = reduplication 언젠가	'{travel,goodbye,bali}'	미래 약속	Jimbaran
l4_d11_t06	4	대화11	B	6	Aku coba. Lagi nabung.	시도. 저축 중.	아꾸 쪼바. 라기 나붕.	nabung = 저축 (구어)	'{travel,goodbye,bali}'		Jimbaran
l4_d11_t07	4	대화11	A	7	Aku bisa jadi tour guide kamu.	내가 가이드 해줄게.	아꾸 비사 자디 뚜르 가이드 까무.		'{travel,goodbye,bali}'	재회 약속	Jimbaran
l4_d11_t08	4	대화11	B	8	Janji ya. Aku nagih.	약속. 졸라.	잔지 야. 아꾸 나기.	nagih = 조르다 (구어)	'{travel,goodbye,bali}'		Jimbaran
l4_d12_t01	4	대화12	A	1	Sampai bandara Ngurah Rai.	Ngurah Rai 공항 도착.	삼빠이 반다라 응우라 라이.	bandara = 공항	'{travel,airport,goodbye}'	arc 클라이맥스	발리 공항 작별
l4_d12_t02	4	대화12	B	2	Aku antar sampai gate.	게이트까지 안내.	아꾸 안따르 삼빠이 게이트.	gate = 영어	'{travel,airport,goodbye}'	Andi 끝까지	공항
l4_d12_t03	4	대화12	A	3	Terima kasih semuanya, Andi.	모든 거 고마워, 안디.	뜨리마 까시 스무아냐, 안디.	semuanya = 모두	'{travel,airport,goodbye}'		공항
l4_d12_t04	4	대화12	B	4	Bali akan rindu kamu.	발리가 그리워할 거야.	발리 아깐 린두 까무.		'{travel,airport,goodbye}'	sweet 표현	공항
l4_d12_t05	4	대화12	A	5	Aku juga rindu Bali.	나도 발리 그리워.	아꾸 주가 린두 발리.		'{travel,airport,goodbye}'		공항
l4_d12_t06	4	대화12	A	6	Pesawat boarding, aku harus pergi.	비행기 보딩, 가야해.	쁘사왓 보딩, 아꾸 하루스 쁘르기.	pesawat = 비행기, boarding = 영어	'{travel,airport,goodbye}'		공항
l4_d12_t07	4	대화12	B	7	Jaga diri ya. Sampai jumpa lagi.	잘 지내. 또 보자.	자가 디리 야. 삼빠이 줌빠 라기.	jaga diri = 자기 돌봄	'{travel,airport,goodbye}'		공항
l4_d12_t08	4	대화12	A	8	Pasti. Sampai jumpa di Korea!	꼭. 한국에서 봐!	빠스띠. 삼빠이 줌빠 디 꼬레아!		'{travel,airport,goodbye}'	미래 약속	공항
l4_d13_t01	4	대화13	A	1	Andi, aku sampai Seoul. Hujan.	안디, 서울 도착. 비.	안디, 아꾸 삼빠이 세울. 후잔.		'{travel,whatsapp,return}'	한국 도착 안부	WhatsApp 한국 도착
l4_d13_t02	4	대화13	B	2	Wah! Beda banget sama Bali.	와! 발리랑 달라.	와! 베다 방엣 사마 발리.		'{travel,whatsapp,return}'		WhatsApp
l4_d13_t03	4	대화13	A	3	Aku rindu kelapa muda Single Fin.	Single Fin 코코넛 그리워.	아꾸 린두 끌라빠 무다 싱글 핀.		'{travel,whatsapp,return}'	추억	WhatsApp
l4_d13_t04	4	대화13	B	4	Aku rindu cerita kamu.	네 이야기 그리워.	아꾸 린두 쩨리따 까무.		'{travel,whatsapp,return}'	감정 표현	WhatsApp
l4_d13_t05	4	대화13	A	5	IG kamu masih banyak likes.	네 IG 좋아요 많아.	인스타그램 까무 마시 바냑 라익스.		'{travel,whatsapp,return}'	SNS 후속	WhatsApp
l4_d13_t06	4	대화13	B	6	Caption Bali magic viral hahaha.	Bali magic 캡션 viral.	캡션 발리 매직 바이럴 하하하.		'{travel,whatsapp,return}'		WhatsApp
l4_d13_t07	4	대화13	A	7	Kapan kamu ke Korea?	언제 한국 와?	까빤 까무 끄 꼬레아?		'{travel,whatsapp,return}'		WhatsApp
l4_d13_t08	4	대화13	B	8	Lagi cari tiket murah!	저렴한 티켓 찾는 중!	라기 짜리 띠껫 무라!	murah = 저렴한	'{travel,whatsapp,return}'	재회 단서	WhatsApp
l4_d14_t01	4	대화14	B	1	Aku dapat tiket Seoul, akhir bulan!	서울 티켓 받음, 월말!	아꾸 다빳 띠껫 세울, 아키르 불란!		'{travel,whatsapp,plan}'	재회 확정	WhatsApp 방한 계획
l4_d14_t02	4	대화14	A	2	Beneran?! Aku jadi tour guide!	진짜?! 가이드 할게!	브너란?! 아꾸 자디 뚜르 가이드!		'{travel,whatsapp,plan}'	Jiyoung 흥분	WhatsApp
l4_d14_t03	4	대화14	A	3	Berapa hari di Seoul?	서울 며칠?	브라빠 하리 디 세울?		'{travel,whatsapp,plan}'		WhatsApp
l4_d14_t04	4	대화14	B	4	5 hari. Pengen lihat Hongdae.	5일. 홍대 보고싶어.	리마 하리. 쁭엔 리핫 홍대.	pengen = 원하다 (구어)	'{travel,whatsapp,plan}'		WhatsApp
l4_d14_t05	4	대화14	A	5	Hongdae malam, busking, pasti suka.	홍대 밤, 버스킹, 좋아할 듯.	홍대 말람, 버스킹, 빠스띠 수까.		'{travel,whatsapp,plan}'		WhatsApp
l4_d14_t06	4	대화14	B	6	Korean bbq juga harus.	한국 BBQ 도 필수.	코리안 바비큐 주가 하루스.		'{travel,whatsapp,plan}'	한식 욕망	WhatsApp
l4_d14_t07	4	대화14	A	7	Aku traktir all you can eat.	뷔페 한턱.	아꾸 트락띠르 올 유 캔 잇.	traktir = 한턱	'{travel,whatsapp,plan}'		WhatsApp
l4_d14_t08	4	대화14	B	8	Hahaha, deal! Sampai jumpa.	하하, 딜! 봐.	하하하, 딜! 삼빠이 줌빠.		'{travel,whatsapp,plan}'		WhatsApp
l4_d15_t01	4	대화15	A	1	Andi! Kamu beneran sampai!	안디! 진짜 왔구나!	안디! 까무 브너란 삼빠이!		'{travel,reunion,seoul}'	arc 결말 — 재회	서울 카페 재회
l4_d15_t02	4	대화15	B	2	Akhirnya! Seoul lebih dingin dari bayangan.	드디어! 서울 상상보다 추워.	아키르냐! 세울 르비 딩인 다리 바양안.	bayangan = 상상	'{travel,reunion,seoul}'		카페
l4_d15_t03	4	대화15	A	3	Aku bawakan jaket cadangan.	잠바 여분 가져왔어.	아꾸 바와깐 자껫 짜당안.	cadangan = 여분	'{travel,reunion,seoul}'	Jiyoung 배려	카페
l4_d15_t04	4	대화15	B	4	Wah, sweet banget kamu.	와, 정말 sweet.	와, 스윗 방엣 까무.	sweet = 영어	'{travel,reunion,seoul}'	tone shift	카페
l4_d15_t05	4	대화15	A	5	Mulai dari mana hari ini?	오늘 어디부터?	물라이 다리 마나 하리 이니?		'{travel,reunion,seoul}'		카페
l4_d15_t06	4	대화15	B	6	Kamu yang pilih, aku ikut aja.	네가 골라, 따를게.	까무 양 삘리, 아꾸 이꿋 아자.		'{travel,reunion,seoul}'	신뢰	카페
l4_d15_t07	4	대화15	A	7	Hangang park, lalu Hongdae.	한강공원, 그 다음 홍대.	한강 빠르크, 랄루 홍대.		'{travel,reunion,seoul}'		카페
l4_d15_t08	4	대화15	B	8	Lets go, tour guide aku!	가자, 내 가이드!	렛츠 고, 뚜르 가이드 아꾸!		'{travel,reunion,seoul}'	open ending — 사랑 가능성 시사	카페
l2_d05_t01	2	대화05	A	1	Aku match cowo Korea di Tinder!	Tinder 한남 매치!	아꾸 마쯔 쪼오 꼬레아 디 띤더르!	cowo = 남자 (구어)	'{messenger,tinder,friend}'	Sari 친구한테 보고	WhatsApp 친구
l2_d05_t02	2	대화05	B	2	Wah, profil dia gimana?	와, 프로필?	와, 프로필 디아 기마나?		'{messenger,tinder,friend}'		WhatsApp
l2_d05_t03	2	대화05	A	3	Ganteng, kerja IT, tinggi 180.	잘생기고 IT, 180.	간뜽, 끄르자 아이띠, 띵기 스라뚜스 들라빤 뿔루.		'{messenger,tinder,friend}'		WhatsApp
l2_d05_t04	2	대화05	B	4	Foto banyak?	사진 많아?	포또 바냑?		'{messenger,tinder,friend}'		WhatsApp
l2_d05_t05	2	대화05	A	5	5 foto, gym, hiking, sama kucing.	5장, 헬스, 등산, 고양이.	리마 포또, 짐, 하이킹, 사마 꾸찡.	kucing = 고양이	'{messenger,tinder,friend}'		WhatsApp
l2_d05_t06	2	대화05	B	6	Cowo dengan kucing = green flag.	고양이 남자 = green flag.	쪼오 등안 꾸찡 = 그린 플래그.	green flag = 영어 (좋은 신호)	'{messenger,tinder,friend}'	dating 표현	WhatsApp
l2_d05_t07	2	대화05	A	7	Bahasa Inggris bagus.	영어 잘해.	바하사 잉그리스 바구스.		'{messenger,tinder,friend}'		WhatsApp
l2_d05_t08	2	대화05	B	8	Indonesia juga?	인니어도?	인도네시아 주가?		'{messenger,tinder,friend}'		WhatsApp
l2_d05_t09	2	대화05	A	9	Sedikit, lagi belajar.	조금, 공부 중.	스디낏, 라기 블라자르.		'{messenger,tinder,friend}'		WhatsApp
l2_d05_t10	2	대화05	B	10	Sweet. Kamu reply gimana?	sweet. 뭐라 답?	스윗. 까무 리플라이 기마나?	reply = 영어	'{messenger,tinder,friend}'		WhatsApp
l2_d05_t11	2	대화05	A	11	Hi, salam dari Jakarta.	안녕, 자카르타에서.	하이, 살람 다리 자카르타.		'{messenger,tinder,friend}'		WhatsApp
l2_d05_t12	2	대화05	B	12	Tunggu jawaban, jangan kepo.	답 기다려, 호들갑 X.	뚱구 자와반, 장안 께뽀.	kepo = 호기심·캐물음 (구어)	'{messenger,tinder,friend}'		WhatsApp
l2_d05_t13	2	대화05	A	13	Susah nahan!	참기 어려워!	수사 나한!	nahan = 참다	'{messenger,tinder,friend}'		WhatsApp
l2_d05_t14	2	대화05	B	14	Iya, semoga jodoh.	응, 인연이길.	이야, 스모가 조도.	semoga = ~기를, jodoh = 인연	'{messenger,tinder,friend}'		WhatsApp
l2_d06_t01	2	대화06	A	1	Coach, besok PT jam berapa?	코치, 내일 PT 몇 시?	코치, 베속 피티 잠 브라빠?	PT = personal training	'{messenger,gym,pt}'	헬스 PT 약속	WhatsApp PT
l2_d06_t02	2	대화06	B	2	Jam 7 pagi atau 6 sore?	오전 7시 또는 오후 6시?	잠 뚜주 빠기 아따우 으남 소레?		'{messenger,gym,pt}'		WhatsApp
l2_d06_t03	2	대화06	A	3	Pagi. Dada hari ini.	아침. 오늘 가슴.	빠기. 다다 하리 이니.	dada = 가슴	'{messenger,gym,pt}'	gym 부위	WhatsApp
l2_d06_t04	2	대화06	B	4	Oke, datang siap.	준비하고 와.	오께, 다땅 시압.		'{messenger,gym,pt}'		WhatsApp
l2_d06_t05	2	대화06	A	5	Mau warm-up sendiri dulu?	워밍업 먼저?	마우 웜 업 슨디리 둘루?	warm-up = 영어	'{messenger,gym,pt}'		WhatsApp
l2_d06_t06	2	대화06	B	6	Iya, 10 menit cardio + stretching.	10분 카디오 + 스트레칭.	이야, 스뿔루 므닛 카디오 + 스트레칭.		'{messenger,gym,pt}'		WhatsApp
l2_d06_t07	2	대화06	A	7	Tadi paha sakit dari squat kemarin.	어제 스쿼트로 허벅지 아파.	따디 빠하 사낏 다리 스쿼트 끄마린.	paha = 허벅지	'{messenger,gym,pt}'		WhatsApp
l2_d06_t08	2	대화06	B	8	Wajar. Pakai foam roller sebelum.	당연. foam roller 먼저.	와자르. 빠까이 폼 롤러 스블룸.	foam roller = 영어	'{messenger,gym,pt}'		WhatsApp
l2_d06_t09	2	대화06	A	9	Ada di gym?	gym 에 있어?	아다 디 짐?		'{messenger,gym,pt}'		WhatsApp
l2_d06_t10	2	대화06	B	10	Ada, di rak yoga.	응, yoga 선반.	아다, 디 락 요가.	rak = 선반	'{messenger,gym,pt}'		WhatsApp
l2_d06_t11	2	대화06	A	11	Oke, sampai besok.	응, 내일 봐.	오께, 삼빠이 베속.		'{messenger,gym,pt}'		WhatsApp
l2_d06_t12	2	대화06	B	12	Bawa botol minum besar.	큰 물병.	바와 보똘 미눔 브사르.	botol = 병	'{messenger,gym,pt}'		WhatsApp
l2_d06_t13	2	대화06	A	13	Pasti, terima kasih coach.	꼭, 고마워 코치.	빠스띠, 뜨리마 까시 코치.		'{messenger,gym,pt}'		WhatsApp
l2_d06_t14	2	대화06	B	14	Sampai jumpa.	봐.	삼빠이 줌빠.		'{messenger,gym,pt}'		WhatsApp
l2_d07_t01	2	대화07	A	1	Halo, pesanan saya di mana?	안녕, 주문 어디?	할로, 쁘사난 사야 디 마나?	pesanan = 주문	'{messenger,gofood,delivery}'	GoFood 배달	GoFood 채팅
l2_d07_t02	2	대화07	B	2	Lagi pickup di restaurant.	식당 픽업 중.	라기 픽업 디 레스또란.	pickup = 영어	'{messenger,gofood,delivery}'		채팅
l2_d07_t03	2	대화07	A	3	Berapa lama lagi?	얼마나 더?	브라빠 라마 라기?		'{messenger,gofood,delivery}'		채팅
l2_d07_t04	2	대화07	B	4	20 menit. Macet.	20분. 막혀.	두아 뿔루 므닛. 마쩻.		'{messenger,gofood,delivery}'		채팅
l2_d07_t05	2	대화07	A	5	Oke. Kompleks aman, gate 3 ya.	단지 안전, 3번 게이트.	오께. 꼼쁠렉스 아만, 게이트 띠가 야.	kompleks = 단지	'{messenger,gofood,delivery}'		채팅
l2_d07_t06	2	대화07	B	6	Iya, saya tahu.	응, 알아요.	이야, 사야 따후.		'{messenger,gofood,delivery}'		채팅
l2_d07_t07	2	대화07	A	7	Saya turun sebentar lagi.	잠시 후 내려가요.	사야 뚜룬 스븐따르 라기.	turun = 내려가다	'{messenger,gofood,delivery}'		채팅
l2_d07_t08	2	대화07	B	8	Tunggu di lobby.	로비에서 기다리세요.	뚱구 디 로비.		'{messenger,gofood,delivery}'		채팅
l2_d07_t09	2	대화07	A	9	Pesanan dingin nggak?	음식 식어?	쁘사난 딩인 응각?	dingin = 차가운	'{messenger,gofood,delivery}'		채팅
l2_d07_t10	2	대화07	B	10	Aman, bag thermal.	안전, thermal bag.	아만, 백 떠말.	bag thermal = 영어	'{messenger,gofood,delivery}'		채팅
l2_d07_t11	2	대화07	A	11	Oke, terima kasih.	응, 감사.	오께, 뜨리마 까시.		'{messenger,gofood,delivery}'		채팅
l2_d07_t12	2	대화07	B	12	Sebentar lagi sampai.	곧 도착.	스븐따르 라기 삼빠이.		'{messenger,gofood,delivery}'		채팅
l2_d07_t13	2	대화07	A	13	Rate 5 stars deh.	5점 줄게.	레이트 리마 스타스 데.	rate = 영어	'{messenger,gofood,delivery}'	GoFood 평가	채팅
l2_d07_t14	2	대화07	B	14	Makasih banget!	정말 감사!	마까시 방엣!		'{messenger,gofood,delivery}'		채팅
l2_d08_t01	2	대화08	A	1	Hi! Profil kamu menarik.	Hi! 프로필 좋네.	하이! 프로필 까무 므나릭.	menarik = 흥미로운	'{messenger,tinder,first}'	Tinder 첫 인사	Tinder 첫 인사
l2_d08_t02	2	대화08	B	2	Hi! Aku Sari.	Hi! 사리.	하이! 아꾸 사리.		'{messenger,tinder,first}'		Tinder
l2_d08_t03	2	대화08	A	3	Aku Min-jun, dari Korea, kerja Jakarta.	민준, 한국에서, 자카르타 근무.	아꾸 민준, 다리 꼬레아, 끄르자 자카르타.		'{messenger,tinder,first}'		Tinder
l2_d08_t04	2	대화08	B	4	Wah, sama Korea! Aku fans K-pop.	와, 한국! 나 K-pop 팬.	와, 사마 꼬레아! 아꾸 팬스 케이팝.		'{messenger,tinder,first}'		Tinder
l2_d08_t05	2	대화08	A	5	Group apa favorit?	어떤 그룹 좋아?	그룹 아빠 파보릿?		'{messenger,tinder,first}'		Tinder
l2_d08_t06	2	대화08	B	6	BTS, Twice.	BTS, Twice.	베떼에스, 트와이스.		'{messenger,tinder,first}'		Tinder
l2_d08_t07	2	대화08	A	7	Aku nggak terlalu paham K-pop.	나 잘 몰라.	아꾸 응각 뜨를랄루 빠함 케이팝.		'{messenger,tinder,first}'		Tinder
l2_d08_t08	2	대화08	B	8	Wah, harus belajar dong.	배워야지.	와, 하루스 블라자르 동.	dong = 어기조사	'{messenger,tinder,first}'		Tinder
l2_d08_t09	2	대화08	A	9	Mau ngajarin?	가르쳐줄래?	마우 응아자린?		'{messenger,tinder,first}'		Tinder
l2_d08_t10	2	대화08	B	10	Boleh, kapan ketemu?	응, 언제 만나?	볼레, 까빤 끄뜨무?		'{messenger,tinder,first}'		Tinder
l2_d08_t11	2	대화08	A	11	Akhir minggu, kafe Sudirman?	주말, Sudirman 카페?	아키르 밍구, 까페 수디르만?		'{messenger,tinder,first}'	자카르타 명소	Tinder
l2_d08_t12	2	대화08	B	12	Oke! Jam berapa?	OK! 몇 시?	오께! 잠 브라빠?		'{messenger,tinder,first}'		Tinder
l2_d08_t13	2	대화08	A	13	Jam 4 sore?	오후 4시?	잠 음빳 소레?		'{messenger,tinder,first}'		Tinder
l2_d08_t14	2	대화08	B	14	Deal, sampai Sabtu!	딜, 토요일!	딜, 삼빠이 삽뚜!		'{messenger,tinder,first}'		Tinder
l2_d09_t01	2	대화09	A	1	Senin pagi kita lari di GBK ya.	월요일 GBK 러닝.	스닌 빠기 끼따 라리 디 게베까 야.	GBK = Gelora Bung Karno (자카르타 스포츠 단지)	'{messenger,sport,running}'	러닝 동호회	WhatsApp 동호회
l2_d09_t02	2	대화09	B	2	Jam berapa?	몇 시?	잠 브라빠?		'{messenger,sport,running}'		WhatsApp
l2_d09_t03	2	대화09	A	3	Jam 6 pagi, 5K.	아침 6시, 5K.	잠 으남 빠기, 리마 까.		'{messenger,sport,running}'		WhatsApp
l2_d09_t04	2	대화09	B	4	Aku ikut! Pakai apa?	참가! 뭐 입어?	아꾸 이꿋! 빠까이 아빠?		'{messenger,sport,running}'		WhatsApp
l2_d09_t05	2	대화09	A	5	Sepatu lari + topi (panas).	러닝화 + 모자.	스빠뚜 라리 + 또삐 (빠나스).	topi = 모자, panas = 더운	'{messenger,sport,running}'	자카르타 더위	WhatsApp
l2_d09_t06	2	대화09	B	6	Drink dimana?	음료 어디?	드링크 디마나?		'{messenger,sport,running}'		WhatsApp
l2_d09_t07	2	대화09	A	7	Aku bawa galon, share.	갤런 가져갈게, 공유.	아꾸 바와 갈론, 셰어.	galon = 갤런 (큰 물통)	'{messenger,sport,running}'		WhatsApp
l2_d09_t08	2	대화09	B	8	Wah, makasih kak.	와, 형 감사.	와, 마까시 깍.	kak = 형/언니 (호칭)	'{messenger,sport,running}'	호칭	WhatsApp
l2_d09_t09	2	대화09	A	9	Setelah lari, brunch nasi padang.	러닝 후 nasi padang 브런치.	스뜰라 라리, 브런치 나시 빠당.	nasi padang = 인니 대표 음식	'{messenger,sport,running}'		WhatsApp
l2_d09_t10	2	대화09	B	10	Mantap! Ajak teman boleh?	좋아! 친구도 OK?	만땁! 아작 뜨만 볼레?		'{messenger,sport,running}'		WhatsApp
l2_d09_t11	2	대화09	A	11	Boleh, daftar dulu di link.	링크 등록 먼저.	볼레, 다프따르 둘루 디 링크.	daftar = 등록	'{messenger,sport,running}'		WhatsApp
l2_d09_t12	2	대화09	B	12	Oke, share linknya.	응, 링크 공유.	오께, 셰어 링크냐.		'{messenger,sport,running}'		WhatsApp
l2_d09_t13	2	대화09	A	13	WhatsApp grup juga ada.	왓츠앱 그룹도.	와츠압 그룹 주가 아다.		'{messenger,sport,running}'		WhatsApp
l2_d09_t14	2	대화09	B	14	Add aku ya.	추가해.	애드 아꾸 야.	add = 영어	'{messenger,sport,running}'		WhatsApp
l2_d10_t01	2	대화10	A	1	Maaf semalam aku ketus.	어제 밤 내가 까칠.	마앞 스말람 아꾸 끄뚜스.	ketus = 까칠한	'{messenger,apology,friend}'	사과	WhatsApp 친구
l2_d10_t02	2	대화10	B	2	Aku tahu kamu lagi capek.	너 지친 거 알아.	아꾸 따후 까무 라기 짜뻑.		'{messenger,apology,friend}'		WhatsApp
l2_d10_t03	2	대화10	A	3	Bukan alasan tapi.	변명 아니지만.	부깐 알라산 따삐.	alasan = 이유	'{messenger,apology,friend}'		WhatsApp
l2_d10_t04	2	대화10	B	4	Sudah, lupakan.	됐어, 잊어.	수다, 루빠깐.		'{messenger,apology,friend}'		WhatsApp
l2_d10_t05	2	대화10	A	5	Aku traktir kopi besok?	내일 커피 한턱?	아꾸 트락띠르 꼬삐 베속?	traktir = 한턱	'{messenger,apology,friend}'		WhatsApp
l2_d10_t06	2	대화10	B	6	Boleh, di Anomali coffee?	좋아, Anomali coffee?	볼레, 디 아노말리 커피?		'{messenger,apology,friend}'	자카르타 카페	WhatsApp
l2_d10_t07	2	대화10	A	7	Iya, jam 11.	응, 11시.	이야, 잠 스블라스.		'{messenger,apology,friend}'		WhatsApp
l2_d10_t08	2	대화10	B	8	Aku jujur, kemarin agak hurt.	솔직히 어제 좀 hurt.	아꾸 주주르, 끄마린 아각 허트.	hurt = 영어	'{messenger,apology,friend}'	honest	WhatsApp
l2_d10_t09	2	대화10	A	9	Aku ngerti. Maaf banget.	이해. 정말 미안.	아꾸 응으르띠. 마앞 방엣.		'{messenger,apology,friend}'		WhatsApp
l2_d10_t10	2	대화10	B	10	Yang penting kita ngomong.	말하는 게 중요.	양 쁜띵 끼따 응오몽.	ngomong = 말하다 (구어)	'{messenger,apology,friend}'		WhatsApp
l2_d10_t11	2	대화10	A	11	Selalu kamu temen terbaik.	너 항상 베프.	슬랄루 까무 뜨믄 뜨르바익.		'{messenger,apology,friend}'	sweet	WhatsApp
l2_d10_t12	2	대화10	B	12	Hahaha gombal kamu.	하하 작업이네.	하하하 곰발 까무.	gombal = 작업 멘트	'{messenger,apology,friend}'		WhatsApp
l2_d10_t13	2	대화10	A	13	Beneran serius.	진심.	브너란 스리우스.		'{messenger,apology,friend}'		WhatsApp
l2_d10_t14	2	대화10	B	14	Sampai besok ya.	내일 봐.	삼빠이 베속 야.		'{messenger,apology,friend}'		WhatsApp
l2_d11_t01	2	대화11	A	1	Sabtu kita ke Bogor?	토요일 Bogor?	삽뚜 끼따 끄 보고르?		'{messenger,plan,trip}'	Bogor 자카르타 근교	WhatsApp 친구
l2_d11_t02	2	대화11	B	2	Boleh! Cuaca?	좋아! 날씨?	볼레! 쭈아짜?		'{messenger,plan,trip}'		WhatsApp
l2_d11_t03	2	대화11	A	3	Cek BMKG, kemungkinan hujan sore.	BMKG 보니 오후 비.	쩩 베엠까게, 끄뭉끼난 후잔 소레.	BMKG = 인니 기상청	'{messenger,plan,trip}'		WhatsApp
l2_d11_t04	2	대화11	B	4	Pagi aja deh.	아침에만.	빠기 아자 데.		'{messenger,plan,trip}'		WhatsApp
l2_d11_t05	2	대화11	A	5	Berangkat jam 7?	7시 출발?	브랑깟 잠 뚜주?		'{messenger,plan,trip}'		WhatsApp
l2_d11_t06	2	대화11	B	6	Tarik commuter line dari Manggarai.	Manggarai 에서 commuter.	따릭 컴뮤터 라인 다리 망가라이.	commuter line = 자카르타 통근열차	'{messenger,plan,trip}'	교통	WhatsApp
l2_d11_t07	2	대화11	A	7	Tujuan Kebun Raya?	식물원 목표?	뚜주안 끄분 라야?	Kebun Raya = Bogor 식물원	'{messenger,plan,trip}'		WhatsApp
l2_d11_t08	2	대화11	B	8	Iya, plus makan siang Asinan Bogor.	응 + Asinan Bogor 점심.	이야, 플러스 마깐 시앙 아시난 보고르.	Asinan Bogor = 인니 음식	'{messenger,plan,trip}'	Bogor 음식	WhatsApp
l2_d11_t09	2	대화11	A	9	Mau ajak Lala?	랄라도?	마우 아작 랄라?		'{messenger,plan,trip}'		WhatsApp
l2_d11_t10	2	대화11	B	10	Boleh, Lala suka piknik.	응, Lala 피크닉 좋아.	볼레, 랄라 수까 픽닉.	piknik = 영어	'{messenger,plan,trip}'		WhatsApp
l2_d11_t11	2	대화11	A	11	Bawa tikar + snack?	돗자리 + 스낵?	바와 띠까르 + 스낵?	tikar = 돗자리	'{messenger,plan,trip}'		WhatsApp
l2_d11_t12	2	대화11	B	12	Aku bawa fruit + roti.	과일 + 빵.	아꾸 바와 프룻 + 로띠.	roti = 빵	'{messenger,plan,trip}'		WhatsApp
l2_d11_t13	2	대화11	A	13	Mantap, Sabtu pagi!	좋다, 토요일 아침!	만땁, 삽뚜 빠기!		'{messenger,plan,trip}'		WhatsApp
l2_d11_t14	2	대화11	B	14	Ojek ke stasiun ya.	오토바이로 역.	오젝 끄 스따시운 야.	ojek = 인니 오토바이 택시	'{messenger,plan,trip}'	GoJek 등	WhatsApp
l2_d12_t01	2	대화12	A	1	Lala, video call malam ini?	랄라, 오늘 밤 영상통화?	랄라, 비디오 콜 말람 이니?	video call = 영어	'{messenger,video_call,friend}'	친구 영상통화	WhatsApp 친구
l2_d12_t02	2	대화12	B	2	Boleh! Jam berapa?	좋아! 몇 시?	볼레! 잠 브라빠?		'{messenger,video_call,friend}'		WhatsApp
l2_d12_t03	2	대화12	A	3	Jam 9 malam.	밤 9시.	잠 슴빌란 말람.		'{messenger,video_call,friend}'		WhatsApp
l2_d12_t04	2	대화12	B	4	Pakai Zoom atau LINE?	Zoom 아님 LINE?	빠까이 줌 아따우 라인?		'{messenger,video_call,friend}'		WhatsApp
l2_d12_t05	2	대화12	A	5	LINE, lebih simple.	LINE, 간단.	라인, 르비 심플.	simple = 영어	'{messenger,video_call,friend}'		WhatsApp
l2_d12_t06	2	대화12	B	6	Aku siapin wine.	와인 준비.	아꾸 시아삔 와인.	wine = 영어	'{messenger,video_call,friend}'		WhatsApp
l2_d12_t07	2	대화12	A	7	Wah, sweet sekali.	와, sweet.	와, 스윗 스깔리.		'{messenger,video_call,friend}'		WhatsApp
l2_d12_t08	2	대화12	B	8	Cerita banyak, sudah lama.	이야기 많이, 오래됐어.	쩨리따 바냑, 수다 라마.		'{messenger,video_call,friend}'		WhatsApp
l2_d12_t09	2	대화12	A	9	Aku ada gosip Min-jun!	Min-jun 가십!	아꾸 아다 고십 민준!	gosip = 가십	'{messenger,video_call,friend}'		WhatsApp
l2_d12_t10	2	대화12	B	10	Wah, aku tunggu.	와, 기다려.	와, 아꾸 뚱구.		'{messenger,video_call,friend}'		WhatsApp
l2_d12_t11	2	대화12	A	11	Mantap, pakai earphone.	응, 이어폰.	만땁, 빠까이 이어폰.	earphone = 영어	'{messenger,video_call,friend}'		WhatsApp
l2_d12_t12	2	대화12	B	12	Pasti, kamar tenang.	꼭, 방 차분.	빠스띠, 까마르 뜨낭.		'{messenger,video_call,friend}'		WhatsApp
l2_d12_t13	2	대화12	A	13	Sampai jam 9.	9시.	삼빠이 잠 슴빌란.		'{messenger,video_call,friend}'		WhatsApp
l2_d12_t14	2	대화12	B	14	Sayang, sampai nanti.	자기, 이따 봐.	사양, 삼빠이 난띠.	sayang = 자기 (친근)	'{messenger,video_call,friend}'	친구 사이 친근 호칭	WhatsApp
l1_d13_t01	1	대화13	A	1	Kamu tahu satu, dua, tiga?	하나, 둘, 셋 알아?	까무 따후 사뚜, 두아, 띠가?	satu = 1, dua = 2, tiga = 3	'{essential,numbers}'	숫자 학습	숫자 1-100
l1_d13_t02	1	대화13	B	2	Iya, terus empat, lima.	응, 그리고 4, 5.	이야, 뜨루스 음빳, 리마.	empat = 4, lima = 5	'{essential,numbers}'		숫자
l1_d13_t03	1	대화13	A	3	Sebelas?	11은?	스블라스?	sebelas = 11	'{essential,numbers}'		숫자
l1_d13_t04	1	대화13	B	4	Sebelas, dua belas, dst.	11, 12, 등.	스블라스, 두아 블라스, 단 스뜨루스냐.	dua belas = 12, dst = dan seterusnya 등	'{essential,numbers}'		숫자
l1_d13_t05	1	대화13	A	5	Seratus?	100은?	스라뚜스?	seratus = 100	'{essential,numbers}'		숫자
l1_d13_t06	1	대화13	B	6	Seratus tepat. Seribu = 1000.	100 정각. 1000.	스라뚜스 뜨빳. 스리부 = 천.	seribu = 1000	'{essential,numbers}'		숫자
l1_d14_t01	1	대화14	A	1	Bulan ini bulan apa?	이번 달은?	불란 이니 불란 아빠?	bulan = 달	'{essential,calendar}'	달력	요일·달
l1_d14_t02	1	대화14	B	2	April. Bulan keempat.	4월. 4번째.	아쁘릴. 불란 끄음빳.	keempat = ke + empat 4번째	'{essential,calendar}'		달력
l1_d14_t03	1	대화14	A	3	Senin, Selasa, Rabu...	월, 화, 수...	스닌, 슬라사, 라부...	Senin = 월, Selasa = 화, Rabu = 수	'{essential,calendar}'	요일	요일
l1_d14_t04	1	대화14	B	4	Kamis, Jumat, Sabtu, Minggu.	목, 금, 토, 일.	까미스, 주맛, 삽뚜, 밍구.	Kamis = 목, Jumat = 금	'{essential,calendar}'		요일
l1_d14_t05	1	대화14	A	5	Hari ini?	오늘은?	하리 이니?		'{essential,calendar}'		요일
l1_d14_t06	1	대화14	B	6	Hari Sabtu.	토요일.	하리 삽뚜.		'{essential,calendar}'		요일
l1_d15_t01	1	대화15	A	1	Nomor darurat Indonesia?	인니 응급 번호?	노모르 다루랏 인도네시아?	darurat = 응급	'{essential,emergency}'	응급 번호	응급 번호
l1_d15_t02	1	대화15	B	2	112 untuk semua.	112 모두.	스라뚜스 두아 블라스 운뚝 스무아.		'{essential,emergency}'	인니 통합 응급	응급
l1_d15_t03	1	대화15	A	3	Polisi?	경찰?	뽈리시?	polisi = 경찰	'{essential,emergency}'		응급
l1_d15_t04	1	대화15	B	4	110.	110.	스라뚜스 스뿔루.		'{essential,emergency}'		응급
l1_d15_t05	1	대화15	A	5	Ambulans?	구급차?	암불란스?		'{essential,emergency}'		응급
l1_d15_t06	1	대화15	B	6	118 atau 119.	118 또는 119.	스라뚜스 들라빤 블라스 아따우 스라뚜스 슴빌란 블라스.		'{essential,emergency}'		응급
l1_d16_t01	1	대화16	A	1	Cuaca hari ini gimana?	오늘 날씨?	쭈아짜 하리 이니 기마나?	cuaca = 날씨	'{essential,weather}'	날씨	날씨
l1_d16_t02	1	대화16	B	2	Panas, 32 derajat.	더워, 32도.	빠나스, 띠가 뿔루 두아 드라잣.	derajat = 도	'{essential,weather}'	인니 더위	날씨
l1_d16_t03	1	대화16	A	3	Hujan?	비?	후잔?		'{essential,weather}'		날씨
l1_d16_t04	1	대화16	B	4	Sore mungkin.	오후일지도.	소레 뭉낀.		'{essential,weather}'		날씨
l1_d16_t05	1	대화16	A	5	Bawa payung?	우산?	바와 빠융?	payung = 우산	'{essential,weather}'		날씨
l1_d16_t06	1	대화16	B	6	Pasti, jangan lupa.	꼭, 잊지 마.	빠스띠, 장안 루빠.		'{essential,weather}'		날씨
l1_d17_t01	1	대화17	A	1	Bapak = ayah, Ibu = mama.	Bapak = 아빠, Ibu = 엄마.	바빡 = 아야, 이부 = 마마.	Bapak/Ibu 정중, ayah/mama 친근	'{essential,family}'	가족 호칭	가족 호칭
l1_d17_t02	1	대화17	B	2	Kak = kakak, Dik = adik.	Kak = 형, Dik = 동생.	깍 = 까깍, 딕 = 아딕.	kakak = 형/언니, adik = 동생	'{essential,family}'	연상/연하	가족 호칭
l1_d17_t03	1	대화17	A	3	Mas, Mbak Jawa?	Mas, Mbak 자바?	마스, 음박 자와?		'{essential,family}'	자바식	가족 호칭
l1_d17_t04	1	대화17	B	4	Mas = pria, Mbak = wanita.	Mas = 남, Mbak = 여.	마스 = 쁘리아, 음박 = 와니따.	pria = 남자, wanita = 여자	'{essential,family}'	자바 호칭	가족 호칭
l1_d17_t05	1	대화17	A	5	Om, Tante?	Om, Tante?	옴, 딴떼?		'{essential,family}'	삼촌·이모	가족 호칭
l1_d17_t06	1	대화17	B	6	Om = paman, Tante = bibi.	Om = 삼촌, Tante = 이모.	옴 = 빠만, 딴떼 = 비비.		'{essential,family}'		가족 호칭
l6_d37_t01	6	대화37	A	1	Selamat pagi sayang.	좋은 아침 자기.	슬라맛 빠기 사양.	sayang = 자기	'{intimate,morning,sensual}'	신혼 morning after	morning after 호텔
l6_d37_t02	6	대화37	B	2	Pagi. Aku belum mau bangun.	아침. 일어나기 싫어.	빠기. 아꾸 블룸 마우 방운.	bangun = 일어나다	'{intimate,morning,sensual}'		침대
l6_d37_t03	6	대화37	A	3	Kasur enak banget gini.	침대 너무 좋아.	까수르 에낙 방엣 기니.	enak = 좋은	'{intimate,morning,sensual}'	lazy morning	침대
l6_d37_t04	6	대화37	B	4	Peluk aku lagi 5 menit.	5분 더 안아.	쁠룩 아꾸 라기 리마 므닛.		'{intimate,morning,sensual}'		침대
l6_d37_t05	6	대화37	A	5	Boleh, sambil lihat sunrise.	응, 일출 보면서.	볼레, 삼빌 리핫 선라이즈.	sunrise = 영어	'{intimate,morning,sensual}'		침대
l6_d37_t06	6	대화37	B	6	Rambut kamu lucu acak-acakan.	머리 헝클어진 거 귀여워.	람붓 까무 루쭈 아짝 아짜깐.	acak-acakan = 헝클어진 (reduplication)	'{intimate,morning,sensual}'	sweet observation	침대
l6_d37_t07	6	대화37	A	7	Kamu juga, kayak bidadari.	너도, 천사 같아.	까무 주가, 까야 비다다리.	bidadari = 천사	'{intimate,morning,sensual}'	sweet talk	침대
l6_d37_t08	6	대화37	B	8	Order breakfast in bed?	룸서비스 시킬까?	오르더 브렉퍼스트 인 베드?		'{intimate,morning,sensual}'	호텔 시나리오	침대
l6_d37_t09	6	대화37	A	9	Iya, croissant + kopi.	응, 크루아상 + 커피.	이야, 크루아상 + 꼬삐.		'{intimate,morning,sensual}'		침대
l6_d37_t10	6	대화37	B	10	Sambil cuddling lagi.	안아주면서.	삼빌 커들링 라기.	cuddling = 영어	'{intimate,morning,sensual}'	lazy intimate	침대
l6_d38_t01	6	대화38	A	1	Aku rindu sentuhanmu malam ini.	오늘 밤 네 손길 그리워.	아꾸 린두 슨뚜한무 말람 이니.		'{intimate,sext,long_distance}'	long distance	장거리 sext
l6_d38_t02	6	대화38	B	2	Aku juga... bayangin kamu sekarang.	나도... 너 상상.	아꾸 주가... 바양인 까무 스까랑.	bayangin = 상상하다	'{intimate,sext,long_distance}'	sensual	WhatsApp
l6_d38_t03	6	대화38	A	3	Pakai apa sekarang?	뭐 입고 있어?	빠까이 아빠 스까랑?		'{intimate,sext,long_distance}'	suggestive	WhatsApp
l6_d38_t04	6	대화38	B	4	Kaos kamu yang abu.	네 회색 티셔츠.	까오스 까무 양 아부.	kaos = 티셔츠, abu = 회색	'{intimate,sext,long_distance}'	sentimental	WhatsApp
l6_d38_t05	6	대화38	A	5	Wah, aku iri sama kaos itu.	와, 그 티셔츠 부럽.	와, 아꾸 이리 사마 까오스 이뚜.	iri = 부럽다	'{intimate,sext,long_distance}'	playful	WhatsApp
l6_d38_t06	6	대화38	B	6	Hahaha! Kapan kamu pulang?	하하! 언제 와?	하하하! 까빤 까무 뿔랑?		'{intimate,sext,long_distance}'		WhatsApp
l6_d38_t07	6	대화38	A	7	Jumat malam. 3 hari lagi.	금요일 밤. 3일.	주맛 말람. 띠가 하리 라기.		'{intimate,sext,long_distance}'		WhatsApp
l6_d38_t08	6	대화38	B	8	Aku siapin hadiah kejutan.	깜짝 선물 준비.	아꾸 시아삔 하디아 끄주딴.	kejutan = 깜짝	'{intimate,sext,long_distance}'		WhatsApp
l6_d38_t09	6	대화38	A	9	Penasaran sekarang.	궁금.	쁘나사란 스까랑.	penasaran = 궁금한	'{intimate,sext,long_distance}'		WhatsApp
l6_d38_t10	6	대화38	B	10	Sabar ya, akan worth it.	인내, worth it.	사바르 야, 아깐 워스 잇.	worth it = 영어	'{intimate,sext,long_distance}'	tease	WhatsApp
l6_d39_t01	6	대화39	A	1	Aku booking villa Ubud weekend.	주말 우붓 빌라 예약.	아꾸 부킹 빌라 우붓 위켄드.	villa = 영어	'{intimate,trip,bali}'	둘이 weekend	weekend Bali trip
l6_d39_t02	6	대화39	B	2	Wah, romantic banget!	와, 로맨틱!	와, 로맨띡 방엣!		'{intimate,trip,bali}'		집
l6_d39_t03	6	대화39	A	3	Private pool, view sawah.	프라이빗 풀, 논 뷰.	프라이벗 뿔, 뷰 사와.		'{intimate,trip,bali}'		집
l6_d39_t04	6	대화39	B	4	Bawa baju renang seksi aku.	섹시 수영복 가져갈게.	바와 바주 르낭 섹시 아꾸.	baju renang = 수영복	'{intimate,trip,bali}'	suggestive	집
l6_d39_t05	6	대화39	A	5	Yang biru itu? Aku suka.	파란 거? 좋아.	양 비루 이뚜? 아꾸 수까.		'{intimate,trip,bali}'		집
l6_d39_t06	6	대화39	B	6	Plus dinner di rooftop bar.	+ 옥상 바 디너.	플러스 디너 디 루프똡 바.		'{intimate,trip,bali}'		집
l6_d39_t07	6	대화39	A	7	Sunset cocktails. Sempurna.	일몰 칵테일. 완벽.	선셋 칵테일스. 슴뿌르나.		'{intimate,trip,bali}'		집
l6_d39_t08	6	대화39	B	8	Massage couple di spa juga.	spa 커플 마사지.	마사지 커플 디 스파 주가.		'{intimate,trip,bali}'	sensual	집
l6_d39_t09	6	대화39	A	9	Dipijat bareng = surga.	같이 마사지 = 천국.	디삐잣 바릉 = 수르가.	dipijat = 마사지 받다	'{intimate,trip,bali}'		집
l6_d39_t10	6	대화39	B	10	Aku nggak sabar weekend!	주말 못 기다려!	아꾸 응각 사바르 위켄드!		'{intimate,trip,bali}'		집
l6_d40_t01	6	대화40	A	1	Mau masak pasta bareng?	같이 파스타?	마우 마삭 빠스따 바릉?		'{intimate,cooking,sensual}'	together cooking	함께 요리
l6_d40_t02	6	대화40	B	2	Boleh! Aku potong bawang.	응! 양파 자를게.	볼레! 아꾸 뽀똥 바왕.	potong = 자르다, bawang = 양파	'{intimate,cooking,sensual}'		주방
l6_d40_t03	6	대화40	A	3	Hati-hati pisau tajam.	칼 날카로워 조심.	하띠 하띠 삐사우 따잠.	pisau = 칼, tajam = 날카로운	'{intimate,cooking,sensual}'		주방
l6_d40_t04	6	대화40	B	4	Kamu peluk dari belakang ya.	뒤에서 안아.	까무 쁠룩 다리 블라깡 야.	belakang = 뒤	'{intimate,cooking,sensual}'	sensual position	주방
l6_d40_t05	6	대화40	A	5	Hahaha, romantis banget.	하하, 로맨틱.	하하하, 로맨띠스 방엣.		'{intimate,cooking,sensual}'		주방
l6_d40_t06	6	대화40	B	6	Cium pundak aku.	어깨 키스.	찌움 뿐닥 아꾸.	pundak = 어깨	'{intimate,cooking,sensual}'	intimate	주방
l6_d40_t07	6	대화40	A	7	Wangi parfum kamu.	향수 향기.	왕이 빠르품 까무.	parfum = 영어	'{intimate,cooking,sensual}'	sensory	주방
l6_d40_t08	6	대화40	B	8	Pasta gosong nih kalau gini.	이러면 파스타 탄다.	빠스따 고송 니 깔라우 기니.	gosong = 탄	'{intimate,cooking,sensual}'	playful	주방
l6_d40_t09	6	대화40	A	9	Biarin gosong, aku lapar kamu.	타도 돼, 너 원해.	비아린 고송, 아꾸 라빠르 까무.	biarin = 두다, lapar = 배고픈	'{intimate,cooking,sensual}'	suggestive	주방
l6_d40_t10	6	대화40	B	10	Hahaha! Kamu nakal.	하하! 너 장난꾸러기.	하하하! 까무 나깔.	nakal = 장난·짓궂은	'{intimate,cooking,sensual}'		주방
l6_d41_t01	6	대화41	A	1	5 tahun nikah, gila ya.	결혼 5년, 미친다.	리마 따훈 니까, 길라 야.		'{intimate,anniversary,sweet}'	결혼 5주년	결혼 5주년
l6_d41_t02	6	대화41	B	2	Cepat banget rasanya.	빠르네 느낌이.	쯔빳 방엣 라사냐.		'{intimate,anniversary,sweet}'		집
l6_d41_t03	6	대화41	A	3	Aku reservasi restoran kemarin.	어제 식당 예약.	아꾸 레세르바시 레스또란 끄마린.	reservasi = 예약	'{intimate,anniversary,sweet}'		집
l6_d41_t04	6	대화41	B	4	Restoran apa? Kasih tau.	어떤 식당? 알려줘.	레스또란 아빠? 까시 따우.		'{intimate,anniversary,sweet}'		집
l6_d41_t05	6	대화41	A	5	Surprise. Pakai dress merah.	깜짝. 빨간 드레스.	서프라이즈. 빠까이 드레스 메라.	merah = 빨간	'{intimate,anniversary,sweet}'		집
l6_d41_t06	6	대화41	B	6	Yang kamu suka itu?	네가 좋아하는?	양 까무 수까 이뚜?		'{intimate,anniversary,sweet}'		집
l6_d41_t07	6	대화41	A	7	Iya, kamu cantik banget pakai itu.	응, 너 예뻐.	이야, 까무 짠띡 방엣 빠까이 이뚜.		'{intimate,anniversary,sweet}'	sweet	집
l6_d41_t08	6	대화41	B	8	Aku siapin hadiah juga.	나도 선물 준비.	아꾸 시아삔 하디아 주가.		'{intimate,anniversary,sweet}'		집
l6_d41_t09	6	대화41	A	9	Apa? Aku penasaran.	뭐? 궁금.	아빠? 아꾸 쁘나사란.		'{intimate,anniversary,sweet}'		집
l6_d41_t10	6	대화41	B	10	Lihat malam ini saja.	오늘 밤만 봐.	리핫 말람 이니 사자.		'{intimate,anniversary,sweet}'	tease	집
l6_d42_t01	6	대화42	A	1	Mau main pretend dating?	가짜 데이트 놀이?	마우 마인 프리뗀드 데이팅?		'{intimate,playful,game}'	roleplay 게임	pretend dating game
l6_d42_t02	6	대화42	B	2	Pretend gimana?	어떻게?	프리뗀드 기마나?		'{intimate,playful,game}'		집
l6_d42_t03	6	대화42	A	3	Kita pura-pura first date hari ini.	오늘 첫 데이트인 척.	끼따 뿌라 뿌라 퍼스트 데이트 하리 이니.	pura-pura = 척하다 (reduplication)	'{intimate,playful,game}'		집
l6_d42_t04	6	대화42	B	4	Lucu! Aku pakai dress baru.	재밌어! 새 드레스.	루쭈! 아꾸 빠까이 드레스 바루.		'{intimate,playful,game}'		집
l6_d42_t05	6	대화42	A	5	Aku jemput kamu jam 7.	7시 픽업.	아꾸 즘뿟 까무 잠 뚜주.	jemput = 데리러 가다	'{intimate,playful,game}'		집
l6_d42_t06	6	대화42	B	6	Bawa bunga ya, biar real.	꽃 가져와, 진짜처럼.	바와 붕아 야, 비아르 리얼.		'{intimate,playful,game}'		집
l6_d42_t07	6	대화42	A	7	Pasti. Restoran rahasia.	꼭. 비밀 식당.	빠스띠. 레스또란 라하시아.	rahasia = 비밀	'{intimate,playful,game}'		집
l6_d42_t08	6	대화42	B	8	Mood awkward awal-awal date.	데이트 초반 어색 모드.	무드 어쿼드 아왈 아왈 데이트.	awal-awal = reduplication 초반	'{intimate,playful,game}'		집
l6_d42_t09	6	대화42	A	9	Hahaha aku grogi pura-pura juga.	하하 척만 해도 긴장.	하하하 아꾸 그로기 뿌라 뿌라 주가.		'{intimate,playful,game}'		집
l6_d42_t10	6	대화42	B	10	Tapi ending sama, peluk + cium.	엔딩 같음, 안기 + 키스.	따삐 엔딩 사마, 쁠룩 + 찌움.		'{intimate,playful,game}'		집
l6_d43_t01	6	대화43	B	1	Aku nginep di tempat kamu malam ini?	오늘 밤 너 집에서 잘까?	아꾸 응이넙 디 뜸빳 까무 말람 이니?		'{intimate,sleepover,first}'	첫 외박	첫 외박
l6_d43_t02	6	대화43	A	2	Boleh banget! Tapi kasih tau orang tua?	좋아! 부모님께 알려?	볼레 방엣! 따삐 까시 따우 오랑 뚜아?	orang tua = 부모	'{intimate,sleepover,first}'		집
l6_d43_t03	6	대화43	B	3	Aku bilang nginep di Lala.	랄라 집이라고.	아꾸 빌랑 응이넙 디 랄라.	bilang = 말하다 (구어)	'{intimate,sleepover,first}'	white lie	집
l6_d43_t04	6	대화43	A	4	Lala tahu?	랄라 알아?	랄라 따후?		'{intimate,sleepover,first}'		집
l6_d43_t05	6	대화43	B	5	Iya, dia cover aku.	응, 커버해줘.	이야, 디아 커버 아꾸.	cover = 영어	'{intimate,sleepover,first}'		집
l6_d43_t06	6	대화43	A	6	Aku bawa pizza + film.	피자 + 영화.	아꾸 바와 핏자 + 필름.		'{intimate,sleepover,first}'		집
l6_d43_t07	6	대화43	B	7	Sweet. Aku siapin selimut hangat.	sweet. 따뜻한 이불.	스윗. 아꾸 시아삔 슬리뭇 항앗.		'{intimate,sleepover,first}'		집
l6_d43_t08	6	대화43	A	8	Aku gugup sebenarnya.	사실 긴장.	아꾸 구굽 스브나르냐.		'{intimate,sleepover,first}'	진심	집
l6_d43_t09	6	대화43	B	9	Sama. Tapi seru.	나도. 그래도 재밌어.	사마. 따삐 스루.		'{intimate,sleepover,first}'		집
l6_d43_t10	6	대화43	A	10	Sampai nanti malam, sayang.	이따 밤에 봐, 자기.	삼빠이 난띠 말람, 사양.		'{intimate,sleepover,first}'		집
l6_d44_t01	6	대화44	A	1	Punggung kamu kenceng banget.	등 빡셈.	뿡궁 까무 끈쩡 방엣.	kenceng = kencang 구어	'{intimate,massage,touch}'	마사지 친밀	집 — 마사지 친밀
l6_d44_t02	6	대화44	B	2	Tekan pelan-pelan ya.	천천히 눌러.	뜨깐 쁠란 쁠란 야.		'{intimate,massage,touch}'		집
l6_d44_t03	6	대화44	A	3	Pakai oil lavender favorit kamu.	라벤더 오일.	빠까이 오일 라벤더 파보릿 까무.	oil = 영어	'{intimate,massage,touch}'		집
l6_d44_t04	6	대화44	B	4	Mmm wangi banget.	음 향기.	음 왕이 방엣.		'{intimate,massage,touch}'	sensory	집
l6_d44_t05	6	대화44	A	5	Bahu kamu lebar, susah jangkau.	어깨 넓어, 어렵.	바후 까무 르바르, 수사 장까우.	bahu = 어깨, jangkau = 닿다	'{intimate,massage,touch}'		집
l6_d44_t06	6	대화44	B	6	Naik atas, biar gampang.	위로 올라와, 쉽게.	나익 아따스, 비아르 감빵.	naik = 오르다, atas = 위	'{intimate,massage,touch}'	sensual position	집
l6_d44_t07	6	대화44	A	7	Eh, dekat banget gini.	오, 가까워.	에, 드깟 방엣 기니.		'{intimate,massage,touch}'	tension	집
l6_d44_t08	6	대화44	B	8	Lanjut pijat jangan berhenti.	계속 마사지, 멈추지 마.	란줏 삐잣 장안 브르흔띠.	berhenti = 멈추다	'{intimate,massage,touch}'		집
l6_d44_t09	6	대화44	A	9	Susah konsentrasi gini posisinya.	이 자세 집중 어려워.	수사 콘센트라시 기니 뽀시시냐.	posisi = 자세	'{intimate,massage,touch}'	suggestive	집
l6_d44_t10	6	대화44	B	10	Hahaha, kalau gitu istirahat dulu.	하하, 그럼 휴식.	하하하, 깔라우 기뚜 이스띠라핫 둘루.	istirahat = 휴식	'{intimate,massage,touch}'	playful	집
l5_d11_t01	5	대화11	B	1	BTS comeback live mulai 5 menit lagi!	BTS 컴백 라이브 5분 후!	베떼에스 컴백 라이브 물라이 리마 므닛 라기!		'{kpop,cross_purpose,realize}'	cross 마무리	BTS 컴백 본방
l5_d11_t02	5	대화11	A	2	Aku siap pop corn + selimut.	팝콘 + 이불 준비.	아꾸 시압 빱 코른 + 슬리뭇.		'{kpop,cross_purpose,realize}'	A 따라감	A 집
l5_d11_t03	5	대화11	B	3	Eh, kamu beneran nonton K-pop?	어, 정말 K-pop?	에, 까무 브너란 논똔 케이팝?		'{kpop,cross_purpose,realize}'	B 의심	A 집
l5_d11_t04	5	대화11	A	4	Iya, aku belajar buat kamu.	응, 너 위해 배움.	이야, 아꾸 블라자르 부앗 까무.		'{kpop,cross_purpose,realize}'	A 진심	A 집
l5_d11_t05	5	대화11	B	5	Eh, sweet juga ya kamu.	오, 너 sweet 하네.	에, 스윗 주가 야 까무.		'{kpop,cross_purpose,realize}'	B 깨달음	A 집
l5_d11_t06	5	대화11	A	6	Aku suka kamu, sebenarnya.	솔직히 너 좋아해.	아꾸 수까 까무, 스브나르냐.		'{kpop,cross_purpose,realize}'	고백	A 집
l5_d11_t07	5	대화11	B	7	Aku tahu kok dari awal.	처음부터 알았어.	아꾸 따후 꼭 다리 아왈.		'{kpop,cross_purpose,realize}'	반전 — B 다 알고 있었음	A 집
l5_d11_t08	5	대화11	A	8	Eh? Sejak kapan?	어? 언제부터?	에? 스작 까빤?		'{kpop,cross_purpose,realize}'		A 집
l5_d11_t09	5	대화11	B	9	Sejak d05 di kafe.	d05 카페부터.	스작 데 리마 디 까페.		'{kpop,cross_purpose,realize}'	메타 농담	A 집
l5_d11_t10	5	대화11	A	10	Wah, kenapa nggak respond?	왜 응답 안 했어?	와, 끄나빠 응각 리스폰?	respond = 영어	'{kpop,cross_purpose,realize}'		A 집
l5_d11_t11	5	대화11	B	11	Lagi tunggu kamu confess langsung.	직접 고백 기다림.	라기 뚱구 까무 컨페스 랑숭.	confess = 영어	'{kpop,cross_purpose,realize}'	반전	A 집
l5_d11_t12	5	대화11	A	12	Live mulai. Habis live, dating?	라이브 시작. 끝나고 데이트?	라이브 물라이. 하비스 라이브, 데이팅?		'{kpop,cross_purpose,realize}'	arc 결말	A 집
l5_d12_t01	5	대화12	A	1	Aku daftar kelas Korea hari ini.	오늘 한국어 수업 등록.	아꾸 다프따르 끌라스 꼬레아 하리 이니.	kelas = 수업	'{kpop,study,korean_lang}'	한국어 학원	한국어 학원
l5_d12_t02	5	대화12	B	2	Wah, level apa?	와, 어느 레벨?	와, 레블 아빠?	level = 영어	'{kpop,study,korean_lang}'		카페
l5_d12_t03	5	대화12	A	3	Pemula. Hangeul belum lancar.	초급. 한글 아직.	쁘물라. 한글 블룸 란짜르.	pemula = 초보, lancar = 능숙한	'{kpop,study,korean_lang}'		카페
l5_d12_t04	5	대화12	B	4	Aku juga belajar! Bareng?	나도! 같이?	아꾸 주가 블라자르! 바릉?		'{kpop,study,korean_lang}'		카페
l5_d12_t05	5	대화12	A	5	Boleh! Schedule weekend.	좋아! 주말 schedule.	볼레! 스케줄 위켄드.	schedule = 영어	'{kpop,study,korean_lang}'		카페
l5_d12_t06	5	대화12	B	6	Sabtu pagi. Lokasi mana?	토요일 아침. 어디?	삽뚜 빠기. 로까시 마나?	lokasi = 위치	'{kpop,study,korean_lang}'		카페
l5_d12_t07	5	대화12	A	7	Korea Foundation, Senayan.	Korea Foundation, Senayan.	꼬레아 파운데이션, 스나얀.		'{kpop,study,korean_lang}'	자카르타 한국어 기관	카페
l5_d12_t08	5	대화12	B	8	Free atau bayar?	무료? 유료?	프리 아따우 바야르?	free = 영어	'{kpop,study,korean_lang}'		카페
l5_d12_t09	5	대화12	A	9	Bayar, tapi murah, 500K.	유료, 50만 루피아.	바야르, 따삐 무라, 리마 라뚜스 까.		'{kpop,study,korean_lang}'	인니 화폐 단위	카페
l5_d12_t10	5	대화12	B	10	Worth it. Sekalian belajar K-drama.	worth it. K-drama 도.	워스 잇. 스깔리안 블라자르 케이드라마.		'{kpop,study,korean_lang}'		카페
l5_d12_t11	5	대화12	A	11	Setelah kelas, makan kimbap?	수업 후 김밥?	스뜰라 끌라스, 마깐 김밥?		'{kpop,study,korean_lang}'	한식 일상	카페
l5_d12_t12	5	대화12	B	12	Pasti! Sampai Sabtu.	꼭! 토요일.	빠스띠! 삼빠이 삽뚜.		'{kpop,study,korean_lang}'		카페
l5_d13_t01	5	대화13	B	1	Aku join K-pop dance studio Jakarta.	K-pop 댄스 스튜디오 가입.	아꾸 조인 케이팝 댄스 스튜디오 자카르타.	join = 영어	'{kpop,dance,studio}'	K-pop 댄스 학원	K-pop 댄스 학원
l5_d13_t02	5	대화13	A	2	Wah, lagi belajar choreo apa?	어떤 안무 배워?	와, 라기 블라자르 안무 아빠?	choreo = 안무	'{kpop,dance,studio}'		카페
l5_d13_t03	5	대화13	B	3	Standing Next to You by Jungkook.	Jungkook Standing Next to You.	스탠딩 넥스트 투 유 바이 정국.		'{kpop,dance,studio}'	BTS 솔로곡	카페
l5_d13_t04	5	대화13	A	4	Susah banget kayaknya.	어려울 듯.	수사 방엣 까야꺄.		'{kpop,dance,studio}'		카페
l5_d13_t05	5	대화13	B	5	Iya, footwork cepat. Latihan tiap hari.	풋워크 빠름. 매일 연습.	이야, 풋워크 쯔빳. 라띠한 띠압 하리.	footwork = 영어, latihan = 연습	'{kpop,dance,studio}'		카페
l5_d13_t06	5	대화13	A	6	Berapa lama latihan?	얼마나 연습?	브라빠 라마 라띠한?		'{kpop,dance,studio}'		카페
l5_d13_t07	5	대화13	B	7	2 jam, plus stretching 30 menit.	2시간 + 스트레칭 30분.	두아 잠, 플러스 스트레칭 띠가 뿔루 므닛.		'{kpop,dance,studio}'		카페
l5_d13_t08	5	대화13	A	8	Akhirnya recital kapan?	발표회 언제?	아키르냐 리시탈 까빤?	recital = 영어	'{kpop,dance,studio}'		카페
l5_d13_t09	5	대화13	B	9	Bulan depan, di mall Senayan.	다음 달, Senayan 몰.	불란 드빤, 디 몰 스나얀.		'{kpop,dance,studio}'		카페
l5_d13_t10	5	대화13	A	10	Aku datang nonton ya.	구경 갈게.	아꾸 다땅 논똔 야.		'{kpop,dance,studio}'		카페
l5_d13_t11	5	대화13	B	11	Wah, makasih support.	와, 응원 감사.	와, 마까시 서포트.	support = 영어	'{kpop,dance,studio}'		카페
l5_d13_t12	5	대화13	A	12	Aku rekam, share di IG.	녹화, IG 공유.	아꾸 르깜, 셰어 디 IG.	rekam = 녹화	'{kpop,dance,studio}'		카페
l5_d14_t01	5	대화14	A	1	Mau ikut Korean cooking class?	한식 요리 클래스?	마우 이꿋 코리안 쿠킹 클래스?	cooking class = 영어	'{kpop,cooking,korean_food}'	한식 요리	한식 요리 클래스
l5_d14_t02	5	대화14	B	2	Boleh! Apa menu?	좋아! 메뉴?	볼레! 아빠 메누?		'{kpop,cooking,korean_food}'		카페
l5_d14_t03	5	대화14	A	3	Kimchi, bibimbap, japchae.	김치, 비빔밥, 잡채.	김치, 비빔밥, 잡채.		'{kpop,cooking,korean_food}'	한식 메뉴	카페
l5_d14_t04	5	대화14	B	4	Bahan-bahan susah dapat di sini?	여기서 재료 구하기 어려워?	바한 바한 수사 다빳 디 시니?	bahan = 재료 (reduplication)	'{kpop,cooking,korean_food}'		카페
l5_d14_t05	5	대화14	A	5	Lottemart, complete.	롯데마트, 다 있어.	롯데마트, 컴플리트.		'{kpop,cooking,korean_food}'	자카르타 한국 마트	카페
l5_d14_t06	5	대화14	B	6	Wah, mantap. Kapan jadwalnya?	오, 좋다. 언제?	와, 만땁. 까빤 자드왈냐?	jadwal = 일정	'{kpop,cooking,korean_food}'		카페
l5_d14_t07	5	대화14	A	7	Sabtu jam 10 pagi.	토요일 10시.	삽뚜 잠 스뿔루 빠기.		'{kpop,cooking,korean_food}'		카페
l5_d14_t08	5	대화14	B	8	Aku siapin apron.	앞치마 준비.	아꾸 시아삔 에이프런.	apron = 영어	'{kpop,cooking,korean_food}'		카페
l5_d14_t09	5	대화14	A	9	Hahaha biar professional.	하하 프로페셔널.	하하하 비아르 프로페셔널.	professional = 영어	'{kpop,cooking,korean_food}'		카페
l5_d14_t10	5	대화14	B	10	Setelah masak, makan bareng?	요리 후, 같이?	스뜰라 마삭, 마깐 바릉?		'{kpop,cooking,korean_food}'		카페
l5_d14_t11	5	대화14	A	11	Pasti, plus drama Korea.	+ K-drama.	빠스띠, 플러스 드라마 꼬레아.		'{kpop,cooking,korean_food}'		카페
l5_d14_t12	5	대화14	B	12	Best Saturday ever!	최고 토요일!	베스뜨 삽뚜 에버!	best/ever = 영어	'{kpop,cooking,korean_food}'		카페
l5_d15_t01	5	대화15	A	1	Hari ini cafe hopping IG-able?	오늘 IG 카페 호핑?	하리 이니 까페 호핑 IG 에이블?	IG-able = IG 잘 나오는 (구어)	'{kpop,cafe,instagram}'	카페 호핑	카페 호핑 IG
l5_d15_t02	5	대화15	B	2	Boleh! Ada list 5 cafe.	좋아! 5개 카페 리스트.	볼레! 아다 리스뜨 리마 까페.	list = 영어	'{kpop,cafe,instagram}'		집
l5_d15_t03	5	대화15	A	3	Mulai dari Senopati?	Senopati 부터?	물라이 다리 스노빠띠?		'{kpop,cafe,instagram}'	자카르타 핫플	집
l5_d15_t04	5	대화15	B	4	Iya, terus Kemang dan PIK.	응, Kemang, PIK.	이야, 뜨루스 끄망 단 삐익.		'{kpop,cafe,instagram}'		집
l5_d15_t05	5	대화15	A	5	Kafe pertama interior gimana?	첫 카페 인테리어?	까페 쁘르따마 인떼리오르 기마나?	interior = 영어	'{kpop,cafe,instagram}'		집
l5_d15_t06	5	대화15	B	6	Pink, full of dried flowers.	핑크, 드라이 플라워.	핑크, 풀 오프 드라이드 플라워스.		'{kpop,cafe,instagram}'	IG 핫플	집
l5_d15_t07	5	대화15	A	7	Outfit aku pakai apa ya?	뭐 입어?	아웃핏 아꾸 빠까이 아빠 야?	outfit = 영어	'{kpop,cafe,instagram}'		집
l5_d15_t08	5	대화15	B	8	Pastel pink atau cream.	파스텔 핑크 또는 크림.	빠스뗄 핑크 아따우 크림.		'{kpop,cafe,instagram}'	IG 톤	집
l5_d15_t09	5	대화15	A	9	Foto banyak, post 1 favorit.	사진 많이, 1개 best.	포또 바냑, 포스뜨 사뚜 파보릿.		'{kpop,cafe,instagram}'		집
l5_d15_t10	5	대화15	B	10	Caption aesthetic vibes.	에스테틱 캡션.	캡션 에스테띡 바이브스.	aesthetic = 영어	'{kpop,cafe,instagram}'		집
l5_d15_t11	5	대화15	A	11	Lunch dimana?	점심 어디?	런치 디마나?		'{kpop,cafe,instagram}'		집
l5_d15_t12	5	대화15	B	12	Korean BBQ Senopati.	Korean BBQ Senopati.	코리안 바비큐 스노빠띠.		'{kpop,cafe,instagram}'		집
l5_d16_t01	5	대화16	A	1	Aku join book club di Kemang.	Kemang 북클럽 가입.	아꾸 조인 북 클럽 디 끄망.		'{kpop,book_club,reading}'	북클럽	북클럽 Kemang
l5_d16_t02	5	대화16	B	2	Buku apa lagi dibaca?	무슨 책 읽어?	부꾸 아빠 라기 디바짜?	buku = 책, dibaca = 읽히는	'{kpop,book_club,reading}'		카페
l5_d16_t03	5	대화16	A	3	Pachinko, Min Jin Lee.	Pachinko, Min Jin Lee.	파친코, 민진리.		'{kpop,book_club,reading}'	한국계 미국 작가	카페
l5_d16_t04	5	대화16	B	4	Wah, drama Apple TV juga ada!	와, 애플TV 드라마도!	와, 드라마 애플 띠비 주가 아다!		'{kpop,book_club,reading}'	OTT	카페
l5_d16_t05	5	대화16	A	5	Diskusi tema besar minggu depan.	큰 주제 토론 다음 주.	디스꾸시 떼마 브사르 밍구 드빤.	diskusi = 토론	'{kpop,book_club,reading}'		카페
l5_d16_t06	5	대화16	B	6	Tema apa?	주제는?	떼마 아빠?		'{kpop,book_club,reading}'		카페
l5_d16_t07	5	대화16	A	7	Identitas Korea diaspora di Jepang.	재일 한국인 정체성.	이덴띠따스 꼬레아 디아스포라 디 즈빵.	identitas = 정체성, diaspora = 영어	'{kpop,book_club,reading}'	Pachinko 주제	카페
l5_d16_t08	5	대화16	B	8	Heavy banget. Cocok kamu.	무겁네. 너 어울려.	헤비 방엣. 쪼쪽 까무.	heavy = 영어	'{kpop,book_club,reading}'		카페
l5_d16_t09	5	대화16	A	9	Mau ikut diskusi?	토론 참여?	마우 이꿋 디스꾸시?		'{kpop,book_club,reading}'		카페
l5_d16_t10	5	대화16	B	10	Boleh, aku baca dulu.	응, 읽고.	볼레, 아꾸 바짜 둘루.		'{kpop,book_club,reading}'		카페
l5_d16_t11	5	대화16	A	11	Mantap, member baru.	좋아, 신규 멤버.	만땁, 멤버 바루.		'{kpop,book_club,reading}'		카페
l5_d16_t12	5	대화16	B	12	Aku siapin notes.	노트 준비.	아꾸 시아삔 노츠.	notes = 영어	'{kpop,book_club,reading}'		카페
l4_d25_t01	4	대화16	A	1	Sunrise Borobudur dimulai jam 4 pagi.	Borobudur 일출 4시.	선라이즈 보로부두르 디물라이 잠 음빳 빠기.		'{travel,yogya,borobudur}'	Borobudur 일출 투어	Borobudur
l4_d25_t02	4	대화16	B	2	Wow, harus bangun pagi sekali.	와, 일찍 일어나야.	와우, 하루스 방운 빠기 스깔리.		'{travel,yogya,borobudur}'		Yogyakarta
l4_d25_t03	4	대화16	A	3	Worth it. View magic.	worth it. 뷰 magic.	워스 잇. 뷰 매직.		'{travel,yogya,borobudur}'		Borobudur
l4_d25_t04	4	대화16	B	4	Tiket berapa?	티켓?	띠껫 브라빠?		'{travel,yogya,borobudur}'		Borobudur
l4_d25_t05	4	대화16	A	5	450K untuk asing.	외국인 45만.	음빳 라뚜스 리마 뿔루 까 운뚝 아싱.	asing = 외국인	'{travel,yogya,borobudur}'	인니 외국인 가격 차등	Borobudur
l4_d25_t06	4	대화16	B	6	Mahal! Tapi sekali seumur hidup.	비싸! 평생 한 번.	마할! 따삐 스깔리 스우무르 히둡.		'{travel,yogya,borobudur}'		Borobudur
l4_d25_t07	4	대화16	A	7	Pakai sarung wajib.	sarong 필수.	빠까이 사룽 와집.	sarung = 사룽 (전통 천), wajib = 필수	'{travel,yogya,borobudur}'	문화 매너	Borobudur
l4_d25_t08	4	대화16	B	8	Aku siap, banyak foto.	준비, 사진 많이.	아꾸 시압, 바냑 포또.		'{travel,yogya,borobudur}'		Borobudur
l4_d26_t01	4	대화17	A	1	Malam ini Malioboro.	오늘 밤 Malioboro.	말람 이니 말리오보로.		'{travel,yogya,night}'	Yogya 메인 거리	Malioboro 야시장
l4_d26_t02	4	대화17	B	2	Pasar malam terkenal kan?	유명 야시장?	빠사르 말람 뜨르끄날 깐?	pasar malam = 야시장	'{travel,yogya,night}'		Malioboro
l4_d26_t03	4	대화17	A	3	Iya, batik, kaos, lukisan.	응, 바틱·티셔츠·그림.	이야, 바띡, 까오스, 루끼산.	batik = 인니 전통, lukisan = 그림	'{travel,yogya,night}'		Malioboro
l4_d26_t04	4	대화17	B	4	Tawar harga ya?	흥정?	따와르 하르가 야?	tawar = 흥정	'{travel,yogya,night}'		Malioboro
l4_d26_t05	4	대화17	A	5	Pasti, mulai 50% off.	꼭, 50% 부터.	빠스띠, 물라이 리마 뿔루 퍼센 오프.		'{travel,yogya,night}'		Malioboro
l4_d26_t06	4	대화17	B	6	Coba gudeg juga?	gudeg 도?	쪼바 구득 주가?	gudeg = Yogya 대표 음식	'{travel,yogya,night}'	Yogya 명물	Malioboro
l4_d26_t07	4	대화17	A	7	Yu Djum legendaris.	Yu Djum 전설.	유 줌 레전다리스.		'{travel,yogya,night}'	Yogya 유명 식당	Yogya
l4_d26_t08	4	대화17	B	8	Pesan 2 porsi!	2인분!	쁘산 두아 뽀르시!	porsi = 1인분	'{travel,yogya,night}'		Yogya
l4_d27_t01	4	대화18	A	1	Besok Tangkuban Perahu, gunung berapi.	내일 Tangkuban Perahu 화산.	베속 땅꾸반 쁘라후, 구눙 브르아삐.	gunung berapi = 화산	'{travel,bandung,volcano}'	Bandung 화산	Bandung Tangkuban Perahu
l4_d27_t02	4	대화18	B	2	Wah, masih aktif?	와, 활화?	와, 마시 악띱?	aktif = 영어	'{travel,bandung,volcano}'		Bandung
l4_d27_t03	4	대화18	A	3	Aktif, tapi aman dilihat.	활화, 안전 관람.	악띱, 따삐 아만 디리핫.		'{travel,bandung,volcano}'		Bandung
l4_d27_t04	4	대화18	B	4	Bawa jaket?	잠바?	바와 자껫?		'{travel,bandung,volcano}'		Bandung
l4_d27_t05	4	대화18	A	5	Pasti, dingin di atas.	꼭, 위 추워.	빠스띠, 딩인 디 아따스.		'{travel,bandung,volcano}'		Bandung
l4_d27_t06	4	대화18	B	6	Kawah jelas terlihat?	분화구 잘 보여?	까와 즐라스 뜨르리핫?	kawah = 분화구	'{travel,bandung,volcano}'		Bandung
l4_d27_t07	4	대화18	A	7	Iya, ada uap belerang.	응, 유황 증기.	이야, 아다 우압 블르랑.	uap = 증기, belerang = 유황	'{travel,bandung,volcano}'		Bandung
l4_d27_t08	4	대화18	B	8	Pakai masker?	마스크?	빠까이 마스꺼르?		'{travel,bandung,volcano}'		Bandung
l4_d28_t01	4	대화19	A	1	Bandung kafe banyak banget.	Bandung 카페 많아.	반둥 까페 바냑 방엣.		'{travel,bandung,shopping}'	Bandung 카페 천국	Bandung 카페·outlet
l4_d28_t02	4	대화19	B	2	Recommend?	추천?	레꼬멘드?		'{travel,bandung,shopping}'		Bandung
l4_d28_t03	4	대화19	A	3	Lawangwangi, view bukit.	Lawangwangi, 언덕 뷰.	라왕왕이, 뷰 부낏.	bukit = 언덕	'{travel,bandung,shopping}'	Bandung 카페	Bandung
l4_d28_t04	4	대화19	B	4	IG-able banget.	IG 잘 나와.	IG 에이블 방엣.		'{travel,bandung,shopping}'		Bandung
l4_d28_t05	4	대화19	A	5	Setelah kafe, factory outlet?	카페 후, factory outlet?	스뜰라 까페, 팩토리 아웃렛?		'{travel,bandung,shopping}'	Bandung outlet 유명	Bandung
l4_d28_t06	4	대화19	B	6	Iya! Belanja branded murah.	응! 브랜드 저렴.	이야! 블란자 브랜디드 무라.	belanja = 쇼핑	'{travel,bandung,shopping}'		Bandung
l4_d28_t07	4	대화19	A	7	Cek RIIN dan Heritage.	RIIN, Heritage.	쩩 리인 단 헤리티지.		'{travel,bandung,shopping}'	Bandung outlet	Bandung
l4_d28_t08	4	대화19	B	8	Bawa koper besar deh.	큰 캐리어.	바와 꼬뻐르 브사르 데.	koper = 캐리어	'{travel,bandung,shopping}'		Bandung
l4_d29_t01	4	대화20	A	1	Gili Air, no motor!	Gili Air, 오토바이 X!	길리 아이르, 노 모토르!		'{travel,lombok,gili}'	Gili 자동차 X 룰	Lombok Gili Air
l4_d29_t02	4	대화20	B	2	Wah, transport apa?	교통은?	와, 트란스뽀르 아빠?		'{travel,lombok,gili}'		Gili
l4_d29_t03	4	대화20	A	3	Cidomo (kuda) atau sepeda.	cidomo (말) 또는 자전거.	찌도모 (꾸다) 아따우 스뻬다.	cidomo = Gili 마차, kuda = 말	'{travel,lombok,gili}'	문화	Gili
l4_d29_t04	4	대화20	B	4	Snorkeling juga ada?	스노클링도?	스노르끌링 주가 아다?	snorkeling = 영어	'{travel,lombok,gili}'		Gili
l4_d29_t05	4	대화20	A	5	Iya, koral cantik + turtle.	산호 + 거북이.	이야, 꼬랄 짠띡 + 떠르틀.	koral = 산호, turtle = 영어	'{travel,lombok,gili}'		Gili
l4_d29_t06	4	대화20	B	6	Wah, bisa renang dekat turtle?	거북이 가까이?	와, 비사 르낭 드깟 떠르틀?	renang = 수영	'{travel,lombok,gili}'		Gili
l4_d29_t07	4	대화20	A	7	Iya, jangan sentuh.	응, 만지지 마.	이야, 장안 슨뚜.		'{travel,lombok,gili}'	환경 매너	Gili
l4_d29_t08	4	대화20	B	8	Pasti, hormati alam.	꼭, 자연 존중.	빠스띠, 호르마띠 알람.	alam = 자연	'{travel,lombok,gili}'		Gili
l4_d30_t01	4	대화21	A	1	Bromo sunrise, jam 3 berangkat.	Bromo 일출, 3시 출발.	브로모 선라이즈, 잠 띠가 브랑깟.		'{travel,bromo,sunrise}'	동자바 화산	Bromo 일출
l4_d30_t02	4	대화21	B	2	Naik jeep ya?	jeep 타?	나익 짚 야?	jeep = 영어	'{travel,bromo,sunrise}'		Bromo
l4_d30_t03	4	대화21	A	3	Iya, ke viewpoint Penanjakan.	Penanjakan 뷰포인트.	이야, 끄 뷰포인트 쁘난자깐.		'{travel,bromo,sunrise}'	Bromo viewpoint	Bromo
l4_d30_t04	4	대화21	B	4	Dingin banget kayaknya.	엄청 추울 듯.	딩인 방엣 까야꺄.		'{travel,bromo,sunrise}'		Bromo
l4_d30_t05	4	대화21	A	5	Pakai jaket tebal + sarung tangan.	두꺼운 잠바 + 장갑.	빠까이 자껫 뜨발 + 사룽 땅안.	sarung tangan = 장갑	'{travel,bromo,sunrise}'		Bromo
l4_d30_t06	4	대화21	B	6	Kawah Bromo deket aktif?	분화구 가까이 활화?	까와 브로모 드껫 악띱?		'{travel,bromo,sunrise}'		Bromo
l4_d30_t07	4	대화21	A	7	Aktif tapi level 1, aman.	활화 레벨 1, 안전.	악띱 따삐 레블 사뚜, 아만.		'{travel,bromo,sunrise}'		Bromo
l4_d30_t08	4	대화21	B	8	Lautan pasir scenery indah.	모래바다 경치.	라우딴 빠시르 시너리 인다.	lautan pasir = 모래바다, indah = 아름다운	'{travel,bromo,sunrise}'	Bromo 명물	Bromo
l4_d31_t01	4	대화22	A	1	Naik kereta executive ke Yogya.	executive 기차 Yogya.	나익 끄레따 익세꾸띠브 끄 욕야.	kereta = 기차	'{travel,train,yogya}'	인니 기차	기차 여행
l4_d31_t02	4	대화22	B	2	Berapa lama?	얼마나?	브라빠 라마?		'{travel,train,yogya}'		기차
l4_d31_t03	4	대화22	A	3	8 jam, nyaman.	8시간, 편안.	들라빤 잠, 냐만.		'{travel,train,yogya}'		기차
l4_d31_t04	4	대화22	B	4	AC + reclining seat?	AC + 등받이?	아쩨 + 리클라이닝 싯?		'{travel,train,yogya}'		기차
l4_d31_t05	4	대화22	A	5	Iya, plus snack disediakan.	응, 스낵 제공.	이야, 플러스 스낵 디스디아깐.	disediakan = 제공되다	'{travel,train,yogya}'		기차
l4_d31_t06	4	대화22	B	6	Pemandangan?	경치?	쁘만당안?		'{travel,train,yogya}'		기차
l4_d31_t07	4	대화22	A	7	Sawah hijau + gunung.	녹색 논 + 산.	사와 히자우 + 구눙.	hijau = 녹색	'{travel,train,yogya}'	자바 풍경	기차
l4_d31_t08	4	대화22	B	8	Tidur sambil nikmati view.	자면서 view.	띠두르 삼빌 닉마띠 뷰.	nikmati = 즐기다	'{travel,train,yogya}'		기차
l4_d32_t01	4	대화23	A	1	Amed Bali, dive spot terkenal.	Amed Bali, 다이빙 명소.	아메드 발리, 다이브 스폿 뜨르끄날.	dive = 영어	'{travel,bali,diving}'	발리 동부	Amed dive
l4_d32_t02	4	대화23	B	2	Aku punya certified PADI.	PADI 자격증 있어.	아꾸 뿐야 서티파이드 빠디.	PADI = 다이빙 자격증	'{travel,bali,diving}'		Amed
l4_d32_t03	4	대화23	A	3	Mantap! Dive USS Liberty wreck.	좋다! Liberty 잔해.	만땁! 다이브 유에스에스 리버티 렉.	wreck = 잔해	'{travel,bali,diving}'	Amed 유명 다이브 사이트	Amed
l4_d32_t04	4	대화23	B	4	Wreck dive! Aku nggak sabar.	wreck dive! 못 기다려.	렉 다이브! 아꾸 응각 사바르.		'{travel,bali,diving}'		Amed
l4_d32_t05	4	대화23	A	5	Visibility 20-30m, jernih.	시야 20-30m, 맑아.	비저빌리티 두아 뿔루 띠가 뿔루 메떠르, 즈르니.	jernih = 맑은	'{travel,bali,diving}'		Amed
l4_d32_t06	4	대화23	B	6	Lihat ikan apa banyak?	어떤 물고기?	리핫 이깐 아빠 바냑?	ikan = 물고기	'{travel,bali,diving}'		Amed
l4_d32_t07	4	대화23	A	7	Bumphead, napoleon, mola-mola kalau lucky.	범프헤드·나폴레옹·몰라몰라 운 좋으면.	범프헤드, 나폴레온, 몰라 몰라 깔라우 라키.	mola-mola = 개복치 (reduplication)	'{travel,bali,diving}'	발리 다이브 유명 어종	Amed
l4_d32_t08	4	대화23	B	8	Dream dive!	꿈의 다이브!	드림 다이브!		'{travel,bali,diving}'		Amed
l4_d33_t01	4	대화24	A	1	Surabaya transit ke Bromo?	Surabaya Bromo 환승?	수라바야 트란짓 끄 브로모?	transit = 영어	'{travel,surabaya,transit}'	동자바 거점	Surabaya
l4_d33_t02	4	대화24	B	2	Iya, semalam aja.	응, 1박만.	이야, 스말람 아자.		'{travel,surabaya,transit}'		Surabaya
l4_d33_t03	4	대화24	A	3	House of Sampoerna museum.	Sampoerna 박물관.	하우스 오프 삼뽀에르나 뮤지엄.		'{travel,surabaya,transit}'	담배 박물관	Surabaya
l4_d33_t04	4	대화24	B	4	Free entry?	무료?	프리 엔트리?		'{travel,surabaya,transit}'		Surabaya
l4_d33_t05	4	대화24	A	5	Iya, plus rooftop view.	응, + 옥상 뷰.	이야, 플러스 루프똡 뷰.		'{travel,surabaya,transit}'		Surabaya
l4_d33_t06	4	대화24	B	6	Kuliner Surabaya?	음식?	꿀리네르 수라바야?		'{travel,surabaya,transit}'		Surabaya
l4_d33_t07	4	대화24	A	7	Rawon, sate klopo, rujak cingur.	Rawon, sate klopo, rujak cingur.	라원, 사떼 끌로뽀, 루작 찡우르.		'{travel,surabaya,transit}'	동자바 음식	Surabaya
l4_d33_t08	4	대화24	B	8	Wah, exotic. Aku coba semua!	와! 다 먹어볼래!	와, 익소띡. 아꾸 쪼바 스무아!		'{travel,surabaya,transit}'		Surabaya
l5_d17_t01	5	대화17	A	1	Mau road bike Sentul minggu depan?	다음 주 Sentul 자전거?	마우 로드 바이크 슨뚤 밍구 드빤?	road bike = 영어	'{hobby,sport,cycling}'	Sentul 자전거 명소	Sentul 자전거
l5_d17_t02	5	대화17	B	2	Boleh! Berapa km?	좋아! 몇 km?	볼레! 브라빠 끼로?		'{hobby,sport,cycling}'		WhatsApp
l5_d17_t03	5	대화17	A	3	50K, hilly route.	50km, 언덕길.	리마 뿔루 까, 힐리 루트.	hilly = 영어	'{hobby,sport,cycling}'		WhatsApp
l5_d17_t04	5	대화17	B	4	Wah berat. Aku siap fisik.	힘들겠다. 체력 준비.	와 브랏. 아꾸 시압 피식.	fisik = 체력	'{hobby,sport,cycling}'		WhatsApp
l5_d17_t05	5	대화17	A	5	Helmet + sarung tangan wajib.	헬멧 + 장갑 필수.	헬멧 + 사룽 땅안 와집.	helmet = 영어	'{hobby,sport,cycling}'		WhatsApp
l5_d17_t06	5	대화17	B	6	Aku punya. Bawa juga energy gel.	있어. 에너지 젤도.	아꾸 뿐야. 바와 주가 에너지 젤.	energy gel = 영어	'{hobby,sport,cycling}'		WhatsApp
l5_d17_t07	5	대화17	A	7	Jam 5 pagi mulai, biar nggak panas.	아침 5시, 안 더울 때.	잠 리마 빠기 물라이, 비아르 응각 빠나스.		'{hobby,sport,cycling}'	인니 더위 회피	WhatsApp
l5_d17_t08	5	대화17	B	8	Carpool atau sepeda di mobil masing?	carpool 또는 차에?	카르풀 아따우 스뻬다 디 모빌 마싱?	carpool = 영어	'{hobby,sport,cycling}'		WhatsApp
l5_d17_t09	5	대화17	A	9	Carpool, hemat bensin.	carpool, 기름값 절약.	카르풀, 헤맛 벤신.	hemat = 절약, bensin = 휘발유	'{hobby,sport,cycling}'		WhatsApp
l5_d17_t10	5	대화17	B	10	Mantap. Aku setir.	좋아. 내가 운전.	만땁. 아꾸 스띠르.	setir = 운전	'{hobby,sport,cycling}'		WhatsApp
l5_d17_t11	5	대화17	A	11	Setelah ride, sarapan bubur ayam.	라이드 후 닭죽.	스뜰라 라이드, 사라빤 부부르 아얌.	bubur ayam = 닭죽	'{hobby,sport,cycling}'	인니 아침	WhatsApp
l5_d17_t12	5	대화17	B	12	Best post-ride breakfast.	최고 라이드 후 식사.	베스뜨 포스트 라이드 브렉퍼스트.		'{hobby,sport,cycling}'		WhatsApp
l5_d18_t01	5	대화18	A	1	Aku ikut volunteer di orphanage Cipayung.	Cipayung 보육원 자원봉사.	아꾸 이꿋 발룬티어 디 오르페니지 찌빠융.	volunteer = 영어, orphanage = 영어	'{hobby,volunteer,charity}'	자카르타 보육원	자봉 보육원
l5_d18_t02	5	대화18	B	2	Wah, mulia banget.	와, 훌륭.	와, 물리아 방엣.	mulia = 고귀한	'{hobby,volunteer,charity}'		카페
l5_d18_t03	5	대화18	A	3	Setiap Sabtu, bantu PR anak-anak.	매주 토, 아이들 숙제.	스띠압 삽뚜, 반뚜 페에르 아낙 아낙.	PR = pekerjaan rumah 숙제, anak-anak = reduplication	'{hobby,volunteer,charity}'		카페
l5_d18_t04	5	대화18	B	4	Aku mau ikut. Apa syarat?	나도. 자격?	아꾸 마우 이꿋. 아빠 샤랏?	syarat = 자격	'{hobby,volunteer,charity}'		카페
l5_d18_t05	5	대화18	A	5	Cuma niat tulus.	진심.	쭈마 니앗 뚤루스.	niat = 의도, tulus = 진심	'{hobby,volunteer,charity}'		카페
l5_d18_t06	5	대화18	B	6	Anak-anak suka apa?	아이들 좋아하는 거?	아낙 아낙 수까 아빠?		'{hobby,volunteer,charity}'		카페
l5_d18_t07	5	대화18	A	7	Cerita, lagu, gambar.	이야기·노래·그림.	쩨리따, 라구, 감바르.	lagu = 노래, gambar = 그림	'{hobby,volunteer,charity}'		카페
l5_d18_t08	5	대화18	B	8	Aku bawa K-pop CD!	K-pop CD!	아꾸 바와 케이팝 시디!		'{hobby,volunteer,charity}'	B 의도 변환	카페
l5_d18_t09	5	대화18	A	9	Hahaha, anak-anak akan suka.	하하, 아이들 좋아할 듯.	하하하, 아낙 아낙 아깐 수까.		'{hobby,volunteer,charity}'		카페
l5_d18_t10	5	대화18	B	10	Plus mainan baru.	+ 새 장난감.	플러스 마이난 바루.	mainan = 장난감	'{hobby,volunteer,charity}'		카페
l5_d18_t11	5	대화18	A	11	Sweet kamu. Sabtu ini ya.	sweet. 이번 토.	스윗 까무. 삽뚜 이니 야.		'{hobby,volunteer,charity}'		카페
l5_d18_t12	5	대화18	B	12	Pasti, jam berapa?	꼭, 몇 시?	빠스띠, 잠 브라빠?		'{hobby,volunteer,charity}'		카페
l5_d19_t01	5	대화19	A	1	Mau hiking Gede Pangrango weekend?	Gede Pangrango 등산 주말?	마우 하이킹 그데 빵랑오 위켄드?	hiking = 영어	'{hobby,hiking,nature}'	서자바 산	등산 Gede Pangrango
l5_d19_t02	5	대화19	B	2	Tinggi berapa?	높이?	띵기 브라빠?		'{hobby,hiking,nature}'		WhatsApp
l5_d19_t03	5	대화19	A	3	2958m. Susah tapi worth it.	2958m. 어렵지만 worth it.	두아 리부 슴빌란 라뚜스 리마 뿔루 들라빤 메떠르. 수사 따삐 워스 잇.		'{hobby,hiking,nature}'		WhatsApp
l5_d19_t04	5	대화19	B	4	Sunrise dari puncak gimana?	정상 일출?	선라이즈 다리 뿐짝 기마나?	puncak = 정상	'{hobby,hiking,nature}'		WhatsApp
l5_d19_t05	5	대화19	A	5	Spektakuler. Awan dibawah.	경이로움. 구름 아래.	스뻭따꿀러르. 아완 디바와.	awan = 구름	'{hobby,hiking,nature}'		WhatsApp
l5_d19_t06	5	대화19	B	6	Bawa apa?	뭘 가져가?	바와 아빠?		'{hobby,hiking,nature}'		WhatsApp
l5_d19_t07	5	대화19	A	7	Tenda + sleeping bag + headlamp.	텐트 + 침낭 + 헤드램프.	뜬다 + 슬리핑 백 + 헤드램프.	tenda = 텐트	'{hobby,hiking,nature}'		WhatsApp
l5_d19_t08	5	대화19	B	8	Camping dimana?	캠핑 어디?	캠핑 디마나?		'{hobby,hiking,nature}'		WhatsApp
l5_d19_t09	5	대화19	A	9	Surya Kencana, padang savana.	Surya Kencana, 사바나.	수르야 끈짜나, 빠당 사바나.	padang savana = 사바나 평원	'{hobby,hiking,nature}'	Gede 명소	WhatsApp
l5_d19_t10	5	대화19	B	10	Wah, kayak Africa.	와, 아프리카 같음.	와, 까야 아프리카.		'{hobby,hiking,nature}'		WhatsApp
l5_d19_t11	5	대화19	A	11	Cuaca dingin malam, 5 derajat.	밤 5도, 추워.	쭈아짜 딩인 말람, 리마 드라잣.		'{hobby,hiking,nature}'		WhatsApp
l5_d19_t12	5	대화19	B	12	Aku siap jaket double.	잠바 더블.	아꾸 시압 자껫 더블.		'{hobby,hiking,nature}'		WhatsApp
l5_d20_t01	5	대화20	A	1	Hari ini photowalk Kota Tua?	오늘 Kota Tua 포토워크?	하리 이니 포또워크 꼬따 뚜아?	photowalk = 영어	'{hobby,photography}'	자카르타 옛 시가지	Kota Tua 사진
l5_d20_t02	5	대화20	B	2	Boleh! Aku bawa kamera mirrorless.	응! 미러리스.	볼레! 아꾸 바와 까메라 미러리스.	mirrorless = 영어	'{hobby,photography}'		카페
l5_d20_t03	5	대화20	A	3	Aku pakai lensa fix 35mm.	35mm 단렌즈.	아꾸 빠까이 렌사 픽스 띠가 뿔루 리마 메메.	lensa = 렌즈	'{hobby,photography}'		카페
l5_d20_t04	5	대화20	B	4	Tema apa hari ini?	오늘 테마?	떼마 아빠 하리 이니?		'{hobby,photography}'		카페
l5_d20_t05	5	대화20	A	5	Kontras kolonial vs modern.	식민지 vs 모던 대비.	꼰트라스 꼴로니알 vs 모데른.	kontras = 대비	'{hobby,photography}'	Kota Tua 특징	카페
l5_d20_t06	5	대화20	B	6	Setting kamera apa cocok?	카메라 셋팅?	세팅 까메라 아빠 쪼쪽?		'{hobby,photography}'		카페
l5_d20_t07	5	대화20	A	7	Aperture besar, biar bokeh.	조리개 크게, 보케.	어퍼춰 브사르, 비아르 보께.	aperture = 영어, bokeh = 영어	'{hobby,photography}'		카페
l5_d20_t08	5	대화20	B	8	Aku belajar editing Lightroom.	Lightroom 편집 공부.	아꾸 블라자르 에디팅 라이트룸.	editing = 영어	'{hobby,photography}'		카페
l5_d20_t09	5	대화20	A	9	Mantap! Sharing tips ya.	좋다! tips 공유.	만땁! 셰어링 띱스 야.	tips = 영어	'{hobby,photography}'		카페
l5_d20_t10	5	대화20	B	10	Pasti. Aku ada preset moody.	응. moody preset.	빠스띠. 아꾸 아다 프리셋 무디.	preset = 영어	'{hobby,photography}'		카페
l5_d20_t11	5	대화20	A	11	Setelah hunting, kopi di Batavia.	사진 후 Batavia 커피.	스뜰라 헌팅, 꼬삐 디 바따비아.	hunting = 영어	'{hobby,photography}'	Kota Tua 카페	카페
l5_d20_t12	5	대화20	B	12	Mantap, antik vibe.	좋다, 앤틱 분위기.	만땁, 안띡 바이브.		'{hobby,photography}'		카페
l5_d21_t01	5	대화21	A	1	Aku mau coba bikin kimchi sendiri.	김치 직접.	아꾸 마우 쪼바 비낀 김치 슨디리.	bikin = 만들다 (구어)	'{hobby,korean_food,cooking}'	한식 만들기	한식 요리 김치
l5_d21_t02	5	대화21	B	2	Wah, ribet kah?	와, 까다로워?	와, 리벳 까?	ribet = 까다로운	'{hobby,korean_food,cooking}'		카페
l5_d21_t03	5	대화21	A	3	Awal ribet, tapi belajar dari YouTube.	초반 까다, YouTube 보고.	아왈 리벳, 따삐 블라자르 다리 유튜브.		'{hobby,korean_food,cooking}'		카페
l5_d21_t04	5	대화21	B	4	Bahan dimana beli?	재료 어디?	바한 디마나 블리?		'{hobby,korean_food,cooking}'		카페
l5_d21_t05	5	대화21	A	5	Lottemart, gochugaru complete.	Lottemart, 고추가루 다.	롯데마트, 고추가루 컴플리트.	gochugaru = 한국어	'{hobby,korean_food,cooking}'		카페
l5_d21_t06	5	대화21	B	6	Berapa lama fermentasi?	발효 얼마?	브라빠 라마 페르멘따시?	fermentasi = 발효	'{hobby,korean_food,cooking}'		카페
l5_d21_t07	5	대화21	A	7	3 hari di kulkas.	냉장 3일.	띠가 하리 디 꿀까스.	kulkas = 냉장고	'{hobby,korean_food,cooking}'		카페
l5_d21_t08	5	대화21	B	8	Aku mau coba juga!	나도!	아꾸 마우 쪼바 주가!		'{hobby,korean_food,cooking}'		카페
l5_d21_t09	5	대화21	A	9	Kita class bareng minggu depan.	다음 주 같이 수업.	끼따 클래스 바릉 밍구 드빤.		'{hobby,korean_food,cooking}'		카페
l5_d21_t10	5	대화21	B	10	Plus Korean BBQ.	+ 한식 BBQ.	플러스 코리안 바비큐.		'{hobby,korean_food,cooking}'		카페
l5_d21_t11	5	대화21	A	11	Wajib! Pakai daging samgyeopsal.	필수! 삼겹살.	와집! 빠까이 다깅 삼겹살.	samgyeopsal = 한국어	'{hobby,korean_food,cooking}'		카페
l5_d21_t12	5	대화21	B	12	Aku ngiler!	침 흘려!	아꾸 응일러르!	ngiler = 침 흘리다 (구어)	'{hobby,korean_food,cooking}'		카페
l5_d22_t01	5	대화22	A	1	Lisa BLACKPINK fan meeting Jakarta!	Lisa BLACKPINK 자카르타 팬미팅!	리사 블랙핑크 팬 미팅 자카르타!		'{kpop,fanmeeting}'	K-pop 자카르타 행사	Lisa 팬미팅
l5_d22_t02	5	대화22	B	2	Beneran?! Kapan?	진짜?! 언제?	브너란?! 까빤?		'{kpop,fanmeeting}'		WhatsApp
l5_d22_t03	5	대화22	A	3	Bulan depan, di ICE BSD.	다음 달, ICE BSD.	불란 드빤, 디 아이스 베에스데.		'{kpop,fanmeeting}'	자카르타 행사장	WhatsApp
l5_d22_t04	5	대화22	B	4	Ticket war pasti.	티켓 전쟁.	띠껫 워르 빠스띠.		'{kpop,fanmeeting}'		WhatsApp
l5_d22_t05	5	대화22	A	5	Open jam 10 pagi besok.	내일 10시 오픈.	오픈 잠 스뿔루 빠기 베속.		'{kpop,fanmeeting}'		WhatsApp
l5_d22_t06	5	대화22	B	6	Aku siap 5 device.	5 기기 준비.	아꾸 시압 리마 디바이스.		'{kpop,fanmeeting}'	티켓팅 전략	WhatsApp
l5_d22_t07	5	대화22	A	7	Backup payment juga.	결제 백업.	백업 페이먼트 주가.	backup payment = 영어	'{kpop,fanmeeting}'		WhatsApp
l5_d22_t08	5	대화22	B	8	Pakai 3 e-wallet siaga.	전자지갑 3개 대기.	빠까이 띠가 이 월렛 시아가.	siaga = 대기	'{kpop,fanmeeting}'		WhatsApp
l5_d22_t09	5	대화22	A	9	Kategori VIP berapa?	VIP 가격?	까떼고리 비아이피 브라빠?		'{kpop,fanmeeting}'		WhatsApp
l5_d22_t10	5	대화22	B	10	5 juta. Hi-touch + photo.	500만. Hi-touch + 사진.	리마 주따. 하이 터치 + 포또.	hi-touch = K-pop 팬미팅 용어	'{kpop,fanmeeting}'		WhatsApp
l5_d22_t11	5	대화22	A	11	Worth it sekali seumur hidup!	평생 한 번!	워스 잇 스깔리 스우무르 히둡!		'{kpop,fanmeeting}'		WhatsApp
l5_d22_t12	5	대화22	B	12	Bismillah, semoga dapat!	bismillah, 잘되길!	비스밀라, 스모가 다빳!		'{kpop,fanmeeting}'	인니 일상 종교어	WhatsApp
l5_d23_t01	5	대화23	A	1	Aku join coding bootcamp 12 minggu.	12주 코딩 부트캠프.	아꾸 조인 코딩 부트캠프 두아 블라스 밍구.	bootcamp = 영어	'{hobby,study,coding}'	Hacktiv8 등	코딩 부트캠프
l5_d23_t02	5	대화23	B	2	Wah, full time?	와, 풀타임?	와, 풀 타임?		'{hobby,study,coding}'		카페
l5_d23_t03	5	대화23	A	3	Iya, 9-5 senin sampai jumat.	월~금 9-5.	이야, 슴빌란 리마 스닌 삼빠이 주맛.		'{hobby,study,coding}'		카페
l5_d23_t04	5	대화23	B	4	Belajar apa?	뭐 배워?	블라자르 아빠?		'{hobby,study,coding}'		카페
l5_d23_t05	5	대화23	A	5	Full-stack JavaScript, React, Node.	Full-stack JS, React, Node.	풀 스택 자바스크립트, 리액트, 노드.		'{hobby,study,coding}'		카페
l5_d23_t06	5	대화23	B	6	Susah?	어려워?	수사?		'{hobby,study,coding}'		카페
l5_d23_t07	5	대화23	A	7	Otak panas tiap hari.	매일 머리 뜨거워.	오딱 빠나스 띠압 하리.	otak = 뇌	'{hobby,study,coding}'		카페
l5_d23_t08	5	대화23	B	8	Setelah lulus, kerja apa?	졸업 후 일?	스뜰라 룰루스, 끄르자 아빠?	lulus = 졸업	'{hobby,study,coding}'		카페
l5_d23_t09	5	대화23	A	9	Junior dev, 8-15 juta gaji.	주니어 개발, 800-1500만 월급.	주니어 데브, 들라빤 리마 블라스 주따 가지.	gaji = 월급	'{hobby,study,coding}'	인니 IT 시장	카페
l5_d23_t10	5	대화23	B	10	Mantap! Investasi otak.	좋다! 두뇌 투자.	만땁! 인베스따시 오딱.	investasi = 투자	'{hobby,study,coding}'		카페
l5_d23_t11	5	대화23	B	11	Aku doain semoga lancar.	잘되길 기도.	아꾸 도아인 스모가 란짜르.		'{hobby,study,coding}'		카페
l5_d23_t12	5	대화23	A	12	Aamiin, makasih dukungan.	아민, 응원 감사.	아민, 마까시 두꿍안.	dukungan = 응원	'{hobby,study,coding}'		카페
l5_d24_t01	5	대화24	A	1	Pekan Raya Jakarta buka!	자카르타 페어 오픈!	쁘깐 라야 자카르타 부까!	Pekan Raya = 자카르타 연례 박람회	'{hobby,festival,jakarta}'	PRJ 자카르타	PRJ Jakarta Fair
l5_d24_t02	5	대화24	B	2	Kemayoran ya?	Kemayoran?	끄마요란 야?		'{hobby,festival,jakarta}'	PRJ 위치	WhatsApp
l5_d24_t03	5	대화24	A	3	Iya, sebulan penuh.	응, 한 달.	이야, 스불란 쁘누.		'{hobby,festival,jakarta}'		WhatsApp
l5_d24_t04	5	대화24	B	4	Live music siapa?	라이브 음악?	라이브 무식 시아빠?		'{hobby,festival,jakarta}'		WhatsApp
l5_d24_t05	5	대화24	A	5	Tulus, NOAH, RAN.	Tulus, NOAH, RAN.	뚤루스, 노아, 란.		'{hobby,festival,jakarta}'	인니 가수	WhatsApp
l5_d24_t06	5	대화24	B	6	Mantap line-up!	라인업 좋다!	만땁 라인 업!		'{hobby,festival,jakarta}'		WhatsApp
l5_d24_t07	5	대화24	A	7	Plus kuliner 1000 booth.	음식 1000 부스.	플러스 꿀리네르 스리부 부스.		'{hobby,festival,jakarta}'		WhatsApp
l5_d24_t08	5	대화24	B	8	Wah, makan apa duluan?	뭐 먼저 먹어?	와, 마깐 아빠 둘루안?		'{hobby,festival,jakarta}'		WhatsApp
l5_d24_t09	5	대화24	A	9	Kerak telor, must-try.	크락 떨로르, 필수.	끄락 뜰로르, 머스트 트라이.	kerak telor = Betawi 음식	'{hobby,festival,jakarta}'	PRJ 명물	WhatsApp
l5_d24_t10	5	대화24	B	10	Pasti. Berapa lama main?	꼭. 얼마나?	빠스띠. 브라빠 라마 마인?		'{hobby,festival,jakarta}'		WhatsApp
l5_d24_t11	5	대화24	A	11	Sampai jam 11 malam.	11시까지.	삼빠이 잠 스블라스 말람.		'{hobby,festival,jakarta}'		WhatsApp
l5_d24_t12	5	대화24	B	12	Naik MRT ke Kemayoran ya.	MRT Kemayoran.	나익 엠알띠 끄 끄마요란 야.		'{hobby,festival,jakarta}'		WhatsApp
l6_d45_t01	6	대화45	A	1	Hujan deras lagi.	비 또 강해.	후잔 드라스 라기.		'{intimate,deep_talk,emotional}'	비 오는 날 깊은 대화	비 오는 날 침대
l6_d45_t02	6	대화45	B	2	Aku suka hari kayak gini.	이런 날 좋아.	아꾸 수까 하리 까야 기니.		'{intimate,deep_talk,emotional}'		집
l6_d45_t03	6	대화45	A	3	Mau cerita rahasia?	비밀 얘기?	마우 쩨리따 라하시아?		'{intimate,deep_talk,emotional}'	depth 시작	집
l6_d45_t04	6	대화45	B	4	Apa? Aku siap dengar.	뭐? 들을게.	아빠? 아꾸 시압 등아르.		'{intimate,deep_talk,emotional}'		집
l6_d45_t05	6	대화45	A	5	Aku takut kehilangan kamu.	너 잃을까 무서워.	아꾸 따꿋 끄힐랑안 까무.	kehilangan = 잃다	'{intimate,deep_talk,emotional}'	vulnerable	집
l6_d45_t06	6	대화45	B	6	Aku selalu di sini, sayang.	항상 여기 있어, 자기.	아꾸 슬랄루 디 시니, 사양.		'{intimate,deep_talk,emotional}'	reassurance	집
l6_d45_t07	6	대화45	A	7	Tapi orang berubah, bukan?	근데 사람 변해, 그치?	따삐 오랑 브르우바, 부깐?	berubah = 변하다	'{intimate,deep_talk,emotional}'		집
l6_d45_t08	6	대화45	B	8	Iya, tapi cinta kita tumbuh.	응, 근데 우리 사랑 자라.	이야, 따삐 친따 끼따 뚬부.	tumbuh = 자라다	'{intimate,deep_talk,emotional}'	wisdom	집
l6_d45_t09	6	대화45	A	9	Kamu bijak banget.	너 현명.	까무 비작 방엣.	bijak = 현명한	'{intimate,deep_talk,emotional}'		집
l6_d45_t10	6	대화45	B	10	Aku belajar dari kamu.	너에게 배움.	아꾸 블라자르 다리 까무.		'{intimate,deep_talk,emotional}'		집
l6_d45_t11	6	대화45	A	11	Peluk aku erat.	꽉 안아.	쁠룩 아꾸 에랏.	erat = 단단히	'{intimate,deep_talk,emotional}'		집
l6_d45_t12	6	대화45	B	12	Selalu, sampai pagi.	아침까지.	슬랄루, 삼빠이 빠기.		'{intimate,deep_talk,emotional}'		집
l6_d45_t13	6	대화45	A	13	Hujan jadi soundtrack kita.	비가 우리 OST.	후잔 자디 사운드트랙 끼따.	soundtrack = 영어	'{intimate,deep_talk,emotional}'	sweet poetic	집
l6_d46_t01	6	대화46	A	1	Aku harus berangkat kerja.	출근해야.	아꾸 하루스 브랑깟 끄르자.		'{intimate,morning,sweet}'	morning routine	morning kiss 출근
l6_d46_t02	6	대화46	B	2	Sebentar lagi, peluk dulu.	잠깐, 안고.	스븐따르 라기, 쁠룩 둘루.		'{intimate,morning,sweet}'		침대
l6_d46_t03	6	대화46	A	3	Telat nanti meeting.	회의 늦어.	뜰랏 난띠 미팅.		'{intimate,morning,sweet}'		침대
l6_d46_t04	6	대화46	B	4	Cuma 5 menit.	5분만.	쭈마 리마 므닛.		'{intimate,morning,sweet}'		침대
l6_d46_t05	6	대화46	A	5	Cium dulu deh.	키스 먼저.	찌움 둘루 데.		'{intimate,morning,sweet}'	sweet ritual	침대
l6_d46_t06	6	대화46	B	6	Cium pipi atau bibir?	볼? 입술?	찌움 삐삐 아따우 비비르?	pipi = 볼	'{intimate,morning,sweet}'	playful	침대
l6_d46_t07	6	대화46	A	7	Dua-duanya.	둘 다.	두아 두아냐.		'{intimate,morning,sweet}'		침대
l6_d46_t08	6	대화46	B	8	Hahaha greedy.	하하 욕심.	하하하 그리디.	greedy = 영어	'{intimate,morning,sweet}'		침대
l6_d46_t09	6	대화46	A	9	Kamu yang spoil aku.	네가 응석.	까무 양 스포일 아꾸.	spoil = 영어	'{intimate,morning,sweet}'		침대
l6_d46_t10	6	대화46	B	10	Tetap jangan telat.	그래도 늦지 마.	뜨땁 장안 뜰랏.		'{intimate,morning,sweet}'		침대
l6_d46_t11	6	대화46	A	11	Pulang aku bawa bunga.	귀가 시 꽃.	뿔랑 아꾸 바와 붕아.		'{intimate,morning,sweet}'	sweet promise	침대
l6_d46_t12	6	대화46	B	12	Sweet banget. Hati-hati.	sweet. 조심.	스윗 방엣. 하띠 하띠.		'{intimate,morning,sweet}'		침대
l6_d46_t13	6	대화46	A	13	I love you.	사랑해.	아이 러브 유.		'{intimate,morning,sweet}'	영어 차용 자연	침대
l6_d47_t01	6	대화47	A	1	Aku ada satu hal belum cerita.	말 안 한 거 하나.	아꾸 아다 사뚜 할 블룸 쩨리따.		'{intimate,secret,trust}'	deep trust	둘만의 비밀
l6_d47_t02	6	대화47	B	2	Apa, sayang?	뭐, 자기?	아빠, 사양?		'{intimate,secret,trust}'		집
l6_d47_t03	6	대화47	A	3	Waktu remaja aku pernah depresi.	청소년기 우울.	왁뚜 르마자 아꾸 쁘르나 데프레시.	remaja = 청소년, depresi = 우울	'{intimate,secret,trust}'	vulnerable	집
l6_d47_t04	6	대화47	B	4	Aku nggak tahu. Sekarang gimana?	몰랐어. 지금은?	아꾸 응각 따후. 스까랑 기마나?		'{intimate,secret,trust}'		집
l6_d47_t05	6	대화47	A	5	Sembuh, tapi sesekali down.	나았지만 가끔 down.	슴부, 따삐 스스깔리 다운.	sembuh = 낫다	'{intimate,secret,trust}'		집
l6_d47_t06	6	대화47	B	6	Aku selalu di sini, no judgment.	판단 X, 항상 옆.	아꾸 슬랄루 디 시니, 노 저지먼트.		'{intimate,secret,trust}'	신뢰 핵심	집
l6_d47_t07	6	대화47	A	7	Makasih, aku merasa aman.	고마워, 안전 느껴.	마까시, 아꾸 므라사 아만.	merasa = 느끼다	'{intimate,secret,trust}'		집
l6_d47_t08	6	대화47	B	8	Aku juga mau cerita satu.	나도 하나.	아꾸 주가 마우 쩨리따 사뚜.		'{intimate,secret,trust}'		집
l6_d47_t09	6	대화47	A	9	Apa?	뭐?	아빠?		'{intimate,secret,trust}'		집
l6_d47_t10	6	대화47	B	10	Aku juga insecure soal body.	나도 몸 insecure.	아꾸 주가 인시큐어 소알 보디.	insecure = 영어, body = 영어	'{intimate,secret,trust}'	mutual vulnerability	집
l6_d47_t11	6	대화47	A	11	Kamu sempurna untuk aku.	나에게 완벽.	까무 슴뿌르나 운뚝 아꾸.		'{intimate,secret,trust}'		집
l6_d47_t12	6	대화47	B	12	Janji jaga rahasia kita?	비밀 지킬래?	잔지 자가 라하시아 끼따?		'{intimate,secret,trust}'		집
l6_d47_t13	6	대화47	A	13	Sampai mati.	죽을 때까지.	삼빠이 마띠.		'{intimate,secret,trust}'		집
l6_d48_t01	6	대화48	A	1	5 tahun rasanya kayak baru kemarin.	5년 어제 같아.	리마 따훈 라사냐 까야 바루 끄마린.		'{intimate,longterm,sweet}'	결혼 5주년	결혼 5년
l6_d48_t02	6	대화48	B	2	Tapi kita berkembang bareng.	근데 같이 발전.	따삐 끼따 브르끔방 바릉.	berkembang = 발전	'{intimate,longterm,sweet}'		집
l6_d48_t03	6	대화48	A	3	Ingat first date kita?	첫 데이트 기억?	잉앗 퍼스트 데이트 끼따?	ingat = 기억	'{intimate,longterm,sweet}'		집
l6_d48_t04	6	대화48	B	4	Pasti! Kafe Senopati.	꼭! Senopati 카페.	빠스띠! 까페 스노빠띠.		'{intimate,longterm,sweet}'		집
l6_d48_t05	6	대화48	A	5	Aku grogi banget waktu itu.	그때 긴장.	아꾸 그로기 방엣 왁뚜 이뚜.		'{intimate,longterm,sweet}'		집
l6_d48_t06	6	대화48	B	6	Aku tahu, tapi sweet.	알았어, sweet.	아꾸 따후, 따삐 스윗.		'{intimate,longterm,sweet}'		집
l6_d48_t07	6	대화48	A	7	Sekarang aku lebih percaya diri.	지금 자신감.	스까랑 아꾸 르비 쁘르짜야 디리.	percaya diri = 자신감	'{intimate,longterm,sweet}'		집
l6_d48_t08	6	대화48	B	8	Karena cinta kita.	우리 사랑 덕.	까르나 친따 끼따.		'{intimate,longterm,sweet}'		집
l6_d48_t09	6	대화48	A	9	Apa lagi yang kamu mau dari hidup?	인생에서 더 원하는?	아빠 라기 양 까무 마우 다리 히둡?		'{intimate,longterm,sweet}'	deep question	집
l6_d48_t10	6	대화48	B	10	Cuma kamu, sehat selamanya.	너 건강하길.	쭈마 까무, 세핫 슬라마냐.		'{intimate,longterm,sweet}'		집
l6_d48_t11	6	대화48	A	11	Aku juga sama.	나도 같아.	아꾸 주가 사마.		'{intimate,longterm,sweet}'		집
l6_d48_t12	6	대화48	B	12	Cheers untuk 50 tahun lagi.	50년 더, cheers.	치어스 운뚝 리마 뿔루 따훈 라기.	cheers = 영어	'{intimate,longterm,sweet}'		집
l6_d48_t13	6	대화48	A	13	Forever and always.	forever and always.	포에버 앤 올웨이즈.		'{intimate,longterm,sweet}'		집
l6_d49_t01	6	대화49	A	1	10 tahun, decade!	10년, decade!	스뿔루 따훈, 디케이드!	decade = 영어	'{intimate,anniversary,decade}'	결혼 10주년	결혼 10주년
l6_d49_t02	6	대화49	B	2	Wow, perjalanan panjang.	와, 긴 여정.	와우, 쁘르잘라난 빤장.	perjalanan = 여정	'{intimate,anniversary,decade}'		집
l6_d49_t03	6	대화49	A	3	Aku reservasi resort di Maldives.	Maldives 리조트 예약.	아꾸 레세르바시 리조르 디 몰디브.		'{intimate,anniversary,decade}'		집
l6_d49_t04	6	대화49	B	4	Maldives! Mimpi banget!	Maldives! 꿈!	몰디브! 미음삐 방엣!		'{intimate,anniversary,decade}'		집
l6_d49_t05	6	대화49	A	5	Overwater villa, 5 hari.	오버워터 빌라, 5일.	오버워터 빌라, 리마 하리.		'{intimate,anniversary,decade}'		집
l6_d49_t06	6	대화49	B	6	Aku menangis terharu.	감동 울어.	아꾸 므낭이스 뜨르하루.	terharu = 감동	'{intimate,anniversary,decade}'		집
l6_d49_t07	6	대화49	A	7	Kamu pantas dapat dunia.	세상 받아.	까무 빤따스 다빳 두니아.	pantas = 받을 만한	'{intimate,anniversary,decade}'		집
l6_d49_t08	6	대화49	B	8	Aku punya hadiah juga.	나도 선물.	아꾸 뿐야 하디아 주가.		'{intimate,anniversary,decade}'		집
l6_d49_t09	6	대화49	A	9	Apa?	뭐?	아빠?		'{intimate,anniversary,decade}'		집
l6_d49_t10	6	대화49	B	10	Tato kecil nama kamu.	네 이름 작은 타투.	따또 끄찔 나마 까무.	tato = 타투	'{intimate,anniversary,decade}'	sentimental	집
l6_d49_t11	6	대화49	A	11	Beneran?! Dimana?	진짜?! 어디?	브너란?! 디마나?		'{intimate,anniversary,decade}'		집
l6_d49_t12	6	대화49	B	12	Pergelangan tangan, simbol forever.	손목, forever 상징.	쁘르글랑안 땅안, 심볼 포에버.	pergelangan tangan = 손목	'{intimate,anniversary,decade}'		집
l6_d49_t13	6	대화49	A	13	Aku cinta kamu lebih dari kata.	말 이상 사랑.	아꾸 친따 까무 르비 다리 까따.		'{intimate,anniversary,decade}'	sweet 마무리	집
l6_d50_t01	6	대화50	A	1	Yuk ke rooftop hotel Skye sekarang.	Skye 옥상 가자.	육 끄 루프똡 호뗄 스카이 스까랑.		'{intimate,date,spontaneous}'	자카르타 야경 명소	야경 spontaneous
l6_d50_t02	6	대화50	B	2	Sekarang? Jam 10 malam.	지금? 10시.	스까랑? 잠 스뿔루 말람.		'{intimate,date,spontaneous}'		집
l6_d50_t03	6	대화50	A	3	Iya, lihat city lights.	응, 시티 라이트.	이야, 리핫 시티 라이츠.	city lights = 영어	'{intimate,date,spontaneous}'		집
l6_d50_t04	6	대화50	B	4	Aku siap dalam 10 menit.	10분 준비.	아꾸 시압 달람 스뿔루 므닛.		'{intimate,date,spontaneous}'		집
l6_d50_t05	6	대화50	A	5	Pakai dress hitam ya.	검은 드레스.	빠까이 드레스 히땀 야.	hitam = 검정	'{intimate,date,spontaneous}'		집
l6_d50_t06	6	대화50	B	6	Kamu bawa jaket aku.	내 잠바 가져와.	까무 바와 자껫 아꾸.		'{intimate,date,spontaneous}'		집
l6_d50_t07	6	대화50	A	7	Cocktail di rooftop, romantic.	옥상 칵테일, 로맨틱.	칵테일 디 루프똡, 로맨띡.		'{intimate,date,spontaneous}'		집
l6_d50_t08	6	대화50	B	8	View Jakarta dari atas, magic.	위에서 자카르타 뷰, magic.	뷰 자카르타 다리 아따스, 매직.		'{intimate,date,spontaneous}'		집
l6_d50_t09	6	대화50	A	9	Aku reservasi pojok romantis.	로맨틱 코너 예약.	아꾸 레세르바시 뽀족 로맨띠스.	pojok = 코너	'{intimate,date,spontaneous}'		집
l6_d50_t10	6	대화50	B	10	Kamu pinter banget surprise.	깜짝 잘해.	까무 삔뜨르 방엣 서프라이즈.		'{intimate,date,spontaneous}'		집
l6_d50_t11	6	대화50	A	11	Aku belajar dari kamu.	너에게 배움.	아꾸 블라자르 다리 까무.		'{intimate,date,spontaneous}'		집
l6_d50_t12	6	대화50	B	12	Setelah cocktail, midnight stroll.	칵테일 후 자정 산책.	스뜰라 칵테일, 미드나이트 스트롤.		'{intimate,date,spontaneous}'		집
l6_d50_t13	6	대화50	A	13	Always with you.	늘 너와.	올웨이즈 위드 유.		'{intimate,date,spontaneous}'		집
l6_d51_t01	6	대화51	B	1	Aku baru pulang gym, basah keringat.	헬스 후 땀 젖음.	아꾸 바루 뿔랑 짐, 바사 끄링앗.	keringat = 땀	'{intimate,sext,suggestive}'	sensual setup	sext WhatsApp
l6_d51_t02	6	대화51	A	2	Wah, aku iri ke shower kamu.	와, 네 샤워 부럽.	와, 아꾸 이리 끄 샤워 까무.	shower = 영어	'{intimate,sext,suggestive}'	suggestive	WhatsApp
l6_d51_t03	6	대화51	B	3	Mau gabung shower?	같이 샤워?	마우 가붕 샤워?		'{intimate,sext,suggestive}'		WhatsApp
l6_d51_t04	6	대화51	A	4	Aku otw dalam 10 menit.	10분 후 도착.	아꾸 오떼붸 달람 스뿔루 므닛.	otw = on the way 줄임	'{intimate,sext,suggestive}'		WhatsApp
l6_d51_t05	6	대화51	B	5	Aku tunggu dengan towel kecil.	작은 수건만.	아꾸 뚱구 등안 따월 끄찔.	towel = 영어	'{intimate,sext,suggestive}'	suggestive	WhatsApp
l6_d51_t06	6	대화51	A	6	Aku ngebut di jalan.	도로 빨라.	아꾸 응으붓 디 잘란.	ngebut = 빨리 달리다 (구어)	'{intimate,sext,suggestive}'		WhatsApp
l6_d51_t07	6	대화51	B	7	Hati-hati, aku nggak mau ke RS.	조심, 병원 X.	하띠 하띠, 아꾸 응각 마우 끄 에르에스.	RS = rumah sakit 병원	'{intimate,sext,suggestive}'		WhatsApp
l6_d51_t08	6	대화51	A	8	Tenang, aku safe.	안전.	뜨낭, 아꾸 세이프.	safe = 영어	'{intimate,sext,suggestive}'		WhatsApp
l6_d51_t09	6	대화51	B	9	Sambil masak dinner siapa?	디너 누가 요리?	삼빌 마삭 디너 시아빠?		'{intimate,sext,suggestive}'		WhatsApp
l6_d51_t10	6	대화51	A	10	Order GoFood, biar fokus kita.	GoFood, 우리만.	오르더 고푸드, 비아르 포꾸스 끼따.		'{intimate,sext,suggestive}'		WhatsApp
l6_d51_t11	6	대화51	B	11	Mantap. Jangan lama.	좋다. 빨리.	만땁. 장안 라마.		'{intimate,sext,suggestive}'		WhatsApp
l6_d51_t12	6	대화51	A	12	Aku miss kamu sekarang.	지금 그리워.	아꾸 미스 까무 스까랑.	miss = 영어	'{intimate,sext,suggestive}'		WhatsApp
l6_d51_t13	6	대화51	B	13	Aku siap kamu.	준비 됨.	아꾸 시압 까무.		'{intimate,sext,suggestive}'	consent + 기대	WhatsApp
l6_d52_t01	6	대화52	A	1	Sampai villa Ubud kita.	우리 Ubud 빌라.	삼빠이 빌라 우붓 끼따.		'{intimate,trip,bali,sensual}'	발리 weekend villa	발리 villa
l6_d52_t02	6	대화52	B	2	Wow, private pool!	와, 프라이빗 풀!	와우, 프라이벗 뿔!		'{intimate,trip,bali,sensual}'		발리
l6_d52_t03	6	대화52	A	3	Bukti view sawah dari pool.	풀에서 논 뷰.	북띠 뷰 사와 다리 뿔.	bukti = 진짜	'{intimate,trip,bali,sensual}'		발리
l6_d52_t04	6	대화52	B	4	Aku langsung mau renang.	바로 수영.	아꾸 랑숭 마우 르낭.		'{intimate,trip,bali,sensual}'		발리
l6_d52_t05	6	대화52	A	5	Pakai bikini biru itu.	파란 비키니.	빠까이 비키니 비루 이뚜.	bikini = 영어	'{intimate,trip,bali,sensual}'	sensual	발리
l6_d52_t06	6	대화52	B	6	Aku bawa juga lingerie.	란제리도.	아꾸 바와 주가 린저리.	lingerie = 영어	'{intimate,trip,bali,sensual}'	suggestive	발리
l6_d52_t07	6	대화52	A	7	Wah, aku nggak sabar malam.	밤 못 기다려.	와, 아꾸 응각 사바르 말람.		'{intimate,trip,bali,sensual}'		발리
l6_d52_t08	6	대화52	B	8	Hahaha, makan dulu lah.	하하, 식사 먼저.	하하하, 마깐 둘루 라.		'{intimate,trip,bali,sensual}'	playful	발리
l6_d52_t09	6	대화52	A	9	Iya, aku reservasi private dinner.	프라이빗 디너 예약.	이야, 아꾸 레세르바시 프라이벗 디너.		'{intimate,trip,bali,sensual}'		발리
l6_d52_t10	6	대화52	B	10	Di villa, candle light.	빌라, 캔들.	디 빌라, 캔들 라이트.	candle = 영어	'{intimate,trip,bali,sensual}'		발리
l6_d52_t11	6	대화52	A	11	Plus champagne dingin.	+ 차가운 샴페인.	플러스 샴페인 딩인.	champagne = 영어	'{intimate,trip,bali,sensual}'		발리
l6_d52_t12	6	대화52	B	12	Sempurna, oppa.	완벽, 오빠.	슴뿌르나, 오빠.		'{intimate,trip,bali,sensual}'		발리
l6_d52_t13	6	대화52	A	13	Untuk kita berdua.	우리 둘만.	운뚝 끼따 브르두아.		'{intimate,trip,bali,sensual}'		발리
l2_d13_t01	2	대화13	A	1	Listrik bulan ini gede banget.	이번 달 전기세 커.	리스트릭 불란 이니 그데 방엣.	listrik = 전기, gede = besar 구어	'{messenger,roommate}'	룸메 갈등	WhatsApp 룸메
l2_d13_t02	2	대화13	B	2	Berapa?	얼마?	브라빠?		'{messenger,roommate}'		WhatsApp
l2_d13_t03	2	대화13	A	3	1.5 juta. AC kamu lama nyala kayaknya.	150만. 네 AC 오래 켜진 듯.	사뚜 꼬마 리마 주따. 아쩨 까무 라마 냘라 까야꺄.	nyala = 켜진	'{messenger,roommate}'		WhatsApp
l2_d13_t04	2	대화13	B	4	Maaf, kamar aku panas.	미안, 방 더워.	마앞, 까마르 아꾸 빠나스.		'{messenger,roommate}'		WhatsApp
l2_d13_t05	2	대화13	A	5	Bagi 60-40 ya?	60-40?	바기 으남 뿔루 음빳 뿔루 야?	bagi = 나누다	'{messenger,roommate}'		WhatsApp
l2_d13_t06	2	대화13	B	6	Adil. Aku transfer hari ini.	공정. 오늘 송금.	아딜. 아꾸 트랜스퍼 하리 이니.	adil = 공정한, transfer = 영어	'{messenger,roommate}'		WhatsApp
l2_d13_t07	2	대화13	A	7	Bulan depan AC pakai timer ya.	다음 달 timer 사용.	불란 드빤 아쩨 빠까이 따이머르 야.	timer = 영어	'{messenger,roommate}'		WhatsApp
l2_d13_t08	2	대화13	B	8	Setuju. Aku set jam 11 mati.	동의. 11시 꺼짐.	스뚜주. 아꾸 셋 잠 스블라스 마띠.		'{messenger,roommate}'		WhatsApp
l2_d13_t09	2	대화13	A	9	Internet juga renew besok.	WiFi 갱신.	인떠르넷 주가 르뉴 베속.	renew = 영어	'{messenger,roommate}'		WhatsApp
l2_d13_t10	2	대화13	B	10	Aku bayar 50%.	50% 지불.	아꾸 바야르 리마 뿔루 퍼센.		'{messenger,roommate}'		WhatsApp
l2_d13_t11	2	대화13	A	11	Mantap. Sori marah-marah.	좋다. 화내서 미안.	만땁. 소리 마라 마라.	marah-marah = reduplication 화내다	'{messenger,roommate}'	화해	WhatsApp
l2_d13_t12	2	대화13	B	12	Sudah, kita ngomong baik-baik.	됐어, 잘 얘기.	수다, 끼따 응오몽 바익 바익.	baik-baik = reduplication	'{messenger,roommate}'		WhatsApp
l2_d13_t13	2	대화13	A	13	Beli pizza biar damai.	피자로 평화.	블리 핏자 비아르 다마이.	damai = 평화	'{messenger,roommate}'		WhatsApp
l2_d14_t01	2	대화14	A	1	Add Lala ke grup ya.	랄라 그룹 추가.	애드 랄라 끄 그룹 야.	add = 영어	'{messenger,group,intro}'	단톡 소개	WhatsApp 단톡
l2_d14_t02	2	대화14	B	2	Done! Welcome Lala!	됐어! 환영 랄라!	돈! 웰컴 랄라!	welcome = 영어	'{messenger,group,intro}'		단톡
l2_d14_t03	2	대화14	C	3	Hi semua, aku Lala.	안녕, 나 랄라.	하이 스무아, 아꾸 랄라.		'{messenger,group,intro}'	신규 멤버 인사	단톡
l2_d14_t04	2	대화14	A	4	Hi Lala! Cerita dikit dong.	안녕 랄라! 자기소개.	하이 랄라! 쩨리따 디낏 동.		'{messenger,group,intro}'		단톡
l2_d14_t05	2	대화14	C	5	Aku kerja designer, suka traveling.	디자이너, 여행 좋아.	아꾸 끄르자 디자이너, 수까 트라블링.	designer = 영어	'{messenger,group,intro}'		단톡
l2_d14_t06	2	대화14	B	6	Wah cocok banget.	오 어울려.	와 쪼쪽 방엣.		'{messenger,group,intro}'		단톡
l2_d14_t07	2	대화14	A	7	Sabtu kita ngumpul, mau ikut?	토 모임, 참여?	삽뚜 끼따 응움뿔, 마우 이꿋?	ngumpul = 모이다 (구어)	'{messenger,group,intro}'		단톡
l2_d14_t08	2	대화14	C	8	Boleh! Tempat?	응! 장소?	볼레! 뜸빳?		'{messenger,group,intro}'		단톡
l2_d14_t09	2	대화14	B	9	Cafe Anomali Senopati.	Anomali Senopati 카페.	까페 아노말리 스노빠띠.		'{messenger,group,intro}'		단톡
l2_d14_t10	2	대화14	C	10	Jam berapa?	몇 시?	잠 브라빠?		'{messenger,group,intro}'		단톡
l2_d14_t11	2	대화14	A	11	Jam 11. Brunch + ngobrol.	11시. 브런치 + 수다.	잠 스블라스. 브런치 + 응오브롤.		'{messenger,group,intro}'		단톡
l2_d14_t12	2	대화14	C	12	Sip! See you Sabtu.	응! 토 봐.	시쁘! 시 유 삽뚜.	sip = OK (구어)	'{messenger,group,intro}'		단톡
l2_d14_t13	2	대화14	B	13	Welcome to the gang!	환영해!	웰컴 투 더 갱!	gang = 영어	'{messenger,group,intro}'		단톡
l2_d15_t01	2	대화15	A	1	Halo, mau booking potong rambut.	안녕, 헤어컷 예약.	할로, 마우 부킹 뽀똥 람붓.	potong rambut = 헤어컷	'{messenger,salon,booking}'	헤어샵 예약	WhatsApp 헤어샵
l2_d15_t02	2	대화15	B	2	Kapan mau, kak?	언제, 형/언니?	까빤 마우, 깍?	kak = 호칭	'{messenger,salon,booking}'	인니 호칭	WhatsApp
l2_d15_t03	2	대화15	A	3	Sabtu sore.	토 오후.	삽뚜 소레.		'{messenger,salon,booking}'		WhatsApp
l2_d15_t04	2	대화15	B	4	Jam 3 atau 5?	3 또는 5?	잠 띠가 아따우 리마?		'{messenger,salon,booking}'		WhatsApp
l2_d15_t05	2	대화15	A	5	Jam 5. Sama Mas Andre ya.	5시. Andre 형.	잠 리마. 사마 마스 안드레 야.	Mas = 자바 호칭	'{messenger,salon,booking}'		WhatsApp
l2_d15_t06	2	대화15	B	6	Mas Andre kosong jam 5.	Andre 5시 비어.	마스 안드레 꼬송 잠 리마.		'{messenger,salon,booking}'		WhatsApp
l2_d15_t07	2	대화15	A	7	Plus warna rambut, harga berapa?	+ 염색, 가격?	플러스 와르나 람붓, 하르가 브라빠?	warna = 색	'{messenger,salon,booking}'		WhatsApp
l2_d15_t08	2	대화15	B	8	Total 850K, treatment included.	총 85만, 트리트먼트 포함.	또딸 들라빤 라뚜스 리마 뿔루 까, 트리트먼트 인클루디드.		'{messenger,salon,booking}'		WhatsApp
l2_d15_t09	2	대화15	A	9	OK. Warna apa direkomendasi?	OK. 색 추천?	오께. 와르나 아빠 디레꼬멘다시?		'{messenger,salon,booking}'		WhatsApp
l2_d15_t10	2	대화15	B	10	Caramel ash, lagi trend.	캐러멜 애쉬 트렌드.	카라멜 애시, 라기 트렌드.	trend = 영어	'{messenger,salon,booking}'		WhatsApp
l2_d15_t11	2	대화15	A	11	Mantap. Bawa foto referensi.	좋다. 참고 사진 가져갈게.	만땁. 바와 포또 레페렌시.	referensi = 참고	'{messenger,salon,booking}'		WhatsApp
l2_d15_t12	2	대화15	B	12	Sip. Sampai Sabtu jam 5.	응. 토 5시.	시쁘. 삼빠이 삽뚜 잠 리마.		'{messenger,salon,booking}'		WhatsApp
l2_d15_t13	2	대화15	A	13	Makasih, kak.	감사, 형.	마까시, 깍.		'{messenger,salon,booking}'		WhatsApp
l2_d19_t01	2	대화16	A	1	Yoga session pagi besok masih?	내일 아침 요가?	요가 세션 빠기 베속 마시?	session = 영어	'{messenger,sport,yoga}'	요가 동호회	WhatsApp 요가
l2_d19_t02	2	대화16	B	2	Iya! GBK jam 6.	응! GBK 6시.	이야! 게베까 잠 으남.		'{messenger,sport,yoga}'		WhatsApp
l2_d19_t03	2	대화16	A	3	Outdoor atau studio?	outdoor or studio?	아웃도어 아따우 스튜디오?	outdoor = 영어	'{messenger,sport,yoga}'		WhatsApp
l2_d19_t04	2	대화16	B	4	Outdoor. Park GBK.	outdoor. GBK 공원.	아웃도어. 빠르크 게베까.		'{messenger,sport,yoga}'		WhatsApp
l2_d19_t05	2	대화16	A	5	Bawa mat sendiri ya.	매트 가져와.	바와 맷 슨디리 야.	mat = 영어	'{messenger,sport,yoga}'		WhatsApp
l2_d19_t06	2	대화16	B	6	Pakai legging panjang, dingin.	레깅스 (추워).	빠까이 레깅 빤장, 딩인.	legging = 영어	'{messenger,sport,yoga}'		WhatsApp
l2_d19_t07	2	대화16	A	7	Instructor siapa?	강사?	인스트럭떠르 시아빠?	instructor = 영어	'{messenger,sport,yoga}'		WhatsApp
l2_d19_t08	2	대화16	B	8	Mbak Vina, certified RYT 500.	Vina 언니, RYT 500.	음박 비나, 서티파이드 알와이티 리마 라뚜스.	Mbak = 자바 여성 호칭	'{messenger,sport,yoga}'		WhatsApp
l2_d19_t09	2	대화16	A	9	Vinyasa flow?	Vinyasa flow?	비냐사 플로우?		'{messenger,sport,yoga}'		WhatsApp
l2_d19_t10	2	대화16	B	10	Iya plus restorative ending.	+ restorative 마무리.	이야 플러스 레스토라티브 엔딩.		'{messenger,sport,yoga}'		WhatsApp
l2_d19_t11	2	대화16	A	11	Mantap, savasana favorit.	좋다, savasana.	만땁, 사바사나 파보릿.	savasana = 요가 자세	'{messenger,sport,yoga}'		WhatsApp
l2_d19_t12	2	대화16	B	12	Setelah, brunch acai bowl?	후 브런치 acai?	스뜰라, 브런치 아싸이 보울?	acai = 영어	'{messenger,sport,yoga}'		WhatsApp
l2_d19_t13	2	대화16	A	13	Pasti! Cafe SaladStop.	꼭! SaladStop.	빠스띠! 까페 샐러드스톱.		'{messenger,sport,yoga}'		WhatsApp
l3_d13_t01	3	대화13	B	1	Aku sama Tono LDR Jakarta-Singapore.	Tono 와 LDR Jakarta-Singapore.	아꾸 사마 또노 엘디알 자카르타 싱가뽀르.	LDR = long distance	'{romance,ldr,sub_arc}'	서브 캐릭터 LDR	LDR 카페
l3_d13_t02	3	대화13	A	2	Wah, lama LDR?	와, LDR 오래?	와, 라마 엘디알?		'{romance,ldr,sub_arc}'		카페
l3_d13_t03	3	대화13	B	3	8 bulan. Susah tapi we manage.	8개월. 어렵지만 잘 해.	들라빤 불란. 수사 따삐 위 매니지.	manage = 영어	'{romance,ldr,sub_arc}'		카페
l3_d13_t04	3	대화13	A	4	Berapa kali ketemu?	얼마나 자주?	브라빠 깔리 끄뜨무?		'{romance,ldr,sub_arc}'		카페
l3_d13_t05	3	대화13	B	5	Sebulan sekali, gantian terbang.	월 1회, 번갈아.	스불란 스깔리, 간띠안 뜨르방.	gantian = 번갈아, terbang = 비행	'{romance,ldr,sub_arc}'		카페
l3_d13_t06	3	대화13	A	6	Mahal di tiket?	티켓 비싸?	마할 디 띠껫?		'{romance,ldr,sub_arc}'		카페
l3_d13_t07	3	대화13	B	7	Iya, tapi kita save.	응, 저축.	이야, 따삐 끼따 세이브.		'{romance,ldr,sub_arc}'		카페
l3_d13_t08	3	대화13	A	8	Komunikasi gimana setiap hari?	매일 소통?	꼬무니까시 기마나 스띠압 하리?	komunikasi = 소통	'{romance,ldr,sub_arc}'		카페
l3_d13_t09	3	대화13	B	9	Video call malam, text seharian.	저녁 영상통화, 메시지 하루.	비디오 콜 말람, 텍스트 스하리안.		'{romance,ldr,sub_arc}'		카페
l3_d13_t10	3	대화13	A	10	Kapan move bareng?	언제 같이?	까빤 무브 바릉?	move = 영어	'{romance,ldr,sub_arc}'		카페
l3_d13_t11	3	대화13	B	11	Tahun depan, dia transfer Jakarta.	내년 자카르타 transfer.	따훈 드빤, 디아 트랜스퍼 자카르타.		'{romance,ldr,sub_arc}'		카페
l3_d13_t12	3	대화13	A	12	Wah, plan matang.	와, 잘 계획.	와, 플랜 마땅.		'{romance,ldr,sub_arc}'		카페
l3_d13_t13	3	대화13	B	13	Iya, LDR mengajar sabar.	LDR 인내 가르침.	이야, 엘디알 믕아자르 사바르.		'{romance,ldr,sub_arc}'	wisdom	카페
l3_d13_t14	3	대화13	A	14	Semoga lancar ya.	잘되길.	스모가 란짜르 야.		'{romance,ldr,sub_arc}'		카페
l3_d14_t01	3	대화14	A	1	Aku suka teman aku.	친구 좋아해.	아꾸 수까 뜨만 아꾸.		'{romance,crush,friend}'	짝사랑	짝사랑 친구
l3_d14_t02	3	대화14	B	2	Wah, siapa?	와, 누구?	와, 시아빠?		'{romance,crush,friend}'		카페
l3_d14_t03	3	대화14	A	3	Nadia, kerja sama satu kantor.	Nadia, 같은 회사.	나디아, 끄르자 사마 사뚜 깐또르.		'{romance,crush,friend}'		카페
l3_d14_t04	3	대화14	B	4	Sudah berapa lama?	얼마 됐어?	수다 브라빠 라마?		'{romance,crush,friend}'		카페
l3_d14_t05	3	대화14	A	5	6 bulan. Dia tahu nggak?	6개월. 알아?	으남 불란. 디아 따후 응각?		'{romance,crush,friend}'		카페
l3_d14_t06	3	대화14	B	6	Kayaknya dia suspect.	의심하는 듯.	까야꺄 디아 서스펙트.	suspect = 영어	'{romance,crush,friend}'		카페
l3_d14_t07	3	대화14	A	7	Aku takut kalau ditolak rusak friendship.	거절되면 우정 깨질까.	아꾸 따꿋 깔라우 디똘락 루삭 프렌드십.	friendship = 영어	'{romance,crush,friend}'		카페
l3_d14_t08	3	대화14	B	8	Risiko universal.	보편적 리스크.	리시꼬 유니버살.	risiko = 리스크	'{romance,crush,friend}'		카페
l3_d14_t09	3	대화14	A	9	Tapi kalau diam, regret.	근데 침묵하면 후회.	따삐 깔라우 디암, 리그렛.	regret = 영어	'{romance,crush,friend}'		카페
l3_d14_t10	3	대화14	B	10	Confess pelan-pelan.	천천히 고백.	컨페스 쁠란 쁠란.		'{romance,crush,friend}'		카페
l3_d14_t11	3	대화14	A	11	Mulai dari makan siang berdua.	둘이 점심부터.	물라이 다리 마깐 시앙 브르두아.		'{romance,crush,friend}'		카페
l3_d14_t12	3	대화14	B	12	Iya, baca sinyalnya.	응, 신호 봐.	이야, 바짜 신얄냐.	sinyal = 신호	'{romance,crush,friend}'		카페
l3_d14_t13	3	대화14	A	13	Aku try minggu ini.	이번 주 시도.	아꾸 트라이 밍구 이니.		'{romance,crush,friend}'		카페
l3_d14_t14	3	대화14	B	14	Update aku ya!	업데이트해!	업데이트 아꾸 야!		'{romance,crush,friend}'		카페
l3_d15_t01	3	대화15	A	1	Hai, kamu Bumble kan?	안녕, Bumble 맞지?	하이, 까무 범블 깐?	Bumble = 데이팅 앱	'{romance,dating_app,first}'	데이팅앱 첫 만남	Bumble 첫 만남
l3_d15_t02	3	대화15	B	2	Iya, kamu Rangga ya?	응, Rangga?	이야, 까무 랑가 야?		'{romance,dating_app,first}'		카페
l3_d15_t03	3	대화15	A	3	Iya. Senang kenal langsung.	응. 만나서 반가워.	이야. 스낭 끄날 랑숭.		'{romance,dating_app,first}'		카페
l3_d15_t04	3	대화15	B	4	Kamu lebih ganteng dari foto.	사진보다 잘생김.	까무 르비 간뜽 다리 포또.		'{romance,dating_app,first}'	compliment	카페
l3_d15_t05	3	대화15	A	5	Wah, makasih. Kamu juga cantik.	와, 감사. 너도 예뻐.	와, 마까시. 까무 주가 짠띡.		'{romance,dating_app,first}'		카페
l3_d15_t06	3	대화15	B	6	Kerja apa?	일?	끄르자 아빠?		'{romance,dating_app,first}'		카페
l3_d15_t07	3	대화15	A	7	Marketing agency.	Marketing agency.	마케팅 에이전시.		'{romance,dating_app,first}'		카페
l3_d15_t08	3	대화15	B	8	Aku UX designer.	UX designer.	아꾸 유엑스 디자이너.		'{romance,dating_app,first}'		카페
l3_d15_t09	3	대화15	A	9	Wah, creative juga.	오 창의적.	와, 크리에티브 주가.	creative = 영어	'{romance,dating_app,first}'		카페
l3_d15_t10	3	대화15	B	10	Hobi kamu apa?	취미?	호비 까무 아빠?	hobi = 영어	'{romance,dating_app,first}'		카페
l3_d15_t11	3	대화15	A	11	Hiking, fotografi.	등산, 사진.	하이킹, 포또그라피.		'{romance,dating_app,first}'		카페
l3_d15_t12	3	대화15	B	12	Sama! Aku suka traveling juga.	같아! 여행도.	사마! 아꾸 수까 트라블링 주가.		'{romance,dating_app,first}'	common ground	카페
l3_d15_t13	3	대화15	A	13	Mau hiking bareng kapan?	같이 등산?	마우 하이킹 바릉 까빤?		'{romance,dating_app,first}'		카페
l3_d15_t14	3	대화15	B	14	Sabtu depan? Gede Pangrango.	다음 토? Gede Pangrango.	삽뚜 드빤? 그데 빵랑오.		'{romance,dating_app,first}'	두 번째 데이트 약속	카페
l5_d25_t01	5	대화25	A	1	Aku join klub pencak silat baru.	pencak silat 클럽 가입.	아꾸 조인 끌룹 쁜짝 실랏 바루.	pencak silat = 인니 전통 무술	'{hobby,sport,silat,traditional}'	UNESCO 무형유산	Pencak silat 클럽
l5_d25_t02	5	대화25	B	2	Wah, bela diri tradisional.	전통 무술이지.	와, 블라 디리 트라디시오날.	bela diri = 무술	'{hobby,sport,silat,traditional}'		카페
l5_d25_t03	5	대화25	A	3	Iya, perguruan Cimande di Bogor.	Cimande 도장 (Bogor).	이야, 쁘르구루안 찌만데 디 보고르.	perguruan = 도장, Cimande = silat 유파	'{hobby,sport,silat,traditional}'	서자바 silat 유파	카페
l5_d25_t04	5	대화25	B	4	Ada berapa aliran silat?	유파 몇 개?	아다 브라빠 알리란 실랏?	aliran = 유파	'{hobby,sport,silat,traditional}'		카페
l5_d25_t05	5	대화25	A	5	Ratusan, paling terkenal Cimande, Cikalong, Setia Hati.	수백, 유명 = Cimande/Cikalong/Setia Hati.	라뚜산, 빨링 뜨르끄날 찌만데, 찌깔롱, 스띠아 하띠.		'{hobby,sport,silat,traditional}'	주요 유파	카페
l5_d25_t06	5	대화25	B	6	Latihan apa hari pertama?	첫날 훈련?	라띠한 아빠 하리 쁘르따마?		'{hobby,sport,silat,traditional}'		카페
l5_d25_t07	5	대화25	A	7	Kuda-kuda dasar, jurus 1-3.	kuda-kuda 기본 자세, jurus 1-3.	꾸다 꾸다 다사르, 주루스 사뚜 띠가.	kuda-kuda = 자세 (reduplication), jurus = 형(型)	'{hobby,sport,silat,traditional}'		카페
l5_d25_t08	5	대화25	B	8	Pakai baju tradisional?	전통복?	빠까이 바주 트라디시오날?		'{hobby,sport,silat,traditional}'		카페
l5_d25_t09	5	대화25	A	9	Iya, baju silat hitam + sabuk.	검은 silat 복 + 띠.	이야, 바주 실랏 히땀 + 사북.	sabuk = 띠	'{hobby,sport,silat,traditional}'		카페
l5_d25_t10	5	대화25	B	10	Ada kompetisi nasional?	전국대회?	아다 꼼쁘띠시 나시오날?	kompetisi = 대회	'{hobby,sport,silat,traditional}'		카페
l5_d25_t11	5	대화25	A	11	Iya, PON dan SEA Games.	PON, SEA Games.	이야, 뽄 단 시아 게임스.	PON = Pekan Olahraga Nasional 인니 체전	'{hobby,sport,silat,traditional}'	silat = SEA Games 정식 종목	카페
l5_d25_t12	5	대화25	B	12	Mantap, kebanggaan Indonesia!	인니 자랑!	만땁, 끄방가안 인도네시아!	kebanggaan = 자랑	'{hobby,sport,silat,traditional}'		카페
l5_d26_t01	5	대화26	A	1	Tonton bulutangkis Indonesia Open?	Indonesia Open 봐?	논똔 불루땅끼스 인도네시아 오픈?	bulutangkis = 배드민턴	'{hobby,sport,badminton,proud}'	BWF World Tour Super 1000	Indonesia Open 배드민턴
l5_d26_t02	5	대화26	B	2	Pasti! Aku tim Indonesia.	꼭! 인니 팀.	빠스띠! 아꾸 띰 인도네시아.	tim = 팀	'{hobby,sport,badminton,proud}'		카페
l5_d26_t03	5	대화26	A	3	Apriyani Rahayu favorit aku.	Apriyani Rahayu 최애.	아쁘리야니 라하유 파보릿 아꾸.		'{hobby,sport,badminton,proud}'	인니 여복 올림픽 금메달	카페
l5_d26_t04	5	대화26	B	4	Iya, gold Tokyo Olympics!	도쿄 올림픽 금!	이야, 골드 도꾜 올림픽!		'{hobby,sport,badminton,proud}'	2020 도쿄 여자 복식 금메달	카페
l5_d26_t05	5	대화26	A	5	Sama Greysia Polii, partner-nya.	Greysia Polii, 짝꿍.	사마 그레이시아 뽈리, 파트너냐.	partner = 영어	'{hobby,sport,badminton,proud}'		카페
l5_d26_t06	5	대화26	B	6	Sektor putra siapa kuat?	남자부 강자?	섹또르 뿌트라 시아빠 꾸앗?	sektor = 부, putra = 남자	'{hobby,sport,badminton,proud}'		카페
l5_d26_t07	5	대화26	A	7	Ginting, Anthony Sinisuka.	Ginting, Anthony Sinisuka.	긴띵, 안토니 시니수까.		'{hobby,sport,badminton,proud}'	인니 남단	카페
l5_d26_t08	5	대화26	B	8	Aku bermain juga di kompleks.	단지에서 나도 쳐.	아꾸 브르마인 주가 디 꼼쁠렉스.	bermain = 놀다	'{hobby,sport,badminton,proud}'	인니 단지마다 코트	카페
l5_d26_t09	5	대화26	A	9	Wah, level apa?	레벨?	와, 레블 아빠?		'{hobby,sport,badminton,proud}'		카페
l5_d26_t10	5	대화26	B	10	Recreational, tapi semangat.	recreational, 열정.	레크리에이셔널, 따삐 스망앗.	recreational = 영어, semangat = 열정	'{hobby,sport,badminton,proud}'		카페
l5_d26_t11	5	대화26	A	11	Mau main bareng minggu depan?	다음 주 같이?	마우 마인 바릉 밍구 드빤?		'{hobby,sport,badminton,proud}'		카페
l5_d26_t12	5	대화26	B	12	Boleh! Aku bawa raket extra.	응! 라켓 여분.	볼레! 아꾸 바와 라껫 엑스트라.	raket = 라켓	'{hobby,sport,badminton,proud}'		카페
