rank	word	korean	tier
36	ha	했다	Top1-500
59	entre	~사이에	Top1-500
60	puede	할 수 있다	Top1-500
71	donde	어디, ~곳	Top1-500
72	parte	부분	Top1-500
83	e	그리고	Top1-500
84	ese	그	Top1-500
85	han	했다	Top1-500
89	cada	각각, 매	Top1-500
93	1	1 (숫자)	Top1-500
94	esa	그	Top1-500
97	mundo	세계, 세상	Top1-500
101	les	그들에게	Top1-500
102	mas	그러나, 더	Top1-500
103	otro	다른	Top1-500
104	otros	다른	Top1-500
107	cosas	것들	Top1-500
108	gran	큰, 위대한	Top1-500
111	personas	사람들	Top1-500
116	sea	~이든	Top1-500
118	tener	가지다	Top1-500
120	durante	~동안	Top1-500
121	ellos	그들	Top1-500
127	sólo	단지, 오직	Top1-500
128	aunque	비록 ~일지라도	Top1-500
129	contra	~에 반대하여	Top1-500
131	decir	말하다	Top1-500
132	gobierno	정부	Top1-500
133	país	나라, 국가	Top1-500
137	estos	이	Top1-500
138	forma	형태, 방식	Top1-500
139	he	했다	Top1-500
141	sido	~였던	Top1-500
145	estas	이	Top1-500
148	estar	있다, ~이다	Top1-500
150	tienen	가지다	Top1-500
153	quien	~하는 사람	Top1-500
154	toda	모든	Top1-500
157	caso	경우, 사건	Top1-500
165	nacional	국가의, 국립의	Top1-500
168	poder	할 수 있다, 힘	Top1-500
169	pueden	할 수 있다	Top1-500
172	historia	역사, 이야기	Top1-500
173	mientras	~하는 동안	Top1-500
176	otras	다른	Top1-500
179	4	4 (숫자)	Top1-500
181	muchos	많은	Top1-500
182	cual	어느, 어떤	Top1-500
183	debe	해야 하다	Top1-500
188	algunos	몇몇, 어떤	Top1-500
189	general	장군, 일반적인	Top1-500
190	mayor	더 큰, 연장자	Top1-500
192	además	게다가, 또한	Top1-500
195	primer	첫 번째	Top1-500
196	según	~에 따르면	Top1-500
198	cualquier	어떤, 아무	Top1-500
199	dios	신, 하나님	Top1-500
200	fueron	갔다, 였다	Top1-500
201	manera	방법, 방식	Top1-500
204	ley	법, 법률	Top1-500
206	partido	경기, 정당	Top1-500
207	bajo	아래, 낮은	Top1-500
208	fuera	밖에	Top1-500
209	hacia	~쪽으로	Top1-500
210	sino	오히려, 운명	Top1-500
213	haber	있다, 하다	Top1-500
214	hombre	남자, 사람	Top1-500
217	mujer	여자, 아내	Top1-500
219	será	~일 것이다	Top1-500
221	casi	거의	Top1-500
226	pasado	과거, 지난	Top1-500
227	presidente	대통령, 회장	Top1-500
235	dentro	안에	Top1-500
236	españa	스페인	Top1-500
239	lado	옆, 측면	Top1-500
243	misma	같은	Top1-500
244	pueblo	마을, 민족	Top1-500
246	esos	그	Top1-500
248	mujeres	여자들, 여성들	Top1-500
249	política	정치, 정책	Top1-500
251	punto	점, 지점	Top1-500
254	alguna	어떤	Top1-500
255	equipo	팀, 장비	Top1-500
256	guerra	전쟁	Top1-500
261	ante	~앞에서	Top1-500
262	d	디	Top1-500
263	dar	주다	Top1-500
264	embargo	그러나, 압류	Top1-500
267	importante	중요한	Top1-500
268	información	정보	Top1-500
275	san	성, 성인	Top1-500
276	social	사회의, 사교적이다	Top1-500
277	ejemplo	예, 예시	Top1-500
281	millones	백만	Top1-500
282	número	번호, 숫자	Top1-500
284	algunas	몇몇, 어떤	Top1-500
287	madre	어머니	Top1-500
289	siendo	~이면서, ~이어서	Top1-500
291	centro	중심, 센터	Top1-500
292	derecho	권리, 오른쪽	Top1-500
294	grandes	큰, 위대한	Top1-500
295	haciendo	하고 있다	Top1-500
296	hombres	남자들	Top1-500
297	nuestros	우리의	Top1-500
304	mierda	젠장, 똥	Top1-500
305	muerte	죽음	Top1-500
306	problemas	문제들	Top1-500
308	tras	뒤에, ~후에	Top1-500
309	través	~를 통해, 가로질러	Top1-500
312	podría	할 수 있을 것이다	Top1-500
313	realidad	현실, 실제	Top1-500
314	the	더	Top1-500
318	eran	이었다	Top1-500
320	incluso	심지어, ~조차	Top1-500
322	real	진짜의, 왕의	Top1-500
324	c	씨	Top1-500
326	desarrollo	개발, 발전	Top1-500
328	sociedad	사회	Top1-500
329	tema	주제, 테마	Top1-500
330	varios	여러, 몇몇의	Top1-500
331	esas	그	Top1-500
333	nivel	수준, 레벨	Top1-500
336	sería	~일 것이다	Top1-500
339	hemos	했다	Top1-500
340	juego	놀이, 경기, 게임	Top1-500
345	proyecto	프로젝트, 계획	Top1-500
349	uso	사용	Top1-500
350	artículo	기사, 물품	Top1-500
354	países	국가, 나라	Top1-500
360	i	나	Top1-500
361	madrid	마드리드	Top1-500
362	mayoría	대다수, 대부분	Top1-500
366	tierra	땅, 지구, 흙	Top1-500
368	único	유일한, 독특한	Top1-500
370	programa	프로그램	Top1-500
371	segundo	두 번째, 초	Top1-500
373	universidad	대학교	Top1-500
374	último	마지막	Top1-500
375	cabeza	머리	Top1-500
377	haya	있기를	Top1-500
378	internacional	국제적인	Top1-500
380	palabras	단어들, 말들	Top1-500
382	público	대중, 공공의	Top1-500
383	seguir	따라가다, 계속하다	Top1-500
384	servicio	서비스, 봉사	Top1-500
385	situación	상황	Top1-500
386	ayuda	도움, 돕다	Top1-500
387	juan	후안	Top1-500
388	libro	책	Top1-500
389	siguiente	다음의	Top1-500
391	datos	데이터, 자료	Top1-500
392	dejar	두다, 떠나다	Top1-500
393	educación	교육	Top1-500
394	proceso	과정, 절차	Top1-500
395	sentido	의미, 감각, 느껴진	Top1-500
397	clase	수업, 종류, 반	Top1-500
398	cuanto	얼마나, ~만큼	Top1-500
399	derechos	권리들	Top1-500
400	ello	그것	Top1-500
404	s	에스	Top1-500
406	9	9 (숫자)	Top1-500
408	ningún	어떤 ~도 아닌	Top1-500
409	orden	명령, 순서	Top1-500
410	puesto	놓인, 자리	Top1-500
412	realmente	정말로, 진짜	Top1-500
413	alto	높은, 키가 큰	Top1-500
414	demás	나머지, 그 밖의	Top1-500
416	diferentes	다른, 여러 가지의	Top1-500
418	junto	함께, 같이	Top1-500
420	medios	수단, 매체, 절반	Top1-500
421	ninguna	어떤 ~도 아닌	Top1-500
422	personal	개인적인, 직원	Top1-500
424	trata	다루다, 대하다	Top1-500
425	video	비디오	Top1-500
427	web	웹	Top1-500
428	base	기지, 기초	Top1-500
429	camino	길, 도로	Top1-500
434	m	엠	Top1-500
435	paz	평화	Top1-500
436	policía	경찰	Top1-500
439	sitio	장소, 곳	Top1-500
441	tuvo	가졌다	Top1-500
442	zona	구역, 지역	Top1-500
443	calle	거리, 길	Top1-500
446	mundial	세계의	Top1-500
448	ojos	눈들	Top1-500
449	os	너희를	Top1-500
450	pensar	생각하다	Top1-500
451	servicios	서비스들, 화장실	Top1-500
452	sociales	사회적인	Top1-500
453	allí	저기	Top1-500
454	atención	주의, 관심	Top1-500
455	debería	해야 한다	Top1-500
456	escuela	학교	Top1-500
457	julio	7월, 훌리오	Top1-500
458	pueda	할 수 있다	Top1-500
460	respecto	관련하여, ~에 대해	Top1-500
461	segunda	두 번째	Top1-500
463	ve	가다, 보다	Top1-500
465	capital	수도, 자본	Top1-500
466	casos	사건들, 경우들	Top1-500
467	etc	등, 기타 (약어)	Top1-500
468	libre	자유로운, 빈	Top1-500
470	mejores	더 나은, 최고	Top1-500
471	población	인구, 마을	Top1-500
472	quienes	누가, 누구들	Top1-500
473	relación	관계	Top1-500
476	varias	여러, 몇몇의	Top1-500
477	bastante	충분히, 꽤	Top1-500
478	cultura	문화, 교양	Top1-500
479	debido	~때문에, 마땅한	Top1-500
480	difícil	어렵다	Top1-500
481	dio	주었다	Top1-500
482	estaban	있었다	Top1-500
484	fuerte	강한, 세게	Top1-500
485	fácil	쉽다	Top1-500
491	pregunta	질문, 묻다	Top1-500
492	rey	왕	Top1-500
494	apoyo	지원, 지지	Top1-500
495	dado	주어진	Top1-500
496	deja	두다, 그만두다	Top1-500
497	demasiado	너무, 지나치게	Top1-500
499	fuerza	힘, 강제	Top1-500
501	josé	호세	Top501-1000
502	manos	손들	Top501-1000
505	oficial	공식적인, 장교	Top501-1000
506	propio	자신의, 고유한	Top501-1000
508	chile	칠레	Top501-1000
510	deben	해야 한다	Top501-1000
511	empresas	회사들	Top501-1000
512	encontrar	찾다, 발견하다	Top501-1000
514	marzo	3월	Top501-1000
515	peor	더 나쁜, 최악	Top501-1000
516	serie	시리즈, 연속	Top501-1000
520	asi	그렇게, 이렇게	Top501-1000
521	edad	나이, 연령	Top501-1000
522	futuro	미래	Top501-1000
523	justicia	정의, 사법	Top501-1000
525	nuestras	우리의	Top501-1000
526	pesar	무게를 달다, 유감	Top501-1000
528	venezuela	베네수엘라	Top501-1000
530	cantidad	양, 수량	Top501-1000
531	corazón	심장, 마음	Top501-1000
533	encuentra	찾다, 만나다	Top501-1000
534	existe	존재하다, 있다	Top501-1000
535	imagen	이미지, 모습	Top501-1000
536	importa	중요하다	Top501-1000
538	octubre	10월	Top501-1000
539	p	p (알파벳 글자)	Top501-1000
540	político	정치적인, 정치인	Top501-1000
541	principal	주된, 주요한	Top501-1000
542	propia	자신의, 고유한	Top501-1000
545	volver	돌아오다, 돌아가다	Top501-1000
547	actual	현재의, 지금의	Top501-1000
548	ambos	둘 다, 양쪽	Top501-1000
549	elecciones	선거, 선택	Top501-1000
550	estudio	공부, 스튜디오	Top501-1000
551	grupos	그룹, 집단	Top501-1000
554	modo	방법, 방식	Top501-1000
555	palabra	단어, 말	Top501-1000
557	sean	~이기를	Top501-1000
558	tenido	가지다	Top501-1000
559	abril	4월	Top501-1000
560	campo	들판, 분야	Top501-1000
561	hubiera	있었을 것이다	Top501-1000
562	internet	인터넷	Top501-1000
564	nuevos	새로운	Top501-1000
565	plan	계획	Top501-1000
566	puntos	점들, 포인트	Top501-1000
567	pública	공공의, 공공장소	Top501-1000
568	región	지역	Top501-1000
569	significa	의미하다	Top501-1000
570	comunidad	공동체, 커뮤니티	Top501-1000
571	dirección	방향, 주소	Top501-1000
572	habían	그들은 ~해 있었다	Top501-1000
573	has	했다	Top501-1000
574	investigación	조사, 연구, 수사	Top501-1000
575	junio	6월	Top501-1000
577	nuevas	새로운	Top501-1000
578	partidos	정당들, 경기들	Top501-1000
579	partir	떠나다, 나누다	Top501-1000
580	película	영화	Top501-1000
581	q	q (알파벳 글자)	Top501-1000
582	república	공화국	Top501-1000
583	resto	나머지	Top501-1000
586	dan	그들이 주다	Top501-1000
588	hacerlo	그것을 하다	Top501-1000
589	llamado	불린, 부름	Top501-1000
591	movimiento	움직임, 운동	Top501-1000
592	noviembre	11월	Top501-1000
594	precio	가격, 값	Top501-1000
595	respuesta	대답, 답변	Top501-1000
597	simplemente	단순히, 그저	Top501-1000
598	x	엑스	Top501-1000
599	única	유일한	Top501-1000
600	agosto	8월	Top501-1000
601	aun	여전히, 아직	Top501-1000
602	b	비	Top501-1000
603	cargo	직책, 책임	Top501-1000
605	cuales	어떤 것들, 어느 것들	Top501-1000
606	ellas	그녀들	Top501-1000
610	leer	읽다	Top501-1000
611	llama	부르다, 전화하다, 불꽃	Top501-1000
613	miembros	구성원들, 회원들	Top501-1000
614	n	엔	Top501-1000
617	producción	생산, 제작	Top501-1000
618	siglo	세기	Top501-1000
619	ustedes	당신들	Top501-1000
620	0	0 (숫자)	Top501-1000
621	cabo	끝, 상병	Top501-1000
622	común	공통의, 흔한	Top501-1000
623	economía	경제	Top501-1000
624	entiendo	이해하다	Top501-1000
626	febrero	2월	Top501-1000
627	hablando	말하고 있다	Top501-1000
628	haga	하다	Top501-1000
629	necesita	필요하다	Top501-1000
630	opinión	의견, 생각	Top501-1000
632	organización	조직	Top501-1000
633	partes	부분들, 장소들	Top501-1000
634	página	페이지, 쪽	Top501-1000
636	santa	성녀, 거룩한	Top501-1000
639	acción	행동, 액션	Top501-1000
640	arte	예술	Top501-1000
641	condiciones	조건들, 상태	Top501-1000
642	conocer	알다, 만나다	Top501-1000
645	noticias	뉴스, 소식	Top501-1000
646	plaza	광장, 자리	Top501-1000
647	septiembre	9월	Top501-1000
648	u	또는	Top501-1000
649	usar	사용하다	Top501-1000
650	valor	용기, 가치	Top501-1000
652	calidad	품질, 질	Top501-1000
653	causa	원인, 이유	Top501-1000
654	central	중앙의	Top501-1000
655	director	감독, 이사	Top501-1000
656	duda	의심, 의문	Top501-1000
657	europa	유럽	Top501-1000
658	fecha	날짜	Top501-1000
661	l	엘	Top501-1000
662	necesario	필요한	Top501-1000
663	obras	작품, 공사	Top501-1000
664	políticos	정치가들, 정치적인	Top501-1000
666	resultado	결과	Top501-1000
668	cambiar	바꾸다, 변하다	Top501-1000
670	colombia	콜롬비아	Top501-1000
671	hermano	형제	Top501-1000
672	libros	책들	Top501-1000
677	últimos	마지막의, 최근의	Top501-1000
678	acerca	~에 관하여	Top501-1000
679	acá	여기	Top501-1000
680	alrededor	주위에, 둘레	Top501-1000
681	campaña	캠페인, 운동	Top501-1000
683	ejército	군대, 육군	Top501-1000
684	encima	위에, 게다가	Top501-1000
685	estudios	공부, 스튜디오	Top501-1000
686	interés	관심, 이자	Top501-1000
689	negro	검은, 흑인	Top501-1000
690	niño	아이, 소년	Top501-1000
691	objetivo	목표, 목적	Top501-1000
692	of	~의	Top501-1000
693	popular	인기 있는	Top501-1000
694	principio	시작, 원칙	Top501-1000
695	provincia	주, 도 (지방 행정구역)	Top501-1000
696	recursos	자원, 수단	Top501-1000
697	red	네트워크, 그물	Top501-1000
698	río	강	Top501-1000
700	aquellos	저것들	Top501-1000
702	blanco	흰, 하얀	Top501-1000
706	diciendo	말하고 있는	Top501-1000
707	especialmente	특히, 특별히	Top501-1000
708	ganar	이기다, 벌다	Top501-1000
709	interior	내부, 안쪽	Top501-1000
710	lucha	싸움, 투쟁	Top501-1000
711	mediante	~을 통하여 (전치사)	Top501-1000
712	nota	메모, 성적	Top501-1000
713	pequeño	작다	Top501-1000
714	prueba	시험, 증거	Top501-1000
717	twitter	트위터	Top501-1000
718	vaya	가다, 어머	Top501-1000
719	anterior	이전의	Top501-1000
720	buscar	찾다	Top501-1000
721	dia	날, 하루	Top501-1000
722	fuerzas	힘들, 군대	Top501-1000
724	lugares	장소들	Top501-1000
725	medida	조치, 크기	Top501-1000
727	primeros	첫번째의	Top501-1000
728	principales	주요한, 주된	Top501-1000
729	temas	주제, 화제	Top501-1000
731	éxito	성공, 히트	Top501-1000
732	actividades	활동들	Top501-1000
735	américa	아메리카	Top501-1000
736	arriba	위에, 위로	Top501-1000
737	autor	저자, 작가	Top501-1000
741	entrar	들어가다	Top501-1000
742	estilo	스타일, 방식	Top501-1000
744	in	안에	Top501-1000
745	juegos	게임들, 경기들	Top501-1000
747	luis	루이스	Top501-1000
748	mala	나쁜	Top501-1000
750	militar	군인, 군대의	Top501-1000
751	muestra	보여주다, 견본	Top501-1000
752	oro	금	Top501-1000
753	par	쌍, 짝	Top501-1000
756	r	r (알파벳 글자)	Top501-1000
757	relaciones	관계들	Top501-1000
761	color	색, 색깔	Top501-1000
763	defensa	방어, 수비	Top501-1000
764	dólares	달러	Top501-1000
766	fútbol	축구	Top501-1000
769	humanos	인간들	Top501-1000
770	ideas	아이디어들, 생각들	Top501-1000
771	importantes	중요하다	Top501-1000
773	menor	더 작은, 미성년	Top501-1000
774	ministerio	부처, 성직	Top501-1000
775	pocos	몇 개의, 적은	Top501-1000
778	recuerdo	기억, 기억하다	Top501-1000
780	acceso	접근, 출입	Top501-1000
781	armas	무기들, 총들	Top501-1000
782	busca	찾다	Top501-1000
783	comunicación	통신, 의사소통	Top501-1000
784	congreso	국회, 회의	Top501-1000
786	evitar	피하다	Top501-1000
787	finalmente	마침내, 결국	Top501-1000
788	fuente	분수, 원천	Top501-1000
790	jugar	놀다, 경기하다	Top501-1000
792	ministro	장관	Top501-1000
793	productos	제품들	Top501-1000
794	puta	창녀, 빌어먹을	Top501-1000
795	siquiera	조차	Top501-1000
796	época	시대, 시기	Top501-1000
797	acciones	행동들, 주식	Top501-1000
798	actividad	활동	Top501-1000
799	banco	은행, 벤치	Top501-1000
800	conocido	알려진, 아는	Top501-1000
801	conseguir	얻다, 획득하다	Top501-1000
802	construcción	건설, 공사	Top501-1000
803	corte	법정, 자르다	Top501-1000
804	cualquiera	누구든, 아무나	Top501-1000
805	departamento	부서, 아파트	Top501-1000
807	existen	그들은 존재한다	Top501-1000
808	formas	형태들, 방식들	Top501-1000
810	oficina	사무실	Top501-1000
811	presente	현재, 선물	Top501-1000
812	queremos	원하다	Top501-1000
813	sector	부문, 분야	Top501-1000
815	superior	상위의, 우수하다	Top501-1000
817	boca	입	Top501-1000
818	capacidad	능력, 용량	Top501-1000
820	crear	만들다, 창조하다	Top501-1000
822	energía	에너지, 힘	Top501-1000
823	esperar	기다리다, 기대하다	Top501-1000
825	hicieron	그들이 했다	Top501-1000
827	mantener	유지하다, 지키다	Top501-1000
828	modelo	모델, 본보기	Top501-1000
829	natural	자연의, 자연스러운	Top501-1000
830	necesidad	필요, 필요성	Top501-1000
832	preguntas	질문들, 묻다	Top501-1000
833	radio	라디오, 반경	Top501-1000
835	trabajadores	노동자들, 근로자들	Top501-1000
836	v	브이	Top501-1000
837	viejo	늙은, 오래된	Top501-1000
838	administración	행정, 관리	Top501-1000
839	comisión	위원회, 수수료	Top501-1000
841	costa	해안	Top501-1000
842	cree	믿다, 생각하다	Top501-1000
843	crisis	위기	Top501-1000
844	culpa	잘못, 탓	Top501-1000
845	cámara	카메라, 방	Top501-1000
846	diario	일기, 매일의	Top501-1000
848	empezar	시작하다	Top501-1000
849	entender	이해하다	Top501-1000
850	esté	있다, 이다	Top501-1000
851	fuego	불, 화재	Top501-1000
852	fui	갔다, 였다	Top501-1000
853	habrá	있을 것이다	Top501-1000
854	jóvenes	젊은 사람들, 젊은	Top501-1000
855	perder	잃다, 지다	Top501-1000
856	políticas	정책들, 정치적인	Top501-1000
857	pone	놓다, 두다	Top501-1000
858	posición	위치, 자세	Top501-1000
860	título	제목, 칭호	Top501-1000
862	°	도 (기호)	Top501-1000
863	actualmente	현재	Top501-1000
865	llamada	전화, 부름	Top501-1000
867	participación	참여, 참가	Top501-1000
868	sangre	피, 혈통	Top501-1000
870	violencia	폭력	Top501-1000
871	auto	자동차	Top501-1000
872	brasil	브라질	Top501-1000
874	china	중국	Top501-1000
875	ciudadanos	시민	Top501-1000
877	facebook	페이스북	Top501-1000
878	leyes	법들	Top501-1000
879	principios	원칙, 초반	Top501-1000
880	probablemente	아마도	Top501-1000
882	solamente	오직, 단지	Top501-1000
883	área	지역, 구역	Top501-1000
885	banda	밴드, 무리, 띠	Top501-1000
886	ciudades	도시	Top501-1000
887	clases	수업들, 종류들	Top501-1000
888	colegio	학교	Top501-1000
889	contenido	내용, 콘텐츠	Top501-1000
891	encuentro	만남, 찾다	Top501-1000
892	entrada	입구, 입장	Top501-1000
894	francia	프랑스	Top501-1000
895	francisco	프란시스코	Top501-1000
896	imposible	불가능한	Top501-1000
897	medidas	조치, 치수	Top501-1000
898	pagar	지불하다, 갚다	Top501-1000
899	pedro	페드로	Top501-1000
900	permite	허락하다, 허용하다	Top501-1000
901	pp	페이지들 (약어)	Top501-1000
902	pudo	할 수 있었다	Top501-1000
903	televisión	텔레비전	Top501-1000
904	unión	결합, 연합, 조합	Top501-1000
905	vía	길, 경로, 철로	Top501-1000
907	atrás	뒤에, 뒤로	Top501-1000
908	capaz	능력 있는, 가능한	Top501-1000
909	club	클럽	Top501-1000
910	comentarios	댓글, 논평	Top501-1000
911	darle	그에게 주다	Top501-1000
913	error	오류, 실수	Top501-1000
915	hechos	사실들, 만들어진	Top501-1000
916	mayores	더 큰, 연장자들	Top501-1000
918	precios	가격들	Top501-1000
919	proyectos	프로젝트들, 계획들	Top501-1000
920	redes	네트워크, 망	Top501-1000
921	sabemos	알다	Top501-1000
922	sexo	성, 섹스	Top501-1000
924	siguientes	다음의, 이어지는	Top501-1000
925	t	티	Top501-1000
926	tambien	또한, 역시	Top501-1000
927	texto	텍스트, 문자	Top501-1000
929	análisis	분석	Top501-1000
931	chica	소녀, 여자아이	Top501-1000
932	constitución	헌법, 구성	Top501-1000
934	cuentas	계산, 계좌	Top501-1000
935	código	코드, 암호	Top501-1000
936	dolor	고통, 아픔	Top501-1000
937	efecto	효과	Top501-1000
938	habría	있었을 것이다	Top501-1000
939	isla	섬	Top501-1000
940	izquierda	왼쪽, 좌측	Top501-1000
941	mente	마음, 정신	Top501-1000
943	perú	페루	Top501-1000
944	pienso	생각하다	Top501-1000
945	post	게시물, 포스트	Top501-1000
946	presencia	존재, 출석	Top501-1000
948	quizás	아마	Top501-1000
951	serán	그들은 ~일 것이다	Top501-1000
952	siguen	따르다, 계속하다	Top501-1000
953	sr	씨	Top501-1000
954	tenían	그들은 가지고 있었다	Top501-1000
955	totalmente	전적으로, 완전히	Top501-1000
956	versión	버전	Top501-1000
957	aqui	여기	Top501-1000
958	barcelona	바르셀로나	Top501-1000
959	chicos	아이들, 녀석들	Top501-1000
960	cielo	하늘, 천국	Top501-1000
962	cuestión	문제, 질문	Top501-1000
963	debemos	해야 한다	Top501-1000
965	española	스페인의 (여성형)	Top501-1000
966	formación	형성, 교육, 훈련	Top501-1000
967	hice	했다	Top501-1000
968	ii	2세, 2 (로마 숫자)	Top501-1000
969	importancia	중요성	Top501-1000
970	industria	산업, 공업	Top501-1000
971	instituto	학원, 고등학교	Top501-1000
972	loco	미친, 광인	Top501-1000
973	origen	기원, 출신	Top501-1000
974	premio	상, 상품	Top501-1000
975	re	재, 다시	Top501-1000
977	simple	간단한, 단순한	Top501-1000
978	unidad	단위, 부대	Top501-1000
980	and	그리고	Top501-1000
981	cambios	변화, 변경	Top501-1000
982	canal	채널, 운하	Top501-1000
983	cultural	문화적인	Top501-1000
984	dando	주고 있는	Top501-1000
987	económica	경제적인 (여성형)	Top501-1000
988	escrito	쓰여진, 글	Top501-1000
990	gustaría	좋아할 것이다	Top501-1000
991	h	에이치	Top501-1000
992	interesante	흥미로운, 재미있는	Top501-1000
993	jamás	결코, 절대	Top501-1000
994	juicio	재판, 판단	Top501-1000
995	miles	수천	Top501-1000
998	peso	무게, 페소	Top501-1000
999	pobre	가난한, 불쌍한	Top501-1000
1000	prensa	언론, 신문	Top501-1000
1001	propiedad	재산, 속성	Top1001-2000
1002	revolución	혁명	Top1001-2000
1003	victoria	승리	Top1001-2000
1004	votos	투표, 서약	Top1001-2000
1005	vuelve	돌아오다, 돌아가다	Top1001-2000
1006	york	요크	Top1001-2000
1007	éste	이것, 이 사람	Top1001-2000
1008	alma	영혼	Top1001-2000
1009	antonio	안토니오	Top1001-2000
1010	artículos	기사, 물품	Top1001-2000
1011	asunto	문제, 일, 사안	Top1001-2000
1012	buscando	찾고 있는	Top1001-2000
1013	completamente	완전히	Top1001-2000
1015	conocimiento	지식	Top1001-2000
1016	estudiantes	학생들	Top1001-2000
1018	humano	인간, 인간적인	Top1001-2000
1019	imágenes	이미지들, 그림들	Top1001-2000
1020	marcha	행진, 출발	Top1001-2000
1021	pasando	지나가는, 일어나고 있는	Top1001-2000
1022	pie	발	Top1001-2000
1023	puedan	그들이 할 수 있다	Top1001-2000
1024	tecnología	기술, 테크놀로지	Top1001-2000
1025	tipos	종류, 녀석들	Top1001-2000
1026	trabajos	직업들, 일들	Top1001-2000
1028	aprender	배우다	Top1001-2000
1029	conjunto	세트, 집합	Top1001-2000
1030	cuarto	방, 네 번째	Top1001-2000
1031	curso	과정, 강좌	Top1001-2000
1032	democracia	민주주의	Top1001-2000
1033	don	돈, 씨	Top1001-2000
1034	fe	믿음, 신앙	Top1001-2000
1035	ganas	의욕, 하고 싶음	Top1001-2000
1036	género	성별, 장르	Top1001-2000
1037	muerto	죽은	Top1001-2000
1038	nación	국가	Top1001-2000
1039	negocio	사업, 비즈니스	Top1001-2000
1041	pablo	파블로	Top1001-2000
1042	particular	특별한, 개인의	Top1001-2000
1043	posibilidad	가능성	Top1001-2000
1044	profesional	전문적인	Top1001-2000
1045	régimen	체제, 정권	Top1001-2000
1046	suelo	땅, 바닥	Top1001-2000
1047	tuve	가졌다	Top1001-2000
1049	visita	방문	Top1001-2000
1051	ataque	공격, 발작	Top1001-2000
1053	cuba	쿠바	Top1001-2000
1054	económico	경제적인 (남성형)	Top1001-2000
1055	edificio	건물	Top1001-2000
1056	federal	연방의	Top1001-2000
1057	lengua	혀, 언어	Top1001-2000
1059	naturaleza	자연, 본성	Top1001-2000
1060	noches	밤들	Top1001-2000
1062	piensa	생각하다	Top1001-2000
1063	programas	프로그램들	Top1001-2000
1064	protección	보호	Top1001-2000
1065	pruebas	증거, 시험	Top1001-2000
1066	publicado	출판된, 게시된	Top1001-2000
1067	sala	방, 거실	Top1001-2000
1068	santiago	산티아고	Top1001-2000
1070	sueño	꿈, 잠	Top1001-2000
1072	trabajando	일하고 있는	Top1001-2000
1073	transporte	교통, 운송	Top1001-2000
1074	usa	미국, 사용하다	Top1001-2000
1075	usuarios	사용자들	Top1001-2000
1076	zonas	지역, 구역들	Top1001-2000
1077	acto	행위, 막	Top1001-2000
1078	animales	동물들	Top1001-2000
1079	asociación	협회, 연합	Top1001-2000
1080	completo	완전한, 전부의	Top1001-2000
1081	cuidado	조심, 돌봄	Top1001-2000
1082	deseo	욕망, 소망	Top1001-2000
1083	detrás	뒤에	Top1001-2000
1084	directamente	직접적으로	Top1001-2000
1085	doctor	의사, 박사	Top1001-2000
1086	dr	박사 (약어)	Top1001-2000
1087	edición	판, 편집	Top1001-2000
1088	encuentran	그들은 찾는다	Top1001-2000
1090	informe	보고서	Top1001-2000
1091	llegado	도착한	Top1001-2000
1092	manuel	마누엘 (인명)	Top1001-2000
1093	material	자료, 재료	Top1001-2000
1094	metros	미터, 지하철	Top1001-2000
1095	momentos	순간들	Top1001-2000
1096	nacionales	국가의, 국내의	Top1001-2000
1097	pareja	커플, 짝	Top1001-2000
1099	presenta	소개하다, 발표하다	Top1001-2000
1100	puso	놓았다, 두었다	Top1001-2000
1102	razones	이유들	Top1001-2000
1103	recuerda	기억하다	Top1001-2000
1104	venta	판매	Top1001-2000
1106	chicas	소녀들, 여자애들	Top1001-2000
1107	confianza	신뢰, 자신감	Top1001-2000
1108	creación	창조, 창설	Top1001-2000
1109	destino	운명, 목적지	Top1001-2000
1110	especie	종류, 종	Top1001-2000
1113	legal	합법의	Top1001-2000
1114	muertos	죽은 사람들	Top1001-2000
1115	negocios	사업, 비즈니스	Top1001-2000
1116	obtener	얻다, 획득하다	Top1001-2000
1118	pensando	생각하고 있는	Top1001-2000
1119	perro	개	Top1001-2000
1121	pueblos	마을들, 민족들	Top1001-2000
1122	quiera	원하다	Top1001-2000
1123	responsabilidad	책임	Top1001-2000
1124	reunión	회의, 모임	Top1001-2000
1125	revista	잡지	Top1001-2000
1126	solución	해결책, 용액	Top1001-2000
1127	territorio	영토, 지역	Top1001-2000
1128	to	에게, 까지	Top1001-2000
1130	vídeo	비디오, 영상	Top1001-2000
1131	aplicación	적용, 애플리케이션	Top1001-2000
1132	aumento	증가, 인상	Top1001-2000
1133	calles	거리들	Top1001-2000
1135	ciencia	과학	Top1001-2000
1136	decía	말하고 있었다	Top1001-2000
1137	diga	말하다	Top1001-2000
1138	distancia	거리	Top1001-2000
1139	doble	두 배, 이중의	Top1001-2000
1140	familias	가족들	Top1001-2000
1141	j	j (알파벳 글자)	Top1001-2000
1142	jesús	예수	Top1001-2000
1143	marca	브랜드, 표시	Top1001-2000
1144	memoria	기억, 메모리	Top1001-2000
1145	motivo	이유, 동기	Top1001-2000
1146	opción	선택, 옵션	Top1001-2000
1147	pase	지나가다, 통과	Top1001-2000
1149	práctica	연습, 실습, 실천	Top1001-2000
1150	realizar	실행하다, 수행하다	Top1001-2000
1151	referencia	참조, 언급	Top1001-2000
1153	reino	왕국	Top1001-2000
1154	resulta	~로 드러나다, 결과가 되다	Top1001-2000
1155	riesgo	위험, 리스크	Top1001-2000
1156	sacar	꺼내다, 빼다	Top1001-2000
1158	silencio	침묵, 조용함	Top1001-2000
1159	temporada	시즌, 계절	Top1001-2000
1160	terminar	끝내다, 마치다	Top1001-2000
1161	autoridades	당국, 권력	Top1001-2000
1162	comenzó	시작했다	Top1001-2000
1163	comercio	상업, 무역	Top1001-2000
1164	daño	피해, 상처	Top1001-2000
1165	elementos	요소들	Top1001-2000
1166	equipos	팀들, 장비들	Top1001-2000
1167	esfuerzo	노력	Top1001-2000
1168	f	f (알파벳 글자)	Top1001-2000
1169	fuentes	출처, 분수, 샘물	Top1001-2000
1170	gratis	무료의	Top1001-2000
1171	hacía	하고 있었다	Top1001-2000
1172	http	HTTP (프로토콜)	Top1001-2000
1173	internacionales	국제적인	Top1001-2000
1175	miembro	회원, 구성원	Top1001-2000
1176	murió	죽었다	Top1001-2000
1178	perdido	잃어버린, 길 잃은	Top1001-2000
1179	producto	제품, 상품	Top1001-2000
1182	salida	출구, 나감	Top1001-2000
1183	selección	선택, 대표팀	Top1001-2000
1184	sistemas	시스템, 체계	Top1001-2000
1185	tendrá	그는 가질 것이다	Top1001-2000
1186	teniendo	가지고 있는	Top1001-2000
1189	aquel	저것, 저	Top1001-2000
1192	contar	말하다, 세다	Top1001-2000
1193	crecimiento	성장, 증가	Top1001-2000
1194	despues	후에, 나중에	Top1001-2000
1195	excelente	훌륭한, 최고의	Top1001-2000
1196	función	기능, 공연	Top1001-2000
1197	independencia	독립	Top1001-2000
1198	intereses	이익, 관심	Top1001-2000
1200	llevó	가져갔다, 데려갔다	Top1001-2000
1202	salió	나갔다, 나왔다	Top1001-2000
1203	santo	성인, 거룩한	Top1001-2000
1204	tv	티비	Top1001-2000
1205	término	용어, 기한, 종료	Top1001-2000
1206	valores	가치들, 가격들	Top1001-2000
1207	verdadero	진짜의, 진실한	Top1001-2000
1209	voto	투표, 표	Top1001-2000
1210	corrupción	부패	Top1001-2000
1211	cruz	십자가	Top1001-2000
1212	dormir	자다	Top1001-2000
1213	esperanza	희망	Top1001-2000
1214	fiscal	검사, 재정의	Top1001-2000
1216	ido	간, 갔던	Top1001-2000
1217	incluye	포함하다 (3인칭 단수)	Top1001-2000
1218	john	존	Top1001-2000
1219	líder	지도자, 리더	Top1001-2000
1220	militares	군인, 군사적인	Top1001-2000
1221	nombres	이름들	Top1001-2000
1222	podrá	그는 할 수 있을 것이다	Top1001-2000
1223	propios	자기 자신의	Top1001-2000
1224	públicos	공공의, 대중의	Top1001-2000
1225	rato	잠시, 시간	Top1001-2000
1226	tales	그러한, ~같은	Top1001-2000
1227	tengan	가지다	Top1001-2000
1228	tratar	대하다, 다루다, 시도하다	Top1001-2000
1229	tribunal	법원, 재판소	Top1001-2000
1230	usuario	사용자	Top1001-2000
1231	ésta	이것, 이 여자	Top1001-2000
1232	acaba	끝내다, 방금 ~하다	Top1001-2000
1234	barrio	동네, 지역	Top1001-2000
1235	chico	소년, 남자아이	Top1001-2000
1237	comercial	상업적인, 광고	Top1001-2000
1238	copa	잔, 컵	Top1001-2000
1239	creen	그들이 믿다	Top1001-2000
1240	cuyo	그의, 누구의	Top1001-2000
1241	efectos	효과, 결과, 소지품	Top1001-2000
1242	elección	선택, 선거	Top1001-2000
1243	empezó	시작했다	Top1001-2000
1244	exterior	외부, 외관	Top1001-2000
1245	habitantes	주민들, 거주자들	Top1001-2000
1247	honor	명예, 영광	Top1001-2000
1248	instituciones	기관들, 제도들	Top1001-2000
1249	llamar	부르다, 전화하다	Top1001-2000
1250	mejorar	개선하다, 좋아지다	Top1001-2000
1251	miguel	미겔	Top1001-2000
1252	morir	죽다	Top1001-2000
1253	oficiales	공식의, 장교들	Top1001-2000
1255	pequeños	작은 것들, 작은	Top1001-2000
1256	podrían	그들이 할 수 있을 것이다	Top1001-2000
1258	tanta	그렇게 많은	Top1001-2000
1259	triste	슬픈	Top1001-2000
1260	alguno	어떤, 몇몇의	Top1001-2000
1262	david	데이비드	Top1001-2000
1263	debate	토론, 논쟁	Top1001-2000
1264	dieron	그들은 주었다	Top1001-2000
1265	diseño	디자인, 설계	Top1001-2000
1266	electoral	선거의	Top1001-2000
1267	hogar	집, 가정	Top1001-2000
1269	niña	여자 아이, 소녀	Top1001-2000
1270	películas	영화들	Top1001-2000
1271	quedan	그들은 남다	Top1001-2000
1272	recibir	받다	Top1001-2000
1274	similar	비슷한	Top1001-2000
1276	vienen	그들이 오다	Top1001-2000
1279	azul	파란, 파란색	Top1001-2000
1280	carne	고기, 살	Top1001-2000
1281	cumplir	이행하다, 완수하다	Top1001-2000
1282	dices	말하다	Top1001-2000
1283	discurso	연설, 담화	Top1001-2000
1285	entrevista	인터뷰, 면접	Top1001-2000
1286	españoles	스페인 사람들, 스페인의	Top1001-2000
1288	expresión	표현, 표정	Top1001-2000
1290	flores	꽃들	Top1001-2000
1292	garcía	가르시아 (성씨)	Top1001-2000
1294	inicio	시작, 시초	Top1001-2000
1295	juez	판사, 심판	Top1001-2000
1296	maestro	선생님, 대가	Top1001-2000
1298	materia	과목, 물질	Top1001-2000
1299	ninguno	아무도, 어느 것도 아닌	Top1001-2000
1300	oposición	반대, 야당	Top1001-2000
1301	registro	기록, 등록	Top1001-2000
1302	teatro	극장, 연극	Top1001-2000
1303	términos	용어, 조건	Top1001-2000
1305	asamblea	의회, 총회	Top1001-2000
1306	caja	상자, 박스	Top1001-2000
1307	canciones	노래들	Top1001-2000
1308	detalles	세부사항들	Top1001-2000
1309	dijeron	그들이 말했다	Top1001-2000
1310	empleo	직업, 고용	Top1001-2000
1311	enfermedad	병, 질병	Top1001-2000
1312	escena	장면, 현장	Top1001-2000
1313	estructura	구조	Top1001-2000
1314	fines	목적, 말	Top1001-2000
1315	g	g (알파벳 글자)	Top1001-2000
1316	golpe	타격, 한 방	Top1001-2000
1317	grado	등급, 학년, 정도	Top1001-2000
1318	hacemos	하다	Top1001-2000
1319	incluyendo	포함하여	Top1001-2000
1320	lleno	가득 찬	Top1001-2000
1321	lópez	로페스 (성씨)	Top1001-2000
1322	matrimonio	결혼, 부부	Top1001-2000
1323	misión	임무, 미션	Top1001-2000
1325	parecer	보이다, ~같다	Top1001-2000
1326	participar	참여하다	Top1001-2000
1327	peligro	위험	Top1001-2000
1328	pelo	머리카락, 털	Top1001-2000
1329	presión	압력, 스트레스	Top1001-2000
1330	sección	부서, 구역	Top1001-2000
1331	sos	너는 ~이다 (아르헨티나식), SOS	Top1001-2000
1332	tercera	세 번째의	Top1001-2000
1333	venir	오다	Top1001-2000
1335	amiga	여자 친구, 친구	Top1001-2000
1336	batalla	전투	Top1001-2000
1338	carácter	성격, 문자	Top1001-2000
1339	deberían	그들은 ~해야 한다	Top1001-2000
1340	distintos	서로 다른, 여러	Top1001-2000
1342	eh	어, 에	Top1001-2000
1343	estación	역, 계절	Top1001-2000
1344	evento	사건, 행사	Top1001-2000
1345	francés	프랑스어, 프랑스인	Top1001-2000
1346	gana	이기다, 얻다	Top1001-2000
1347	google	구글	Top1001-2000
1348	independiente	독립적인	Top1001-2000
1349	ingresos	수입, 소득	Top1001-2000
1350	intento	시도, 시도하다	Top1001-2000
1351	japón	일본	Top1001-2000
1354	ofrece	제공하다	Top1001-2000
1355	operación	수술, 작전	Top1001-2000
1356	papa	교황, 감자	Top1001-2000
1358	planta	식물, 층	Top1001-2000
1359	primeras	첫 번째의, 최초의	Top1001-2000
1360	públicas	공공의 (여성 복수형)	Top1001-2000
1361	sirve	쓸모있다, 봉사하다	Top1001-2000
1362	tantos	그렇게 많은	Top1001-2000
1363	teoría	이론	Top1001-2000
1364	volvió	돌아왔다	Top1001-2000
1366	características	특징들, 특성들	Top1001-2000
1367	compañeros	동료들, 짝들	Top1001-2000
1368	compra	구매, 산다	Top1001-2000
1369	concepto	개념	Top1001-2000
1370	dicha	해당, 앞서 말한 (여성형)	Top1001-2000
1371	diputados	의원들, 대의원들	Top1001-2000
1372	directo	직접적인	Top1001-2000
1373	distintas	서로 다른 (여성 복수형)	Top1001-2000
1374	documentos	문서들	Top1001-2000
1375	enorme	거대한, 엄청난	Top1001-2000
1376	exactamente	정확히	Top1001-2000
1377	festival	축제	Top1001-2000
1378	generales	일반적인, 장군들	Top1001-2000
1379	gobernador	주지사	Top1001-2000
1382	lograr	이루다, 달성하다	Top1001-2000
1383	matar	죽이다	Top1001-2000
1384	mismas	같은	Top1001-2000
1386	necesitan	그들이 필요로 하다	Top1001-2000
1387	ocurre	일어나다, 발생하다	Top1001-2000
1388	período	기간, 시기	Top1001-2000
1389	piel	피부, 가죽	Top1001-2000
1390	planes	계획들	Top1001-2000
1391	pocas	적다, 거의 없다	Top1001-2000
1392	principalmente	주로, 주요하게	Top1001-2000
1394	responsable	책임있는, 담당자	Top1001-2000
1395	rusia	러시아	Top1001-2000
1396	tamaño	크기, 사이즈	Top1001-2000
1398	afuera	밖에, 바깥	Top1001-2000
1399	alemania	독일	Top1001-2000
1400	blanca	흰, 흰색의	Top1001-2000
1401	clave	열쇠, 핵심	Top1001-2000
1402	comienza	시작하다	Top1001-2000
1404	considera	고려하다, 여기다	Top1001-2000
1405	crítica	비평, 비판	Top1001-2000
1406	dejado	남겨둔, 떠난	Top1001-2000
1407	demanda	수요, 소송	Top1001-2000
1408	dias	날들, 일수	Top1001-2000
1409	diversos	다양한, 여러	Top1001-2000
1410	ecuador	에콰도르	Top1001-2000
1411	escuelas	학교들	Top1001-2000
1412	estará	있을 것이다	Top1001-2000
1413	hagan	그들이 하다	Top1001-2000
1414	hará	할 것이다	Top1001-2000
1415	jugadores	선수, 플레이어	Top1001-2000
1417	ojo	눈	Top1001-2000
1418	personaje	인물, 캐릭터	Top1001-2000
1420	pobres	가난한 사람들, 불쌍한	Top1001-2000
1421	pro	찬성의, 프로	Top1001-2000
1423	recién	방금, 막	Top1001-2000
1424	reina	여왕	Top1001-2000
1425	representa	대표하다, 나타내다	Top1001-2000
1426	salvo	~을 제외하고, 안전한	Top1001-2000
1428	tercer	세 번째의	Top1001-2000
1429	tierras	땅, 토지	Top1001-2000
1430	tuvieron	그들은 가졌다	Top1001-2000
1431	velocidad	속도	Top1001-2000
1432	visión	시야, 비전	Top1001-2000
1433	áreas	지역, 분야들	Top1001-2000
1434	alcalde	시장	Top1001-2000
1435	altura	높이, 키	Top1001-2000
1436	anteriores	이전의, 앞선	Top1001-2000
1437	asuntos	문제들, 사건들	Top1001-2000
1438	candidato	후보자	Top1001-2000
1439	comentario	논평, 댓글	Top1001-2000
1440	competencia	경쟁, 능력	Top1001-2000
1441	crees	믿다, 생각하다	Top1001-2000
1442	debajo	아래, 밑에	Top1001-2000
1443	diversas	다양한 (여성 복수형)	Top1001-2000
1445	escribió	그는 썼다	Top1001-2000
1446	estan	있다	Top1001-2000
1447	estaría	있을 것이다	Top1001-2000
1448	estén	그들이 있다	Top1001-2000
1449	facultad	학부, 능력	Top1001-2000
1450	generación	세대, 발생	Top1001-2000
1451	gestión	경영, 관리	Top1001-2000
1452	hayan	했다	Top1001-2000
1453	lee	읽다	Top1001-2000
1454	menudo	자주, 작은	Top1001-2000
1455	presupuesto	예산	Top1001-2000
1456	querido	사랑하는, 여보	Top1001-2000
1459	supongo	추측하다	Top1001-2000
1460	trabaja	일하다	Top1001-2000
1461	usando	사용하고 있는	Top1001-2000
1462	videos	비디오, 동영상	Top1001-2000
1464	abrir	열다	Top1001-2000
1466	anda	걷다, 어서	Top1001-2000
1467	antiguo	오래되다, 옛날의	Top1001-2000
1469	carga	짐, 부담	Top1001-2000
1471	consumo	소비	Top1001-2000
1472	contexto	맥락, 문맥	Top1001-2000
1473	correo	우편, 메일	Top1001-2000
1474	culo	엉덩이	Top1001-2000
1475	cuya	그의, ~의 (관계대명사 여성형)	Top1001-2000
1476	das	너는 주다	Top1001-2000
1477	decisiones	결정들	Top1001-2000
1478	ejercicio	운동, 연습	Top1001-2000
1479	elegir	선택하다	Top1001-2000
1480	entra	들어오다	Top1001-2000
1481	figura	인물, 모습	Top1001-2000
1483	historias	이야기들, 역사	Top1001-2000
1484	jugador	선수	Top1001-2000
1485	menores	미성년자, 더 작은	Top1001-2000
1486	municipal	시의, 지방자치의	Top1001-2000
1487	naciones	국가들, 민족들	Top1001-2000
1488	necesitas	필요하다	Top1001-2000
1490	objeto	물체, 목적	Top1001-2000
1491	personajes	등장인물, 캐릭터	Top1001-2000
1492	pies	발들	Top1001-2000
1493	publicación	출판, 발행	Top1001-2000
1494	páginas	페이지들	Top1001-2000
1495	supone	가정하다, 추측하다	Top1001-2000
1496	tratamiento	치료, 대우	Top1001-2000
1497	villa	별장, 마을	Top1001-2000
1498	actos	행위, 행사	Top1001-2000
1500	ciencias	과학, 학문	Top1001-2000
1501	completa	완전하다, 가득 차다	Top1001-2000
1502	conciencia	양심, 의식	Top1001-2000
1503	cárcel	감옥, 교도소	Top1001-2000
1504	debes	해야 한다	Top1001-2000
1505	dejo	나는 놓아두다	Top1001-2000
1506	digital	디지털의	Top1001-2000
1507	distrito	구역, 지구	Top1001-2000
1508	familiar	가족의, 친숙한	Top1001-2000
1509	fundación	재단, 창립	Top1001-2000
1510	ganado	이긴, 얻은	Top1001-2000
1511	histórico	역사적인	Top1001-2000
1512	intención	의도	Top1001-2000
1513	junta	이사회, 회의	Top1001-2000
1515	llevan	가지고 간다, 입고 있다	Top1001-2000
1516	londres	런던	Top1001-2000
1517	máximo	최대의	Top1001-2000
1518	niveles	수준, 단계	Top1001-2000
1519	ocasiones	기회, 경우들	Top1001-2000
1520	parecen	그들은 ~처럼 보인다	Top1001-2000
1521	parís	파리	Top1001-2000
1523	pide	요청하다, 부탁하다	Top1001-2000
1524	piedra	돌	Top1001-2000
1525	podido	할 수 있었던	Top1001-2000
1526	privado	개인의, 사적인	Top1001-2000
1527	propósito	목적, 의도	Top1001-2000
1528	recordar	기억하다, 상기시키다	Top1001-2000
1530	rica	부유한, 맛있는	Top1001-2000
1531	secretario	비서, 장관	Top1001-2000
1532	sede	본부, 본거지	Top1001-2000
1533	soldados	군인들	Top1001-2000
1534	tomó	그는 잡았다, 마셨다	Top1001-2000
1535	técnica	기술	Top1001-2000
1537	autoridad	권위, 당국	Top1001-2000
1539	cadena	사슬, 체인	Top1001-2000
1540	capitán	대장, 선장, 대위	Top1001-2000
1541	centros	중심지, 센터들	Top1001-2000
1542	continuación	계속, 이어서	Top1001-2000
1543	delante	앞에	Top1001-2000
1544	europea	유럽의 (여성형)	Top1001-2000
1545	fernando	페르난도 (인명)	Top1001-2000
1546	fondos	자금, 기금	Top1001-2000
1548	humana	인간의	Top1001-2000
1549	influencia	영향, 영향력	Top1001-2000
1550	judicial	사법의	Top1001-2000
1551	lenguaje	언어, 말투	Top1001-2000
1552	literatura	문학	Top1001-2000
1553	mensajes	메시지들	Top1001-2000
1554	mexicano	멕시코의, 멕시코 사람	Top1001-2000
1555	naturales	자연의, 자연적인	Top1001-2000
1556	online	온라인	Top1001-2000
1557	propias	자신의, 고유한	Top1001-2000
1558	querer	원하다, 사랑하다	Top1001-2000
1559	recibió	받았다	Top1001-2000
1560	saludos	안부, 인사	Top1001-2000
1561	tantas	그렇게 많은	Top1001-2000
1562	actitud	태도	Top1001-2000
1564	búsqueda	수색, 탐색	Top1001-2000
1565	clara	명확하다, 밝다	Top1001-2000
1566	coche	자동차, 차	Top1001-2000
1567	corto	짧다	Top1001-2000
1569	documento	문서	Top1001-2000
1571	dudas	의심, 의문	Top1001-2000
1572	espíritu	영혼, 정신	Top1001-2000
1573	existencia	존재	Top1001-2000
1574	familiares	가족의, 친숙한, 가족들	Top1001-2000
1575	finales	결승, 끝	Top1001-2000
1576	frontera	국경	Top1001-2000
1577	funciones	기능들, 직무들	Top1001-2000
1578	hablan	그들은 말하다	Top1001-2000
1579	idioma	언어	Top1001-2000
1581	mirar	보다, 바라보다	Top1001-2000
1582	obstante	그럼에도 불구하고 (no obstante)	Top1001-2000
1583	operaciones	작전, 수술	Top1001-2000
1584	organizaciones	조직들, 기관들	Top1001-2000
1585	planeta	행성	Top1001-2000
1586	pobreza	빈곤, 가난	Top1001-2000
1587	quedar	남다, 머물다	Top1001-2000
1588	segundos	초, 두번째	Top1001-2000
1589	sexual	성적인	Top1001-2000
1590	super	최고의, 슈퍼	Top1001-2000
1591	tengas	네가 가지다	Top1001-2000
1592	tienda	가게, 상점	Top1001-2000
1593	unido	연합된, 결합된	Top1001-2000
1594	vacaciones	휴가, 방학	Top1001-2000
1595	vidas	삶들, 생명들	Top1001-2000
1596	viva	살아있는, 만세	Top1001-2000
1597	belleza	아름다움	Top1001-2000
1598	blog	블로그	Top1001-2000
1599	construir	짓다, 건설하다	Top1001-2000
1601	declaración	선언, 진술	Top1001-2000
1602	empleados	직원들, 고용인들	Top1001-2000
1603	estadounidense	미국의, 미국인	Top1001-2000
1604	estatal	국가의, 주의	Top1001-2000
1605	ganó	이겼다	Top1001-2000
1606	habia	있었다	Top1001-2000
1607	jajaja	ㅋㅋㅋ (웃음 의성어)	Top1001-2000
1608	jorge	호르헤 (인명)	Top1001-2000
1609	león	사자	Top1001-2000
1610	líneas	줄, 선	Top1001-2000
1612	números	숫자들	Top1001-2000
1614	pantalla	화면	Top1001-2000
1616	perfil	프로필, 옆모습	Top1001-2000
1617	periodo	기간, 시기	Top1001-2000
1619	pudiera	할 수 있다면	Top1001-2000
1620	tarea	과제, 숙제	Top1001-2000
1621	tendría	가질 것이다	Top1001-2000
1622	termina	끝나다, 끝내다	Top1001-2000
1623	tratado	조약, 대우받은	Top1001-2000
1624	uruguay	우루과이	Top1001-2000
1625	artista	예술가, 아티스트	Top1001-2000
1626	artistas	예술가들	Top1001-2000
1627	aspectos	측면, 양상들	Top1001-2000
1628	caer	떨어지다, 넘어지다	Top1001-2000
1629	compañero	동료, 친구	Top1001-2000
1630	comunidades	공동체, 지역사회들	Top1001-2000
1631	crédito	신용, 크레디트	Top1001-2000
1634	distribución	분배, 배급	Top1001-2000
1635	fuertes	강하다, 크다	Top1001-2000
1636	gas	가스, 기체	Top1001-2000
1637	grave	심각한	Top1001-2000
1639	identidad	정체성, 신분	Top1001-2000
1640	inteligencia	지능, 정보	Top1001-2000
1641	inversión	투자	Top1001-2000
1642	llena	가득 찬, 채우다	Top1001-2000
1646	pedido	주문, 요청	Top1001-2000
1647	pequeñas	작다	Top1001-2000
1649	profesionales	전문가들	Top1001-2000
1650	promedio	평균	Top1001-2000
1651	puertas	문들	Top1001-2000
1652	pérdida	손실, 상실	Top1001-2000
1653	quisiera	원하고 싶다	Top1001-2000
1654	recibido	받은	Top1001-2000
1655	resistencia	저항, 지구력	Top1001-2000
1656	seria	진지하다, ~일 것이다	Top1001-2000
1657	sánchez	산체스 (성씨)	Top1001-2000
1658	terreno	땅, 지형	Top1001-2000
1659	tratando	시도하고 있는	Top1001-2000
1660	valencia	발렌시아	Top1001-2000
1662	voluntad	의지	Top1001-2000
1663	votar	투표하다	Top1001-2000
1664	aceptar	받아들이다	Top1001-2000
1665	antigua	오래되다, 옛날의	Top1001-2000
1666	asesinato	살인	Top1001-2000
1667	aspecto	측면, 외모	Top1001-2000
1668	cierta	어떤, 확실한	Top1001-2000
1669	cocina	부엌, 요리	Top1001-2000
1670	comité	위원회	Top1001-2000
1671	conflicto	갈등, 분쟁	Top1001-2000
1672	consecuencia	결과, 결말	Top1001-2000
1673	correcto	맞는, 올바른	Top1001-2000
1674	dulce	달콤한, 사탕	Top1001-2000
1675	entiende	이해하다	Top1001-2000
1676	errores	실수들, 오류들	Top1001-2000
1677	explica	설명하다	Top1001-2000
1678	física	물리학, 신체의	Top1001-2000
1679	impuestos	세금	Top1001-2000
1680	inmediatamente	즉시, 당장	Top1001-2000
1681	jueves	목요일	Top1001-2000
1682	medicina	의학, 약	Top1001-2000
1683	movimientos	움직임, 운동	Top1001-2000
1684	mío	나의 것	Top1001-2000
1685	necesidades	필요, 욕구	Top1001-2000
1687	novela	소설	Top1001-2000
1688	objetivos	목표들, 객관적인	Top1001-2000
1689	oh	오	Top1001-2000
1690	pa	~을 위해 (para의 구어체)	Top1001-2000
1691	parecía	~처럼 보였다	Top1001-2000
1692	pasan	그들이 지나간다	Top1001-2000
1694	presentación	발표, 소개	Top1001-2000
1695	privada	사적인	Top1001-2000
1696	profesores	교사, 교수들	Top1001-2000
1697	puente	다리	Top1001-2000
1698	reales	진짜의, 왕의	Top1001-2000
1699	reconocimiento	인정, 인식	Top1001-2000
1700	regreso	귀환, 돌아옴	Top1001-2000
1701	representantes	대표자들	Top1001-2000
1703	subir	오르다, 올리다	Top1001-2000
1704	tenia	가지고 있었다	Top1001-2000
1705	terminó	끝났다	Top1001-2000
1706	tren	기차, 열차	Top1001-2000
1707	utilizar	사용하다, 이용하다	Top1001-2000
1708	verdadera	진짜의, 진실한	Top1001-2000
1709	víctimas	희생자들	Top1001-2000
1710	últimas	마지막의, 최근의	Top1001-2000
1711	abierta	열린	Top1001-2000
1713	altos	높은, 키 큰	Top1001-2000
1715	beneficios	이익, 혜택	Top1001-2000
1716	categoría	범주, 카테고리	Top1001-2000
1717	claramente	분명히, 명확하게	Top1001-2000
1718	concurso	대회, 경연, 콘테스트	Top1001-2000
1719	consecuencias	결과, 후폭풍	Top1001-2000
1720	creado	만들어진, 창조된	Top1001-2000
1721	decreto	법령, 포고	Top1001-2000
1722	dejan	그들은 내버려두다	Top1001-2000
1724	ejecutivo	행정의, 임원	Top1001-2000
1725	encontrado	발견된, 찾은	Top1001-2000
1727	estrategia	전략	Top1001-2000
1728	eventos	사건, 이벤트	Top1001-2000
1730	generalmente	일반적으로	Top1001-2000
1731	gobiernos	정부들	Top1001-2000
1732	hacerse	되다, 자기를 만들다	Top1001-2000
1733	iii	3세, 3 (로마 숫자)	Top1001-2000
1734	india	인도	Top1001-2000
1735	jaja	ㅋㅋ (웃음 의성어)	Top1001-2000
1736	latina	라틴의 (여성형)	Top1001-2000
1737	llegan	그들은 도착한다	Top1001-2000
1738	municipio	시, 지방자치단체	Top1001-2000
1739	patria	조국, 모국	Top1001-2000
1740	penal	형법의, 형사의	Top1001-2000
1741	pensamiento	생각, 사고	Top1001-2000
1742	periodista	기자, 저널리스트	Top1001-2000
1743	personales	개인적인	Top1001-2000
1744	ponen	그들이 놓는다	Top1001-2000
1745	pregunto	나는 묻다	Top1001-2000
1746	prisión	감옥, 교도소	Top1001-2000
1747	realizado	수행된, 실현된	Top1001-2000
1748	refiere	언급한다	Top1001-2000
1749	santos	성인들, 거룩한	Top1001-2000
1750	sentimientos	감정들, 느낌들	Top1001-2000
1751	tomando	잡고 있는, 마시고 있는	Top1001-2000
1752	accidente	사고	Top1001-2000
1753	actualidad	현재, 현 시점	Top1001-2000
1754	alimentos	음식, 식품	Top1001-2000
1755	aproximadamente	대략, 약	Top1001-2000
1756	autores	저자들, 작가들	Top1001-2000
1757	avión	비행기	Top1001-2000
1758	bandera	깃발, 국기	Top1001-2000
1759	biblioteca	도서관	Top1001-2000
1760	campos	들판, 분야	Top1001-2000
1762	colores	색깔들	Top1001-2000
1763	costo	비용, 원가	Top1001-2000
1764	dejando	두고 있는, 떠나고 있는	Top1001-2000
1766	delito	범죄	Top1001-2000
1767	deporte	스포츠	Top1001-2000
1768	disco	디스크, 음반	Top1001-2000
1769	entrega	배달, 인도	Top1001-2000
1770	escritor	작가, 저자	Top1001-2000
1771	etapa	단계, 시기	Top1001-2000
1772	funcionarios	공무원들	Top1001-2000
1774	iniciativa	주도권, 발의	Top1001-2000
1775	jugando	놀고 있는	Top1001-2000
1776	kilómetros	킬로미터	Top1001-2000
1777	liga	리그, 고무줄	Top1001-2000
1778	llegaron	그들이 도착했다	Top1001-2000
1779	llegue	도착하다	Top1001-2000
1780	madera	목재, 나무	Top1001-2000
1781	materiales	재료들, 물질적인	Top1001-2000
1783	minuto	분, 잠깐	Top1001-2000
1784	ocasión	기회, 경우	Top1001-2000
1785	poca	적은, 조금의	Top1001-2000
1786	precisamente	정확히	Top1001-2000
1787	puestos	자리들, 직위들, 좌판	Top1001-2000
1789	resolución	결의, 해결	Top1001-2000
1790	respuestas	답들, 대답들	Top1001-2000
1791	rodríguez	로드리게스 (성씨)	Top1001-2000
1792	ruta	경로, 길	Top1001-2000
1794	suele	보통 ~하다	Top1001-2000
1795	tendencia	경향, 추세	Top1001-2000
1796	toca	만지다, 연주하다	Top1001-2000
1797	tradicional	전통적인	Top1001-2000
1798	acaso	혹시, 아마	Top1001-2000
1799	alumnos	학생들	Top1001-2000
1800	aquella	저것	Top1001-2000
1801	audiencia	청중, 심리	Top1001-2000
1802	bases	기반, 근거들	Top1001-2000
1803	bienes	재산, 물품	Top1001-2000
1804	cargos	혐의, 직책	Top1001-2000
1805	comienzo	시작	Top1001-2000
1806	condición	조건, 상태	Top1001-2000
1807	crimen	범죄	Top1001-2000
1808	cuantos	얼마나 많은	Top1001-2000
1809	des	너는 주다	Top1001-2000
1810	diego	디에고	Top1001-2000
1811	disponible	사용 가능한	Top1001-2000
1812	drogas	마약, 약물	Top1001-2000
1813	extranjero	외국인, 외국의	Top1001-2000
1814	formar	형성하다, 만들다	Top1001-2000
1815	frase	문장, 문구	Top1001-2000
1816	global	전 세계의, 글로벌	Top1001-2000
1817	gonzález	곤살레스 (성씨)	Top1001-2000
1818	impacto	충격, 영향	Top1001-2000
1819	inteligente	똑똑한, 지능적인	Top1001-2000
1820	intentar	시도하다	Top1001-2000
1821	italia	이탈리아	Top1001-2000
1822	laboral	노동의, 근로의	Top1001-2000
1823	motivos	이유, 동기	Top1001-2000
1824	móvil	휴대폰, 움직이다	Top1001-2000
1825	presentar	소개하다, 제출하다	Top1001-2000
1826	presidencia	대통령직, 의장직	Top1001-2000
1827	publicidad	광고, 홍보	Top1001-2000
1829	resolver	해결하다	Top1001-2000
1830	seguidores	팔로워, 추종자들	Top1001-2000
1831	sitios	장소들, 사이트들	Top1001-2000
1832	trato	거래, 대하다	Top1001-2000
1833	venga	오다, 자	Top1001-2000
1834	youtube	유튜브	Top1001-2000
1835	alcanzar	도달하다, 달성하다	Top1001-2000
1836	animal	동물	Top1001-2000
1837	aparte	따로, 별도로	Top1001-2000
1838	bolivia	볼리비아	Top1001-2000
1839	ciudadano	시민	Top1001-2000
1840	colaboración	협력, 협동	Top1001-2000
1841	compromiso	약속, 약혼, 헌신	Top1001-2000
1842	conferencia	회의, 강연	Top1001-2000
1844	cáncer	암	Top1001-2000
1846	deuda	빚	Top1001-2000
1847	división	분할, 부서, 나눗셈	Top1001-2000
1848	enemigo	적	Top1001-2000
1850	explicar	설명하다	Top1001-2000
1851	foro	포럼, 광장	Top1001-2000
1852	frecuencia	빈도, 주파수	Top1001-2000
1853	gastos	지출, 비용	Top1001-2000
1855	herramientas	도구들	Top1001-2000
1856	humanidad	인류	Top1001-2000
1857	humor	유머, 기분	Top1001-2000
1858	institución	기관, 제도	Top1001-2000
1859	interesa	흥미를 끌다	Top1001-2000
1860	km	킬로미터	Top1001-2000
1861	letras	글자들, 가사	Top1001-2000
1862	lima	리마 (페루 수도)	Top1001-2000
1864	llegada	도착	Top1001-2000
1865	merece	받을 만하다	Top1001-2000
1866	moral	도덕, 도덕적인, 사기	Top1001-2000
1867	museo	박물관	Top1001-2000
1868	médicos	의사들, 의료의	Top1001-2000
1869	mía	나의 것	Top1001-2000
1870	normas	규칙, 규범	Top1001-2000
1871	notas	메모들, 성적	Top1001-2000
1872	palacio	궁전	Top1001-2000
1873	perdió	그는 잃었다	Top1001-2000
1874	pidió	그가 요청했다, 부탁했다	Top1001-2000
1875	plantas	식물, 층	Top1001-2000
1876	plataforma	플랫폼	Top1001-2000
1877	publicó	출판했다, 발표했다	Top1001-2000
1879	religión	종교	Top1001-2000
1880	rápidamente	빠르게, 신속하게	Top1001-2000
1881	sectores	부문, 분야들	Top1001-2000
1883	tuyo	너의 것	Top1001-2000
1885	agentes	요원들, 대리인들	Top1001-2000
1886	as	에이스	Top1001-2000
1888	breve	짧은, 간단한	Top1001-2000
1889	capítulo	장, 챕터	Top1001-2000
1890	clientes	고객들	Top1001-2000
1891	conocida	알려진, 지인	Top1001-2000
1893	decidió	결정했다	Top1001-2000
1894	defender	방어하다, 옹호하다	Top1001-2000
1895	eeuu	미국 (약어, EE.UU.)	Top1001-2000
1896	estrella	별, 스타	Top1001-2000
1897	evidencia	증거	Top1001-2000
1898	firma	서명, 회사	Top1001-2000
1899	for	for (영어 차용)	Top1001-2000
1900	guardia	경비, 보초	Top1001-2000
1901	hubiese	그가 있었다면	Top1001-2000
1902	juventud	청춘, 젊음	Top1001-2000
1903	llaman	그들은 부르다, 전화하다	Top1001-2000
1906	navidad	크리스마스	Top1001-2000
1907	new	뉴	Top1001-2000
1908	on	온	Top1001-2000
1909	oportunidades	기회들	Top1001-2000
1910	perros	개들	Top1001-2000
1911	probable	가능성 있다, 유력하다	Top1001-2000
1912	procesos	과정, 절차들	Top1001-2000
1913	produce	생산하다 (3인칭 단수)	Top1001-2000
1914	recibe	받다, 수령하다	Top1001-2000
1915	responder	대답하다, 응답하다	Top1001-2000
1916	sencillo	간단한, 단순한	Top1001-2000
1917	sevilla	세비야	Top1001-2000
1918	señal	신호, 표시	Top1001-2000
1919	sigo	나는 계속하다, 따르다	Top1001-2000
1920	siguiendo	따라가고 있는	Top1001-2000
1921	superficie	표면	Top1001-2000
1924	universo	우주	Top1001-2000
1925	valle	계곡, 골짜기	Top1001-2000
1926	viento	바람	Top1001-2000
1927	vuelto	돌아온	Top1001-2000
1928	arma	무기, 총	Top1001-2000
1929	cartas	편지들, 카드들	Top1001-2000
1930	colección	수집, 컬렉션	Top1001-2000
1931	comunes	공통의, 흔한	Top1001-2000
1932	conversación	대화	Top1001-2000
1933	directa	직접적인	Top1001-2000
1934	escenario	무대, 시나리오	Top1001-2000
1935	estuve	있었다	Top1001-2000
1936	exposición	전시, 노출	Top1001-2000
1939	huevos	달걀들	Top1001-2000
1940	igualdad	평등, 동등	Top1001-2000
1941	invierno	겨울	Top1001-2000
1942	lados	측면들, 옆들	Top1001-2000
1943	llevado	가져간, 입은	Top1001-2000
1944	luchar	싸우다, 투쟁하다	Top1001-2000
1945	mirando	보면서	Top1001-2000
1946	moda	유행, 패션	Top1001-2000
1947	método	방법, 방식	Top1001-2000
1948	normalmente	보통, 일반적으로	Top1001-2000
1949	ocurrió	일어났다, 발생했다	Top1001-2000
1952	pasos	걸음들, 단계들	Top1001-2000
1953	quede	남다, 머물다	Top1001-2000
1954	regiones	지역들	Top1001-2000
1955	roja	빨간	Top1001-2000
1956	salvador	엘살바도르, 구세주	Top1001-2000
1957	seguramente	분명히, 아마도	Top1001-2000
1958	sentencia	판결, 문장	Top1001-2000
1959	sesión	회기, 세션	Top1001-2000
1960	software	소프트웨어	Top1001-2000
1961	sonido	소리, 음향	Top1001-2000
1962	sorpresa	놀라움, 서프라이즈	Top1001-2000
1963	sucede	일어나다, 발생하다	Top1001-2000
1965	tomado	잡힌, 마신	Top1001-2000
1966	utiliza	사용하다 (3인칭 단수)	Top1001-2000
1967	alberto	알베르토 (인명)	Top1001-2000
1968	asimismo	또한, 마찬가지로	Top1001-2000
1970	brazos	팔들	Top1001-2000
1971	cambia	바뀌다, 바꾸다	Top1001-2000
1972	cerebro	뇌, 두뇌	Top1001-2000
1973	ciertas	확실한, 어떤	Top1001-2000
1974	clima	기후, 날씨	Top1001-2000
1975	comportamiento	행동	Top1001-2000
1976	corriente	흐름, 보통의	Top1001-2000
1977	corta	자르다, 짧다	Top1001-2000
1978	debía	그는 ~해야 했다	Top1001-2000
1979	discusión	논쟁, 토론	Top1001-2000
1980	do	도	Top1001-2000
1981	dominio	영역, 도메인, 지배	Top1001-2000
1982	encontró	그가 찾았다, 만났다	Top1001-2000
1983	escala	규모, 저울, 경유지	Top1001-2000
1985	espalda	등, 뒤	Top1001-2000
1986	extranjeros	외국의, 외국인들	Top1001-2000
1987	gracia	은총, 우아함	Top1001-2000
1988	intervención	개입, 중재	Top1001-2000
1989	libres	자유로운	Top1001-2000
1990	montón	많음, 더미	Top1001-2000
1992	pasada	지나간, 지난	Top1001-2000
1995	propuestas	제안들	Top1001-2000
1996	sensación	느낌, 감각	Top1001-2000
1997	show	쇼, 공연	Top1001-2000
1998	similares	유사한, 비슷한	Top1001-2000
1999	terrible	끔찍한, 무서운	Top1001-2000
2000	vea	보다	Top1001-2000
2001	vergüenza	부끄러움, 수치	Top2001-3000
2002	víctima	피해자, 희생자	Top2001-3000
2003	órdenes	명령들, 주문들	Top2001-3000
2004	acabar	끝내다, 마치다	Top2001-3000
2005	agencia	기관, 대행사	Top2001-3000
2006	anunció	발표했다, 알렸다	Top2001-3000
2007	apoyar	지지하다, 받치다	Top2001-3000
2008	asistencia	참석, 지원	Top2001-3000
2009	ayuntamiento	시청, 시 의회	Top2001-3000
2010	bajar	내리다, 내려가다	Top2001-3000
2011	cabe	들어맞다, 가능하다	Top2001-3000
2012	cae	떨어지다, 쓰러지다	Top2001-3000
2013	candidatos	후보자들	Top2001-3000
2014	comandante	사령관, 지휘관	Top2001-3000
2015	constante	지속적인, 일정한	Top2001-3000
2016	contiene	포함하다 (3인칭 단수)	Top2001-3000
2017	convirtió	변했다, 바꾸었다	Top2001-3000
2018	crea	믿는다, 만든다	Top2001-3000
2019	cuerpos	몸들, 시체들	Top2001-3000
2020	den	그들이 주기를	Top2001-3000
2021	diferencias	차이들	Top2001-3000
2022	ejemplos	예시들	Top2001-3000
2023	euros	유로 (화폐)	Top2001-3000
2024	examen	시험, 검사	Top2001-3000
2025	felipe	펠리페 (인명)	Top2001-3000
2026	fiestas	파티들, 축제들	Top2001-3000
2027	fundamental	근본적인, 기본적인	Top2001-3000
2029	impuesto	세금	Top2001-3000
2030	indica	가리킨다, 나타낸다	Top2001-3000
2031	industrial	산업의, 공업의	Top2001-3000
2032	juega	논다, 경기한다	Top2001-3000
2033	llamó	그가 불렀다, 전화했다	Top2001-3000
2034	malas	나쁜	Top2001-3000
2035	mapa	지도	Top2001-3000
2036	masa	반죽, 덩어리	Top2001-3000
2037	mentira	거짓말	Top2001-3000
2040	nuevamente	다시	Top2001-3000
2041	periódico	신문	Top2001-3000
2042	placer	즐거움, 기쁨	Top2001-3000
2043	podrán	그들은 할 수 있을 것이다	Top2001-3000
2044	posibles	가능한	Top2001-3000
2045	premios	상, 상금들	Top2001-3000
2046	representación	대표, 표현	Top2001-3000
2047	requiere	요구하다, 필요로 하다	Top2001-3000
2048	resumen	요약, 개요	Top2001-3000
2050	seas	이다	Top2001-3000
2051	seguido	따라간, 자주	Top2001-3000
2052	sueños	꿈들	Top2001-3000
2053	titular	소유자, 표제	Top2001-3000
2055	unidades	단위, 부대	Top2001-3000
2056	vayan	그들이 가다	Top2001-3000
2057	vender	팔다	Top2001-3000
2058	verlo	그것을 보다	Top2001-3000
2062	you	너	Top2001-3000
2063	actuar	행동하다, 연기하다	Top2001-3000
2064	alcance	범위, 도달, 영향력	Top2001-3000
2065	anual	연간의, 매년의	Top2001-3000
2066	archivo	파일, 기록	Top2001-3000
2067	aumentar	증가시키다, 늘리다	Top2001-3000
2068	beneficio	이익, 혜택	Top2001-3000
2070	cerrar	닫다	Top2001-3000
2071	ciertos	어떤, 확실한	Top2001-3000
2072	comerciales	상업적인	Top2001-3000
2073	continuar	계속하다	Top2001-3000
2074	convierte	변한다, 바꾼다	Top2001-3000
2075	cuello	목	Top2001-3000
2076	definitivamente	확실히, 분명히	Top2001-3000
2077	dictadura	독재	Top2001-3000
2078	década	10년, 십 년간	Top2001-3000
2079	establecer	설립하다, 확립하다	Top2001-3000
2080	famoso	유명하다	Top2001-3000
2081	gato	고양이	Top2001-3000
2082	gay	게이, 동성애자	Top2001-3000
2083	lectura	독서	Top2001-3000
2084	mantiene	유지한다	Top2001-3000
2085	martín	마르틴 (인명)	Top2001-3000
2086	michael	마이클	Top2001-3000
2087	niñas	여자아이들	Top2001-3000
2089	porqué	이유, 왜	Top2001-3000
2090	posibilidades	가능성들	Top2001-3000
2091	príncipe	왕자	Top2001-3000
2092	pérez	페레스 (성씨)	Top2001-3000
2093	quedado	남은, 머문	Top2001-3000
2094	realiza	수행하다 (3인칭 단수)	Top2001-3000
2095	reyes	왕들	Top2001-3000
2096	tiro	총격, 사격	Top2001-3000
2097	torno	주위, 선반 (en torno a: ~주위에)	Top2001-3000
2098	usan	그들은 사용한다	Top2001-3000
2099	abre	열다	Top2001-3000
2100	abuela	할머니	Top2001-3000
2101	ahi	거기	Top2001-3000
2102	cambiado	바뀐, 변한	Top2001-3000
2103	carretera	도로, 고속도로	Top2001-3000
2104	caída	추락, 떨어짐	Top2001-3000
2105	cola	꼬리, 줄, 콜라	Top2001-3000
2106	continúa	계속하다	Top2001-3000
2107	convertido	변환되다, 바뀌다	Top2001-3000
2108	cristo	그리스도	Top2001-3000
2109	daba	주었다	Top2001-3000
2111	disposición	배치, 처분	Top2001-3000
2112	dueño	주인	Top2001-3000
2113	editorial	출판사, 사설	Top2001-3000
2114	espacios	공간들	Top2001-3000
2115	fernández	페르난데스 (성씨)	Top2001-3000
2116	hagas	하다	Top2001-3000
2117	inglaterra	영국	Top2001-3000
2118	labor	노동, 일	Top2001-3000
2119	letra	글자, 가사, 편지	Top2001-3000
2120	lluvia	비	Top2001-3000
2121	malos	나쁜	Top2001-3000
2122	marido	남편	Top2001-3000
2123	modelos	모델들, 모형들	Top2001-3000
2124	mostrar	보여주다	Top2001-3000
2125	oeste	서쪽	Top2001-3000
2126	opiniones	의견들	Top2001-3000
2127	periodistas	기자들	Top2001-3000
2128	piensan	생각하다	Top2001-3000
2129	poderes	힘들, 권력들	Top2001-3000
2130	prácticas	실천, 관행들	Top2001-3000
2131	puedas	네가 할 수 있다	Top2001-3000
2132	sentimiento	감정, 느낌	Top2001-3000
2133	seres	존재들	Top2001-3000
2134	situaciones	상황들	Top2001-3000
2135	suma	합계, 총액	Top2001-3000
2136	tasa	비율, 세율	Top2001-3000
2137	tenes	너는 가지고 있다 (아르헨티나식)	Top2001-3000
2138	tocar	만지다, 연주하다	Top2001-3000
2139	tranquilo	조용한, 침착한	Top2001-3000
2140	universal	보편적인, 우주의	Top2001-3000
2141	usado	사용된, 중고의	Top2001-3000
2142	viejos	늙은, 오래된	Top2001-3000
2143	vivienda	주거, 주택	Top2001-3000
2144	viviendo	살고 있는	Top2001-3000
2145	absolutamente	절대적으로, 완전히	Top2001-3000
2146	alegría	기쁨, 즐거움	Top2001-3000
2147	amistad	우정	Top2001-3000
2148	anteriormente	이전에	Top2001-3000
2149	aparecen	나타나다 (3인칭 복수)	Top2001-3000
2150	buscan	그들은 찾는다	Top2001-3000
2151	castro	카스트로 (성씨)	Top2001-3000
2153	cliente	고객, 손님	Top2001-3000
2155	considerado	사려 깊은, 고려된	Top2001-3000
2156	correr	달리다	Top2001-3000
2157	culturales	문화적인 (복수)	Top2001-3000
2158	córdoba	코르도바 (지명)	Top2001-3000
2160	descripción	묘사, 설명	Top2001-3000
2161	diría	말할 것이다	Top2001-3000
2162	edificios	건물들	Top2001-3000
2163	elegido	선택된	Top2001-3000
2164	encontré	발견했다, 찾았다	Top2001-3000
2165	evolución	진화, 발전	Top2001-3000
2166	fuese	이었더라면	Top2001-3000
2169	iglesias	교회들	Top2001-3000
2170	indígenas	원주민, 토착의	Top2001-3000
2171	infantil	어린이의, 유치한	Top2001-3000
2172	ingreso	수입, 입학	Top2001-3000
2173	investigaciones	연구, 조사들	Top2001-3000
2174	mexicanos	멕시코 사람들, 멕시코의	Top2001-3000
2175	moneda	동전, 화폐	Top2001-3000
2176	motor	모터, 엔진	Top2001-3000
2177	nació	태어났다	Top2001-3000
2178	negros	검은, 흑인들	Top2001-3000
2179	occidental	서쪽의, 서양의	Top2001-3000
2180	panamá	파나마	Top2001-3000
2181	permanente	영구적인, 상설의	Top2001-3000
2182	populares	대중적인, 인기 있는	Top2001-3000
2183	prácticamente	사실상, 거의	Top2001-3000
2184	punta	끝, 꼭대기, 첨단	Top2001-3000
2185	realizó	수행했다, 실현했다	Top2001-3000
2186	salga	나가다	Top2001-3000
2187	sub	하위의, 부-	Top2001-3000
2188	suelen	보통 ~하다 (3인칭 복수)	Top2001-3000
2189	traducción	번역	Top2001-3000
2191	universidades	대학교들	Top2001-3000
2193	actuales	현재의, 현행의	Top2001-3000
2194	adentro	안에, 내부에	Top2001-3000
2196	caliente	뜨거운, 더운	Top2001-3000
2197	caracas	카라카스 (베네수엘라 수도)	Top2001-3000
2198	cariño	자기야, 애정	Top2001-3000
2199	chino	중국인, 중국의	Top2001-3000
2200	consejos	조언들	Top2001-3000
2201	constitucional	헌법의, 헌법적인	Top2001-3000
2202	controlar	통제하다, 조절하다	Top2001-3000
2203	coronel	대령	Top2001-3000
2204	diputado	의원, 대의원	Top2001-3000
2205	disfrutar	즐기다, 만끽하다	Top2001-3000
2206	enfermedades	질병들	Top2001-3000
2207	enrique	엔리케 (인명)	Top2001-3000
2208	entero	전체의, 완전하다	Top2001-3000
2209	esperaba	기다리고 있었다	Top2001-3000
2210	excepto	~을 제외하고	Top2001-3000
2211	experiencias	경험들	Top2001-3000
2212	filosofía	철학	Top2001-3000
2213	guatemala	과테말라	Top2001-3000
2214	hiciste	하다, 만들다	Top2001-3000
2215	james	제임스	Top2001-3000
2216	licencia	면허, 허가	Top2001-3000
2218	parlamento	의회, 국회	Top2001-3000
2219	pecho	가슴	Top2001-3000
2220	pelea	싸움, 다툼	Top2001-3000
2222	perfectamente	완벽하게	Top2001-3000
2223	proteger	보호하다	Top2001-3000
2224	publicaciones	출판물, 발행물들	Top2001-3000
2225	reducir	줄이다, 감소시키다	Top2001-3000
2226	salen	그들은 나간다	Top2001-3000
2227	secundaria	중등의, 고등학교	Top2001-3000
2228	toque	터치, 접촉	Top2001-3000
2229	tío	삼촌, 녀석	Top2001-3000
2230	volumen	부피, 볼륨, 권	Top2001-3000
2231	ámbito	영역, 범위	Top2001-3000
2232	alianza	동맹, 결혼반지	Top2001-3000
2233	amenaza	위협, 협박	Top2001-3000
2234	art	조항, 예술 (약어)	Top2001-3000
2235	artes	예술, 기술들	Top2001-3000
2236	campeón	챔피언	Top2001-3000
2237	castillo	성	Top2001-3000
2238	cataluña	카탈루냐	Top2001-3000
2239	civiles	민간인들	Top2001-3000
2240	cm	센티미터 (단위)	Top2001-3000
2241	colectivo	집단적인, 단체	Top2001-3000
2242	complejo	복잡한, 단지	Top2001-3000
2243	conexión	연결, 접속	Top2001-3000
2244	consiste	~으로 이루어지다 (3인칭 단수)	Top2001-3000
2245	decirle	그에게 말하다	Top2001-3000
2246	divertido	재미있는, 즐거운	Top2001-3000
2247	económicos	경제적인 (남성 복수형)	Top2001-3000
2248	encontramos	우리는 찾았다, 만났다	Top2001-3000
2249	escucha	듣다	Top2001-3000
2250	fotografía	사진	Top2001-3000
2251	fueran	그들이 갔다면, 이었다면	Top2001-3000
2252	intenta	시도하다	Top2001-3000
2253	leyendo	읽고 있는	Top2001-3000
2255	loca	미친	Top2001-3000
2256	límite	한계, 경계	Top2001-3000
2257	mezcla	혼합, 섞음	Top2001-3000
2258	objetos	물건들	Top2001-3000
2259	parar	멈추다, 서다	Top2001-3000
2260	paul	폴	Top2001-3000
2261	perfecta	완벽한	Top2001-3000
2262	poesía	시, 시가	Top2001-3000
2263	policías	경찰들	Top2001-3000
2265	rafael	라파엘 (인명)	Top2001-3000
2266	raza	인종, 품종	Top2001-3000
2267	reacción	반응, 반작용	Top2001-3000
2268	representante	대표, 대리인	Top2001-3000
2269	salón	거실, 홀	Top2001-3000
2271	siga	계속하다, 따르다	Top2001-3000
2272	tendrán	그들은 가질 것이다	Top2001-3000
2273	trae	가져오다	Top2001-3000
2274	técnicas	기술, 기법들	Top2001-3000
2275	vieron	그들은 보았다	Top2001-3000
2276	áfrica	아프리카	Top2001-3000
2277	árbol	나무	Top2001-3000
2278	árboles	나무들	Top2001-3000
2279	útil	유용하다	Top2001-3000
2280	amplia	넓은, 광범위한 (여성형)	Top2001-3000
2281	autos	자동차들	Top2001-3000
2282	bancos	은행들, 벤치들	Top2001-3000
2283	bosque	숲	Top2001-3000
2284	causas	원인, 이유들	Top2001-3000
2285	cuestiones	문제, 질문들	Top2001-3000
2286	dejen	그들이 내버려두다	Top2001-3000
2287	denuncia	고발, 신고	Top2001-3000
2288	desarrollar	발전시키다, 개발하다	Top2001-3000
2289	económicas	경제적인 (여성 복수형)	Top2001-3000
2291	europeo	유럽의 (남성형)	Top2001-3000
2292	factores	요인, 요소들	Top2001-3000
2293	fase	단계	Top2001-3000
2294	histórica	역사적인 (여성형)	Top2001-3000
2295	ideal	이상적인	Top2001-3000
2296	ilegal	불법의	Top2001-3000
2297	imperio	제국	Top2001-3000
2298	islas	섬들	Top2001-3000
2299	israel	이스라엘	Top2001-3000
2300	jornada	일정, 하루 (작업)	Top2001-3000
2301	límites	한계, 경계	Top2001-3000
2302	maneras	방식들, 예의	Top2001-3000
2303	nacimiento	출생, 탄생	Top2001-3000
2304	participantes	참가자들	Top2001-3000
2305	patrimonio	유산, 재산	Top2001-3000
2306	pertenece	속하다	Top2001-3000
2307	pese	~에도 불구하고 (pese a)	Top2001-3000
2309	piezas	조각, 부품	Top2001-3000
2310	presentado	제시된, 소개된	Top2001-3000
2311	primavera	봄	Top2001-3000
2312	provincias	주, 도들	Top2001-3000
2313	recientemente	최근에	Top2001-3000
2314	reconocer	인정하다, 알아보다	Top2001-3000
2315	romper	부수다, 깨다	Top2001-3000
2316	rostro	얼굴	Top2001-3000
2317	ruido	소음, 시끄러운 소리	Top2001-3000
2318	sal	소금, 나가라	Top2001-3000
2319	sepa	알다	Top2001-3000
2320	significado	의미, 뜻	Top2001-3000
2321	tomo	나는 잡다, 마시다	Top2001-3000
2323	virgen	처녀, 동정녀	Top2001-3000
2324	vosotros	너희들	Top2001-3000
2325	actuación	공연, 연기, 행동	Top2001-3000
2326	alcohol	알코올, 술	Top2001-3000
2327	altas	높은 (여성 복수형)	Top2001-3000
2329	apertura	개방, 개막	Top2001-3000
2330	caballo	말	Top2001-3000
2331	cierre	폐쇄, 잠금, 지퍼	Top2001-3000
2332	circunstancias	상황, 사정	Top2001-3000
2333	comenzar	시작하다	Top2001-3000
2334	conocidos	알려진, 지인들	Top2001-3000
2335	contenidos	내용물, 콘텐츠들	Top2001-3000
2336	definición	정의, 해상도	Top2001-3000
2337	desastre	재난, 엉망	Top2001-3000
2338	décadas	수십 년	Top2001-3000
2340	emergencia	비상, 응급	Top2001-3000
2341	enlace	링크, 연결	Top2001-3000
2343	firme	단단한, 굳건한	Top2001-3000
2344	fácilmente	쉽게	Top2001-3000
2345	guía	안내, 가이드	Top2001-3000
2346	haz	해라	Top2001-3000
2347	hecha	만들어진	Top2001-3000
2348	herramienta	도구, 연장	Top2001-3000
2349	inmediato	즉각적인	Top2001-3000
2350	iv	4세, 4 (로마 숫자)	Top2001-3000
2351	jardín	정원	Top2001-3000
2352	llamadas	전화들, 부름들	Top2001-3000
2354	martínez	마르티네스 (성씨)	Top2001-3000
2355	minas	광산들	Top2001-3000
2356	máquina	기계	Top2001-3000
2357	personalidad	성격, 인격	Top2001-3000
2358	perspectiva	관점, 전망	Top2001-3000
2359	peña	바위, 페냐 (성씨)	Top2001-3000
2360	pierde	잃는다	Top2001-3000
2361	podían	그들은 할 수 있었다	Top2001-3000
2362	publica	출판하다 (3인칭 단수), 공공의	Top2001-3000
2363	quedarse	머무르다	Top2001-3000
2364	quiso	원했다	Top2001-3000
2365	recuperar	되찾다, 회복하다	Top2001-3000
2366	responde	대답한다	Top2001-3000
2367	rock	록	Top2001-3000
2368	salido	나간	Top2001-3000
2369	seguros	안전한, 보험들	Top2001-3000
2370	viajes	여행	Top2001-3000
2371	xd	ㅋㅋ (웃는 표정 이모티콘)	Top2001-3000
2372	agricultura	농업	Top2001-3000
2373	alemán	독일의, 독일인	Top2001-3000
2374	alternativa	대안, 대체	Top2001-3000
2375	amplio	넓은, 광범위한 (남성형)	Top2001-3000
2376	aquellas	저것들 (여성 복수형)	Top2001-3000
2377	arena	모래, 경기장	Top2001-3000
2378	argumento	논거, 줄거리	Top2001-3000
2379	ataques	공격, 발작	Top2001-3000
2380	bajos	낮은 (남성 복수형)	Top2001-3000
2381	by	by (영어 차용)	Top2001-3000
2382	caminar	걷다	Top2001-3000
2383	canales	채널, 수로들	Top2001-3000
2384	capaces	능력 있는	Top2001-3000
2385	cientos	수백	Top2001-3000
2386	co	공동-, co- (접두사)	Top2001-3000
2387	combate	전투, 싸움	Top2001-3000
2388	consulta	상담, 조회	Top2001-3000
2389	convertirse	변하다, 되다	Top2001-3000
2390	corresponde	해당하다 (3인칭 단수)	Top2001-3000
2391	daños	피해, 손해	Top2001-3000
2392	decidido	결정된, 단호한	Top2001-3000
2393	dejaron	그들이 두었다, 떠났다	Top2001-3000
2394	demostrar	증명하다, 보여주다	Top2001-3000
2395	dignidad	존엄, 품위	Top2001-3000
2396	enviar	보내다	Top2001-3000
2397	extremo	극단, 끝	Top2001-3000
2398	generar	생성하다, 발생시키다	Top2001-3000
2399	gol	골 (축구)	Top2001-3000
2400	inferior	하위의, 열등한	Top2001-3000
2401	mario	마리오 (인명)	Top2001-3000
2402	mental	정신적인	Top2001-3000
2403	montaña	산	Top2001-3000
2404	musical	음악의, 뮤지컬	Top2001-3000
2405	necesaria	필요한 (여성형)	Top2001-3000
2406	orgullo	자부심	Top2001-3000
2407	oriente	동쪽, 동방	Top2001-3000
2408	paciente	환자, 인내심 있는	Top2001-3000
2410	pasión	열정	Top2001-3000
2411	permitir	허락하다	Top2001-3000
2412	pieza	조각, 부품	Top2001-3000
2413	pintura	그림, 페인트	Top2001-3000
2414	pista	단서, 트랙	Top2001-3000
2415	poniendo	놓고 있는	Top2001-3000
2417	promoción	홍보, 승진	Top2001-3000
2418	quedo	남다	Top2001-3000
2419	reciente	최근의	Top2001-3000
2420	regresar	돌아가다	Top2001-3000
2421	relacionados	관련된	Top2001-3000
2424	robo	강도, 도둑질	Top2001-3000
2425	siglos	세기	Top2001-3000
2426	suyo	그의 것	Top2001-3000
2427	temperatura	온도, 기온	Top2001-3000
2428	tono	어조, 톤, 색조	Top2001-3000
2429	us	미국 (US), 너희에게	Top2001-3000
2430	variedad	다양성, 종류	Top2001-3000
2431	washington	워싱턴	Top2001-3000
2432	únicamente	오직, 단지	Top2001-3000
2433	academia	학원, 아카데미	Top2001-3000
2434	activa	활동적인 (여성형)	Top2001-3000
2436	agente	요원, 대리인	Top2001-3000
2437	antiguos	오래된, 고대의	Top2001-3000
2438	ausencia	부재, 결석	Top2001-3000
2439	bogotá	보고타 (콜롬비아 수도)	Top2001-3000
2440	cabello	머리카락	Top2001-3000
2441	cercano	가까운, 근접한	Top2001-3000
2442	considerar	고려하다, 여기다	Top2001-3000
2443	críticas	비평, 비판들	Top2001-3000
2444	dispuesto	준비되다, 의향 있다	Top2001-3000
2445	diálogo	대화, 담화	Top2001-3000
2446	enemigos	적들	Top2001-3000
2447	esfuerzos	노력들	Top2001-3000
2448	estadio	경기장, 스타디움	Top2001-3000
2449	et	et (라틴어 '그리고')	Top2001-3000
2450	goles	골들 (축구)	Top2001-3000
2451	incluyen	포함하다 (3인칭 복수)	Top2001-3000
2452	inicial	초기의, 처음의	Top2001-3000
2453	joder	제기랄, 젠장	Top2001-3000
2455	logró	달성했다, 해냈다	Top2001-3000
2456	líderes	지도자들	Top2001-3000
2457	madres	어머니들	Top2001-3000
2458	maestros	스승, 교사들	Top2001-3000
2459	molesta	귀찮게 하다, 성가신	Top2001-3000
2460	muere	죽다	Top2001-3000
2461	métodos	방법들	Top2001-3000
2462	obvio	분명한	Top2001-3000
2464	pacientes	환자들	Top2001-3000
2465	pidiendo	요청하고 있다	Top2001-3000
2466	plano	평면, 설계도, 평평한	Top2001-3000
2468	poquito	조금, 약간	Top2001-3000
2469	producir	생산하다, 만들다	Top2001-3000
2471	quieran	그들이 원하다	Top2001-3000
2472	risa	웃음	Top2001-3000
2473	rural	시골의, 농촌의	Top2001-3000
2474	ruso	러시아의, 러시아인	Top2001-3000
2475	servir	섬기다, 제공하다	Top2001-3000
2476	socialista	사회주의의	Top2001-3000
2477	triunfo	승리	Top2001-3000
2478	tropas	군대	Top2001-3000
2481	ánimo	기운, 용기	Top2001-3000
2482	absoluto	절대적인	Top2001-3000
2483	acceder	접근하다, 동의하다	Top2001-3000
2484	actor	배우	Top2001-3000
2485	andar	걷다, 다니다	Top2001-3000
2486	anti	반-, 대-	Top2001-3000
2487	apareció	나타났다	Top2001-3000
2488	asegurar	확실히 하다, 보장하다	Top2001-3000
2489	bar	바, 술집	Top2001-3000
2490	brazo	팔	Top2001-3000
2491	caballero	신사, 기사	Top2001-3000
2492	cuentan	말하다, 세다 (3인칭 복수)	Top2001-3000
2493	detalle	세부사항, 디테일	Top2001-3000
2494	díaz	디아스 (성씨)	Top2001-3000
2495	electrónico	전자의	Top2001-3000
2496	eliminar	제거하다	Top2001-3000
2497	entró	들어갔다	Top2001-3000
2498	especies	종, 종류들	Top2001-3000
2499	esperamos	우리는 기다리다, 바라다	Top2001-3000
2500	explicación	설명	Top2001-3000
2501	francesa	프랑스의, 프랑스 여자	Top2001-3000
2502	ganador	우승자	Top2001-3000
2503	george	조지	Top2001-3000
2504	hojas	잎들, 종이들	Top2001-3000
2505	iguales	같은	Top2001-3000
2506	implica	의미하다, 수반하다	Top2001-3000
2507	irse	떠나다, 가버리다	Top2001-3000
2508	legales	법적인, 합법적인	Top2001-3000
2509	marina	해군, 해양의	Top2001-3000
2510	mina	광산, 지뢰	Top2001-3000
2511	mm	음	Top2001-3000
2512	máxima	최대의	Top2001-3000
2513	múltiples	여러, 다수의	Top2001-3000
2514	nacido	태어난	Top2001-3000
2515	obviamente	분명히, 명백히	Top2001-3000
2516	olvidar	잊다	Top2001-3000
2517	parecido	비슷하다, 닮다	Top2001-3000
2518	piernas	다리들	Top2001-3000
2519	poeta	시인	Top2001-3000
2520	primaria	초등의, 1차의	Top2001-3000
2521	procedimiento	절차, 수술	Top2001-3000
2523	puse	놓았다	Top2001-3000
2524	quedaron	남았다, 머물렀다	Top2001-3000
2525	recuerdos	기억들, 추억들	Top2001-3000
2526	senado	상원	Top2001-3000
2527	soluciones	해결책들	Top2001-3000
2528	sube	올라가다, 올리다	Top2001-3000
2529	torres	탑들	Top2001-3000
2530	trump	트럼프	Top2001-3000
2531	tuviera	그가 가졌다면	Top2001-3000
2532	títulos	제목들, 학위	Top2001-3000
2533	unidas	연합된, 통합된	Top2001-3000
2534	utilizando	사용하면서	Top2001-3000
2536	voces	목소리들	Top2001-3000
2537	zapatos	신발	Top2001-3000
2538	afirma	단언하다, 확언하다	Top2001-3000
2540	andrés	안드레스 (이름)	Top2001-3000
2541	archivos	파일들, 기록보관소	Top2001-3000
2542	asia	아시아	Top2001-3000
2543	barco	배, 선박	Top2001-3000
2544	bomba	폭탄	Top2001-3000
2545	cayó	그는 떨어졌다	Top2001-3000
2546	cerveza	맥주	Top2001-3000
2547	clásico	고전적인, 클래식	Top2001-3000
2548	compañías	회사들	Top2001-3000
2549	consigue	얻다, 구하다	Top2001-3000
2550	cortes	법원, 자름	Top2001-3000
2551	cuadro	그림, 액자, 장면	Top2001-3000
2552	cuantas	얼마나 많은	Top2001-3000
2553	cuáles	어느 것들	Top2001-3000
2554	cámaras	카메라들	Top2001-3000
2555	declaraciones	선언, 진술	Top2001-3000
2556	dedos	손가락들	Top2001-3000
2557	delitos	범죄들	Top2001-3000
2558	demuestra	증명하다, 보여주다	Top2001-3000
2559	ed	에드	Top2001-3000
2560	eduardo	에두아르도 (이름)	Top2001-3000
2561	entendido	이해한, 알겠다	Top2001-3000
2562	federación	연맹, 연방	Top2001-3000
2563	gloria	영광	Top2001-3000
2564	granada	그라나다, 석류	Top2001-3000
2565	habido	있었던	Top2001-3000
2566	harry	해리	Top2001-3000
2567	impresión	인상, 느낌	Top2001-3000
2568	instalaciones	시설, 설비	Top2001-3000
2569	llegando	도착하고 있는	Top2001-3000
2570	llevaba	가지고 다녔다, 입고 있었다	Top2001-3000
2571	man	남자	Top2001-3000
2572	municipales	시의, 지자체의	Top2001-3000
2573	numerosos	수많은, 다수의	Top2001-3000
2574	oriental	동양의, 동쪽의	Top2001-3000
2576	presentan	제시하다, 소개하다	Top2001-3000
2577	responsables	책임있는, 담당자	Top2001-3000
2578	rápida	빠른	Top2001-3000
2579	saca	꺼내다, 빼다	Top2001-3000
2580	salvar	구하다, 살리다	Top2001-3000
2581	talento	재능	Top2001-3000
2582	torre	탑	Top2001-3000
2583	traer	가져오다	Top2001-3000
2584	utilizado	사용된	Top2001-3000
2585	venido	온, 왔던	Top2001-3000
2586	ventas	판매	Top2001-3000
2588	actores	배우들	Top2001-3000
2589	aniversario	기념일	Top2001-3000
2591	aquello	저것	Top2001-3000
2592	aviso	경고, 알림	Top2001-3000
2593	cien	백	Top2001-3000
2594	comparación	비교	Top2001-3000
2595	compras	쇼핑, 네가 산다	Top2001-3000
2596	comunista	공산주의의, 공산주의자	Top2001-3000
2597	conocen	그들은 알다	Top2001-3000
2598	contó	그는 말했다, 셌다	Top2001-3000
2599	darse	자신에게 주다, 깨닫다	Top2001-3000
2600	deportes	스포츠	Top2001-3000
2601	dientes	치아들, 이빨	Top2001-3000
2602	dificultades	어려움들, 곤란	Top2001-3000
2603	echar	던지다, 내보내다	Top2001-3000
2604	ejecución	실행, 집행	Top2001-3000
2605	entorno	환경, 주위	Top2001-3000
2606	estando	있는 상태로	Top2001-3000
2607	europeos	유럽의, 유럽인들	Top2001-3000
2608	expertos	전문가들	Top2001-3000
2609	extensión	확장, 범위	Top2001-3000
2610	figuras	인물들, 형상	Top2001-3000
2611	físico	신체의, 물리학자	Top2001-3000
2612	homenaje	경의, 헌사	Top2001-3000
2613	interna	내부의, 내적인	Top2001-3000
2614	leo	읽다, 사자자리	Top2001-3000
2615	leído	읽은	Top2001-3000
2616	listas	목록들, 준비된	Top2001-3000
2619	meta	목표, 골	Top2001-3000
2620	morales	도덕적인, 모랄레스	Top2001-3000
2621	muchísimo	매우 많이	Top2001-3000
2622	muestran	보여주다, 나타내다	Top2001-3000
2623	oficinas	사무실들	Top2001-3000
2624	papeles	서류들, 종이들	Top2001-3000
2625	pensado	생각한	Top2001-3000
2626	petróleo	석유	Top2001-3000
2627	piden	요구하다, 부탁하다	Top2001-3000
2628	posteriormente	이후에, 나중에	Top2001-3000
2629	potencial	잠재력	Top2001-3000
2630	presentes	현재의, 참석한	Top2001-3000
2631	profundo	깊다	Top2001-3000
2632	regla	규칙, 자	Top2001-3000
2633	regular	규칙적인, 조절하다	Top2001-3000
2634	renta	소득, 수입	Top2001-3000
2635	ricos	부유한, 맛있는	Top2001-3000
2636	serían	~일 것이다	Top2001-3000
2637	señala	지적하다, 가리키다	Top2001-3000
2638	taller	작업실, 워크숍	Top2001-3000
2639	textos	텍스트, 문서들	Top2001-3000
2640	ventaja	이점, 유리	Top2001-3000
2642	adultos	성인들, 어른들	Top2001-3000
2643	afecta	영향을 미치다	Top2001-3000
2644	baile	춤, 무도회	Top2001-3000
2645	blancos	흰색의, 표적들	Top2001-3000
2647	ciudadanía	시민권, 시민의식	Top2001-3000
2648	conocimientos	지식	Top2001-3000
2650	creemos	우리는 믿다	Top2001-3000
2651	dedicado	헌신한, 전념한	Top2001-3000
2652	descubrir	발견하다, 알아내다	Top2001-3000
2653	desea	원하다, 바라다	Top2001-3000
2654	enseñanza	교육, 가르침	Top2001-3000
2655	entidad	기관, 단체	Top2001-3000
2656	entrenamiento	훈련	Top2001-3000
2657	enviado	보내진, 사절	Top2001-3000
2658	espectáculo	쇼, 공연	Top2001-3000
2660	estés	네가 있다	Top2001-3000
2661	felices	행복한	Top2001-3000
2662	fenómeno	현상	Top2001-3000
2663	fuimos	우리는 갔다, 우리는 ~였다	Top2001-3000
2664	funcionamiento	작동, 운영	Top2001-3000
2665	guste	마음에 들다	Top2001-3000
2666	horrible	끔찍한, 무서운	Top2001-3000
2667	huevo	계란	Top2001-3000
2669	informes	보고서, 리포트	Top2001-3000
2670	intelectual	지적인, 지식인	Top2001-3000
2671	javier	하비에르 (이름)	Top2001-3000
2672	lanzamiento	발사, 출시	Top2001-3000
2673	llevaron	그들은 데려갔다	Top2001-3000
2674	martin	마틴	Top2001-3000
2675	moderna	현대의, 근대의	Top2001-3000
2676	ocurrido	일어난	Top2001-3000
2677	pared	벽	Top2001-3000
2678	paro	실업, 정지	Top2001-3000
2679	particularmente	특히, 특별히	Top2001-3000
2681	pensamientos	생각	Top2001-3000
2682	preocupa	걱정시키다	Top2001-3000
2683	propiedades	속성, 재산	Top2001-3000
2684	provincial	주의, 지방의	Top2001-3000
2685	residencia	거주지, 주거	Top2001-3000
2686	ríos	강들	Top2001-3000
2687	sonrisa	미소	Top2001-3000
2688	tareas	일, 과제	Top2001-3000
2689	vecino	이웃, 이웃집 사람	Top2001-3000
2690	vehículos	차량들	Top2001-3000
2691	veía	보고 있었다	Top2001-3000
2692	abogados	변호사들	Top2001-3000
2693	abuelo	할아버지	Top2001-3000
2694	aplicaciones	응용, 애플리케이션	Top2001-3000
2695	australia	호주	Top2001-3000
2696	basado	기반을 둔, 근거한	Top2001-3000
2697	bella	아름다운	Top2001-3000
2698	california	캘리포니아	Top2001-3000
2699	colonia	식민지, 향수	Top2001-3000
2700	come	먹다	Top2001-3000
2701	comunicaciones	통신, 커뮤니케이션	Top2001-3000
2702	cooperación	협력, 협동	Top2001-3000
2703	correcta	올바른, 정확한	Top2001-3000
2704	darte	너에게 주다	Top2001-3000
2706	debió	해야 했다	Top2001-3000
2707	declaró	선언했다, 진술했다	Top2001-3000
2709	discutir	논쟁하다, 토론하다	Top2001-3000
2710	elemento	요소, 원소	Top2001-3000
2711	encuesta	설문조사	Top2001-3000
2712	entradas	입장권, 입구, 티켓	Top2001-3000
2716	forman	구성하다, 형성하다	Top2001-3000
2717	franco	솔직한	Top2001-3000
2718	frases	문구, 구절	Top2001-3000
2719	grados	도, 학위	Top2001-3000
2720	hubieran	그들이 있었더라면	Top2001-3000
2721	individual	개별의, 개인의	Top2001-3000
2722	individuos	개인들	Top2001-3000
2723	infancia	어린 시절	Top2001-3000
2724	infraestructura	기반시설, 인프라	Top2001-3000
2725	ingeniería	공학, 엔지니어링	Top2001-3000
2726	interpretación	해석, 통역	Top2001-3000
2727	is	이즈	Top2001-3000
2728	jueces	판사들	Top2001-3000
2729	legislación	입법, 법률	Top2001-3000
2730	liberal	자유주의의, 진보적인	Top2001-3000
2732	lógica	논리	Top2001-3000
2733	manejo	운영, 다룸	Top2001-3000
2734	ministros	장관들	Top2001-3000
2735	moreno	갈색 머리의, 모레노	Top2001-3000
2736	oscuro	어두운	Top2001-3000
2737	oído	귀, 들었다	Top2001-3000
2738	partida	출발, 경기, 시합	Top2001-3000
2739	permiten	허락하다, 허용하다	Top2001-3000
2740	personalmente	개인적으로	Top2001-3000
2741	ponerse	입다, 되다	Top2001-3000
2742	preguntó	물었다	Top2001-3000
2743	princesa	공주	Top2001-3000
2744	progreso	진전, 발전	Top2001-3000
2745	puesta	놓기, 일몰	Top2001-3000
2746	rol	역할	Top2001-3000
2747	seguimos	우리는 계속하다, 따르다	Top2001-3000
2748	sujeto	대상, 주체	Top2001-3000
2749	torneo	토너먼트, 대회	Top2001-3000
2750	trabajan	그들은 일한다	Top2001-3000
2751	tradicionales	전통적인	Top2001-3000
2752	turno	차례, 순번	Top2001-3000
2754	venezolano	베네수엘라의, 베네수엘라인	Top2001-3000
2756	vivimos	우리는 산다	Top2001-3000
2757	algun	어떤	Top2001-3000
2758	aprobación	승인, 찬성	Top2001-3000
2759	católica	가톨릭의	Top2001-3000
2760	celebración	축하, 기념	Top2001-3000
2762	cerrado	닫힌	Top2001-3000
2763	ciclo	주기, 사이클	Top2001-3000
2764	científico	과학자, 과학적인	Top2001-3000
2765	conde	백작	Top2001-3000
2766	crecer	자라다	Top2001-3000
2767	criminal	범죄자, 범죄의	Top2001-3000
2768	círculo	원, 동그라미	Top2001-3000
2769	decidir	결정하다	Top2001-3000
2770	dirigido	지휘된, 향한	Top2001-3000
2771	escritores	작가들	Top2001-3000
2772	establecido	확립된, 설립된	Top2001-3000
2773	evidente	명백한, 분명한	Top2001-3000
2774	excepción	예외	Top2001-3000
2775	exteriores	외부의, 외무의	Top2001-3000
2776	falso	가짜다, 거짓이다	Top2001-3000
2777	formato	형식, 포맷	Top2001-3000
2778	graves	심각한, 중대한	Top2001-3000
2780	habló	말했다	Top2001-3000
2781	hierro	철, 쇠	Top2001-3000
2782	ja	하	Top2001-3000
2783	juro	나는 맹세하다	Top2001-3000
2784	lago	호수	Top2001-3000
2785	logrado	달성한, 해낸	Top2001-3000
2786	mercados	시장들	Top2001-3000
2787	modos	방법, 방식	Top2001-3000
2788	monte	산	Top2001-3000
2789	norma	규범, 규칙	Top2001-3000
2790	olor	냄새	Top2001-3000
2791	perdiendo	잃고 있는	Top2001-3000
2792	peter	피터	Top2001-3000
2793	pleno	완전한, 충만한	Top2001-3000
2794	ponga	놓다	Top2001-3000
2795	porcentaje	백분율, 비율	Top2001-3000
2796	posterior	이후의, 뒤의	Top2001-3000
2797	potencia	힘, 강국	Top2001-3000
2798	preparado	준비된	Top2001-3000
2799	pretende	의도하다, 추구하다	Top2001-3000
2800	publicada	출판된, 공개된	Top2001-3000
2801	reformas	개혁, 수리	Top2001-3000
2802	ricardo	리카르도 (이름)	Top2001-3000
2803	riqueza	부, 풍요	Top2001-3000
2805	saludo	인사	Top2001-3000
2806	sierra	산맥, 톱	Top2001-3000
2807	sucedió	일어났다, 발생했다	Top2001-3000
2808	tabla	표, 판	Top2001-3000
2809	utilizan	사용하다	Top2001-3000
2810	vs	대 (versus)	Top2001-3000
2811	acuerdos	합의, 협정	Top2001-3000
2812	bienestar	복지, 행복	Top2001-3000
2814	castilla	카스티야 (지역)	Top2001-3000
2815	concentración	집중, 농도	Top2001-3000
2816	conseguido	얻은, 성취한	Top2001-3000
2817	copia	복사본	Top2001-3000
2818	corona	왕관	Top2001-3000
2819	cristina	크리스티나 (이름)	Top2001-3000
2820	crítico	비판적인, 비평가	Top2001-3000
2821	deberá	~해야 할 것이다	Top2001-3000
2823	dedo	손가락	Top2001-3000
2824	determinar	결정하다, 정하다	Top2001-3000
2825	doce	열둘	Top2001-3000
2826	ee.uu	미국 (약어)	Top2001-3000
2827	encontraba	있었다, 발견하고 있었다	Top2001-3000
2828	envió	보냈다	Top2001-3000
2829	establece	확립하다, 설정하다	Top2001-3000
2830	estarán	있을 것이다	Top2001-3000
2831	flor	꽃	Top2001-3000
2832	fracaso	실패	Top2001-3000
2833	fábrica	공장	Top2001-3000
2834	gasto	지출, 비용	Top2001-3000
2835	gómez	고메스 (성)	Top2001-3000
2836	hacerle	그에게 하다	Top2001-3000
2837	intentando	시도하면서, 노력하며	Top2001-3000
2838	margen	여백, 마진	Top2001-3000
2839	pais	나라, 국가	Top2001-3000
2840	paredes	벽	Top2001-3000
2841	paseo	산책	Top2001-3000
2842	peligroso	위험한	Top2001-3000
2843	rojas	빨간, 로하스	Top2001-3000
2844	secretaría	비서실, 사무국	Top2001-3000
2845	series	시리즈, 연속물	Top2001-3000
2846	suficientemente	충분히	Top2001-3000
2847	superar	극복하다, 넘어서다	Top2001-3000
2848	techo	천장, 지붕	Top2001-3000
2849	transmisión	전송, 방송	Top2001-3000
2853	visitas	방문, 면회	Top2001-3000
2854	viviendas	주택들	Top2001-3000
2855	absoluta	절대적인	Top2001-3000
2856	aceite	기름, 오일	Top2001-3000
2857	activos	활동적인, 자산	Top2001-3000
2858	alejandro	알레한드로 (이름)	Top2001-3000
2859	antecedentes	전과, 배경	Top2001-3000
2860	anuncio	광고, 발표	Top2001-3000
2861	aplicar	적용하다, 지원하다	Top2001-3000
2862	audio	오디오, 음성	Top2001-3000
2863	azúcar	설탕	Top2001-3000
2865	cambió	그는 바꾸었다	Top2001-3000
2866	canadá	캐나다	Top2001-3000
2867	castellano	카스티야어, 스페인어	Top2001-3000
2868	científicos	과학자들	Top2001-3000
2869	cifras	숫자, 수치	Top2001-3000
2870	columna	기둥, 칼럼, 척추	Top2001-3000
2871	correspondiente	해당하는, 상응하는	Top2001-3000
2872	creó	창조했다, 만들었다	Top2001-3000
2873	cumple	이행하다, 충족하다	Top2001-3000
2874	cura	치료, 신부	Top2001-3000
2875	cursos	과정, 강좌	Top2001-3000
2876	descanso	휴식	Top2001-3000
2877	distinto	다른, 구별되는	Top2001-3000
2879	dé	주다	Top2001-3000
2880	empresarios	기업가들	Top2001-3000
2881	escuchado	들은	Top2001-3000
2883	estuvieron	그들은 있었다	Top2001-3000
2884	genera	생성하다, 발생시키다	Top2001-3000
2885	gira	투어, 회전	Top2001-3000
2886	grecia	그리스	Top2001-3000
2887	gustó	마음에 들었다	Top2001-3000
2888	habilidades	능력, 기술	Top2001-3000
2889	imagino	상상하다	Top2001-3000
2890	intercambio	교환, 교류	Top2001-3000
2891	introducción	소개, 서론	Top2001-3000
2892	lenguas	언어, 혀	Top2001-3000
2893	luces	빛들, 조명	Top2001-3000
2894	organismo	기관, 유기체	Top2001-3000
2895	organizado	조직된, 정리된	Top2001-3000
2896	pedo	방귀, 취한 상태 (속어)	Top2001-3000
2897	piedras	돌들, 바위들	Top2001-3000
2898	posee	소유하다, 가지다	Top2001-3000
2899	promover	촉진하다, 장려하다	Top2001-3000
2900	pudieron	할 수 있었다	Top2001-3000
2901	raíz	뿌리, 근원	Top2001-3000
2902	relacionado	관련된	Top2001-3000
2903	repente	갑자기	Top2001-3000
2904	rosario	로사리오, 묵주	Top2001-3000
2905	siguió	계속하다, 따라가다	Top2001-3000
2906	solicitud	요청, 신청	Top2001-3000
2907	súper	아주, 슈퍼	Top2001-3000
2908	terminado	끝난, 완료된	Top2001-3000
2909	testigos	증인들	Top2001-3000
2910	vayas	네가 가다	Top2001-3000
2911	vuestra	너희들의	Top2001-3000
2912	véase	참조하라	Top2001-3000
2913	vídeos	비디오들	Top2001-3000
2914	ángeles	천사들	Top2001-3000
2915	índice	색인, 지수	Top2001-3000
2917	alcanza	도달하다, 이르다	Top2001-3000
2918	am	오전	Top2001-3000
2919	aparentemente	겉보기에, 아무래도	Top2001-3000
2920	caminos	길들	Top2001-3000
2921	carreras	경주, 경력	Top2001-3000
2922	conflictos	갈등, 충돌	Top2001-3000
2923	culpable	죄가 있는, 유죄의	Top2001-3000
2924	democrática	민주적인	Top2001-3000
2925	difusión	확산, 보급	Top2001-3000
2926	dirigida	지휘된, 향한	Top2001-3000
2927	disponibles	이용 가능한	Top2001-3000
2928	documental	다큐멘터리, 문서의	Top2001-3000
2929	drama	드라마	Top2001-3000
2930	entera	전체의, 완전하다	Top2001-3000
2931	estuviera	있었다면	Top2001-3000
2932	falsa	가짜의	Top2001-3000
2933	feria	박람회, 축제	Top2001-3000
2934	inició	시작했다	Top2001-3000
2935	it	그것	Top2001-3000
2936	juntas	함께, 모임	Top2001-3000
2937	lucas	루카스	Top2001-3000
2938	magia	마법	Top2001-3000
2939	mantenimiento	유지, 관리	Top2001-3000
2940	moderno	현대의, 근대의	Top2001-3000
2941	muro	벽, 담	Top2001-3000
2942	necesarios	필요한	Top2001-3000
2943	nicolás	니콜라스 (이름)	Top2001-3000
2944	pareció	그것은 보였다	Top2001-3000
2945	podrías	할 수 있을 것이다	Top2001-3000
2946	posiblemente	아마도, 가능하게	Top2001-3000
2947	puto	빌어먹을	Top2001-3000
2948	queso	치즈	Top2001-3000
2949	recorrido	여정, 경로	Top2001-3000
2950	relativamente	상대적으로, 비교적	Top2001-3000
2951	religiosa	종교적인	Top2001-3000
2952	restaurante	식당	Top2001-3000
2954	sentía	느꼈다	Top2001-3000
2955	supremo	최고의, 지고의	Top2001-3000
2956	temporal	일시적인, 임시의	Top2001-3000
2957	tiendas	가게들	Top2001-3000
2958	trabajador	노동자, 근면한	Top2001-3000
2959	vehículo	차량	Top2001-3000
2961	virus	바이러스	Top2001-3000
2962	vías	길, 방법	Top2001-3000
2963	andalucía	안달루시아 (지역)	Top2001-3000
2964	avance	전진, 진보	Top2001-3000
2965	bailar	춤추다	Top2001-3000
2966	beso	입맞춤, 키스	Top2001-3000
2967	campañas	캠페인, 운동	Top2001-3000
2968	celebra	축하하다, 기념하다	Top2001-3000
2969	chávez	차베스 (성)	Top2001-3000
2970	comenzaron	시작했다	Top2001-3000
2971	complicado	복잡하다	Top2001-3000
2972	conclusión	결론	Top2001-3000
2973	considerando	고려하면서	Top2001-3000
2974	continente	대륙	Top2001-3000
2975	costumbre	습관, 관습	Top2001-3000
2976	destaca	두드러지다, 강조하다	Top2001-3000
2977	diarios	매일의, 일간지	Top2001-3000
2978	digan	그들이 말하다	Top2001-3000
2980	empleado	직원, 종업원	Top2001-3000
2981	entidades	기관, 단체들	Top2001-3000
2982	escolar	학교의, 학생의	Top2001-3000
2983	factor	요인, 요소	Top2001-3000
2984	fechas	날짜들	Top2001-3000
2985	hacienda	재무, 농장	Top2001-3000
2986	impresionante	인상적인, 놀라운	Top2001-3000
2987	infierno	지옥	Top2001-3000
2988	informó	알렸다, 보고했다	Top2001-3000
2989	interno	내부의	Top2001-3000
2990	inversiones	투자	Top2001-3000
2991	irán	그들은 갈 것이다	Top2001-3000
2992	liberación	해방, 석방	Top2001-3000
2993	localidad	지역, 마을	Top2001-3000
2994	ma	엄마	Top2001-3000
2995	manda	보내다, 명령하다	Top2001-3000
2996	mandar	보내다, 명령하다	Top2001-3000
2997	mandato	임기, 명령	Top2001-3000
2998	marcas	표시, 상표	Top2001-3000
2999	maria	마리아	Top2001-3000
3000	metal	금속, 메탈	Top2001-3000
3001	numerosas	수많은, 다수의	Top3001-5000
3002	paraguay	파라과이	Top3001-5000
3003	pasajeros	승객들	Top3001-5000
3004	peores	더 나쁜, 최악의	Top3001-5000
3005	polvo	먼지, 가루	Top3001-5000
3006	portugal	포르투갈	Top3001-5000
3007	posiciones	위치, 입장	Top3001-5000
3008	producido	생산된, 일어난	Top3001-5000
3009	publicar	출판하다, 게시하다	Top3001-5000
3010	realizada	수행된, 실현된	Top3001-5000
3011	reducción	감소, 축소	Top3001-5000
3012	representan	나타내다, 대표하다	Top3001-5000
3013	resultó	그것은 결과가 되었다	Top3001-5000
3014	rivera	리베라 (성)	Top3001-5000
3015	senador	상원의원	Top3001-5000
3016	señaló	지적했다, 가리켰다	Top3001-5000
3017	socio	파트너, 회원	Top3001-5000
3018	solidaridad	연대, 결속	Top3001-5000
3019	sufrir	고통받다	Top3001-5000
3020	talleres	워크숍, 공방	Top3001-5000
3021	tecnologías	기술들	Top3001-5000
3022	templo	사원, 절	Top3001-5000
3023	teniente	중위	Top3001-5000
3024	tercero	세 번째, 제삼자	Top3001-5000
3025	terror	공포	Top3001-5000
3026	tome	잡다, 마시다	Top3001-5000
3027	top	탑, 최고	Top3001-5000
3028	tormenta	폭풍	Top3001-5000
3030	an	an (영어 부정관사)	Top3001-5000
3031	armada	무장한, 해군	Top3001-5000
3032	bajas	낮은, 사상자	Top3001-5000
3033	bola	공, 볼	Top3001-5000
3034	cable	케이블, 전선	Top3001-5000
3035	cantar	노래하다	Top3001-5000
3036	comprender	이해하다	Top3001-5000
3037	corre	달리다, 뛰다	Top3001-5000
3038	costos	비용들	Top3001-5000
3039	cuarta	네 번째의	Top3001-5000
3040	cuyos	그의, ~의	Top3001-5000
3041	decide	결정하다	Top3001-5000
3042	decirlo	그것을 말하다	Top3001-5000
3044	dejes	네가 놓다, 그만두다	Top3001-5000
3045	desarrollado	개발된, 발전된	Top3001-5000
3046	descubierto	발견된	Top3001-5000
3047	eléctrica	전기의	Top3001-5000
3048	encontraron	찾았다, 발견했다	Top3001-5000
3049	escritura	글쓰기, 문서	Top3001-5000
3050	estadísticas	통계	Top3001-5000
3051	fraude	사기	Top3001-5000
3052	gigante	거인, 거대한	Top3001-5000
3053	horario	시간표, 일정	Top3001-5000
3055	instrumentos	도구, 악기	Top3001-5000
3057	laboratorio	실험실	Top3001-5000
3059	logra	이루다, 달성하다	Top3001-5000
3060	lujo	사치, 호화	Top3001-5000
3061	manejar	다루다, 운전하다	Top3001-5000
3062	mejora	개선, 향상	Top3001-5000
3064	municipios	지자체, 시	Top3001-5000
3065	my	마이	Top3001-5000
3066	ocupa	차지하다, 점유하다	Top3001-5000
3067	pc	PC, 컴퓨터	Top3001-5000
3068	petición	요청, 청원	Top3001-5000
3069	plena	완전한, 충만한	Top3001-5000
3070	podrás	할 수 있을 것이다	Top3001-5000
3071	podríamos	할 수 있을 것이다	Top3001-5000
3072	previa	사전의, 이전의	Top3001-5000
3073	privadas	사적인, 사립의	Top3001-5000
3074	privados	사적인, 사립의	Top3001-5000
3075	programación	프로그래밍, 편성	Top3001-5000
3076	propone	제안하다	Top3001-5000
3077	protesta	항의, 시위	Top3001-5000
3078	reuniones	회의들	Top3001-5000
3079	rio	강, 리오	Top3001-5000
3080	robar	훔치다	Top3001-5000
3081	robert	로버트	Top3001-5000
3082	silla	의자	Top3001-5000
3083	solos	혼자인	Top3001-5000
3084	suficientes	충분한	Top3001-5000
3085	termine	끝내다, 마치다	Top3001-5000
3086	toman	잡다, 마시다	Top3001-5000
3087	ue	EU, 유럽연합	Top3001-5000
3088	vean	그들이 보기를	Top3001-5000
3089	venezolanos	베네수엘라인들	Top3001-5000
3090	vicente	비센테 (이름)	Top3001-5000
3091	vivido	살았다	Top3001-5000
3092	votación	투표	Top3001-5000
3093	vueltas	바퀴, 회전들	Top3001-5000
3095	últimamente	최근에	Top3001-5000
3096	abandonar	버리다, 포기하다	Top3001-5000
3097	abrió	열었다	Top3001-5000
3098	agradable	유쾌한, 기분 좋은	Top3001-5000
3099	arquitectura	건축, 아키텍처	Top3001-5000
3100	aumenta	증가하다, 늘리다	Top3001-5000
3102	bienvenida	환영	Top3001-5000
3103	brillante	빛나는, 뛰어난	Top3001-5000
3104	caras	얼굴, 비싼	Top3001-5000
3106	comunicado	성명, 공지	Top3001-5000
3108	contratos	계약들	Top3001-5000
3109	corriendo	달리고 있는	Top3001-5000
3110	cristianos	기독교인들	Top3001-5000
3111	cubrir	덮다, 가리다	Top3001-5000
3112	deber	의무, 해야 하다	Top3001-5000
3113	demostrado	증명된, 입증된	Top3001-5000
3115	duración	지속 기간	Top3001-5000
3116	encargado	담당자	Top3001-5000
3117	enfermo	아픈, 병든	Top3001-5000
3118	enlaces	링크, 연결	Top3001-5000
3119	existir	존재하다	Top3001-5000
3120	financiera	재정의, 금융의	Top3001-5000
3121	franceses	프랑스인들	Top3001-5000
3122	guerrero	전사	Top3001-5000
3123	hablaba	말하고 있었다	Top3001-5000
3124	hablado	말한, 이야기한	Top3001-5000
3125	hacerte	너에게 하다	Top3001-5000
3128	importar	중요하다, 수입하다	Top3001-5000
3129	italiano	이탈리아의, 이탈리아 사람	Top3001-5000
3130	meter	넣다	Top3001-5000
3131	mio	나의 것	Top3001-5000
3132	médica	의료의, 여의사	Top3001-5000
3133	obispo	주교	Top3001-5000
3134	obligado	강요된, 의무적인	Top3001-5000
3135	periodismo	저널리즘, 언론	Top3001-5000
3136	portal	포털, 현관	Top3001-5000
3137	postura	자세, 입장	Top3001-5000
3138	preocupación	걱정, 근심	Top3001-5000
3139	preparación	준비	Top3001-5000
3140	primo	사촌	Top3001-5000
3141	productores	생산자들, 제작자들	Top3001-5000
3142	próximos	다음의	Top3001-5000
3143	pusieron	그들은 놓았다	Top3001-5000
3144	razon	이유, 근거	Top3001-5000
3145	reconoce	인정한다, 알아본다	Top3001-5000
3146	reconocido	인정받은, 알려진	Top3001-5000
3147	respondió	대답했다	Top3001-5000
3148	restos	잔해, 유해, 나머지	Top3001-5000
3149	señales	신호들, 표시들	Top3001-5000
3150	sigan	그들이 계속해라	Top3001-5000
3151	so	그래서	Top3001-5000
3153	superiores	상위의, 우수한	Top3001-5000
3154	suya	그녀의 것	Top3001-5000
3155	tensión	긴장, 혈압	Top3001-5000
3156	treinta	30, 서른	Top3001-5000
3157	tránsito	통행, 교통	Top3001-5000
3158	tuvimos	우리는 가졌다	Top3001-5000
3159	yendo	가고 있는	Top3001-5000
3160	argumentos	논거, 주장	Top3001-5000
3161	barrios	동네, 구역	Top3001-5000
3162	basada	기반을 둔, 근거한	Top3001-5000
3163	ben	벤	Top3001-5000
3164	boda	결혼식	Top3001-5000
3165	chocolate	초콜릿	Top3001-5000
3166	clasificación	분류, 순위	Top3001-5000
3167	conceptos	개념들	Top3001-5000
3168	consideran	고려하다, 여기다	Top3001-5000
3169	coño	젠장, 빌어먹을	Top3001-5000
3170	cumplimiento	이행, 준수	Top3001-5000
3172	dada	주어진	Top3001-5000
3173	definitiva	최종적인, 결정적인	Top3001-5000
3174	deseos	소망, 욕망	Top3001-5000
3175	destrucción	파괴	Top3001-5000
3176	difíciles	어려운	Top3001-5000
3177	dirige	향한다, 지휘한다	Top3001-5000
3178	espejo	거울	Top3001-5000
3179	esperan	기다린다, 기대한다	Top3001-5000
3180	estadounidenses	미국인들	Top3001-5000
3181	fama	명성, 유명세	Top3001-5000
3182	formado	형성된, 구성된	Top3001-5000
3183	fría	차갑다	Top3001-5000
3184	hable	말하다	Top3001-5000
3185	harán	할 것이다	Top3001-5000
3186	heridas	상처들	Top3001-5000
3187	hielo	얼음	Top3001-5000
3188	idiomas	언어들	Top3001-5000
3189	imaginar	상상하다	Top3001-5000
3190	indios	인디언들, 인도인들	Top3001-5000
3191	inmigrantes	이민자들	Top3001-5000
3192	interesantes	흥미로운	Top3001-5000
3193	irme	나 가다, 떠나다	Top3001-5000
3194	jurado	배심원, 맹세한	Top3001-5000
3196	materias	과목, 재료	Top3001-5000
3197	ofrecen	제공하다	Top3001-5000
3198	one	원, 하나 (영어)	Top3001-5000
3199	organismos	기관, 유기체들	Top3001-5000
3200	oscar	오스카	Top3001-5000
3201	paquete	소포, 포장	Top3001-5000
3202	parejas	커플들, 짝들	Top3001-5000
3203	per	~당, ~에 의해	Top3001-5000
3204	periódicos	신문	Top3001-5000
3205	propaganda	선전, 프로파간다	Top3001-5000
3206	psoe	PSOE (스페인 사회노동당)	Top3001-5000
3207	querían	그들은 원했다	Top3001-5000
3208	ramón	라몬 (이름)	Top3001-5000
3209	rango	계급, 범위	Top3001-5000
3210	rara	드물다, 이상하다	Top3001-5000
3211	retiro	은퇴, 철수	Top3001-5000
3212	ronda	라운드, 순찰	Top3001-5000
3213	rumbo	방향, 경로	Top3001-5000
3214	sienten	느끼다	Top3001-5000
3215	solar	태양의	Top3001-5000
3216	sombra	그림자	Top3001-5000
3217	símbolo	상징, 기호	Top3001-5000
3218	testigo	증인, 목격자	Top3001-5000
3219	técnicos	기술적인, 기술자들	Top3001-5000
3220	vigilancia	감시	Top3001-5000
3221	w	W (알파벳)	Top3001-5000
3222	aca	여기 (acá)	Top3001-5000
3223	agenda	수첩, 일정	Top3001-5000
3224	americana	미국의, 미국 여자	Top3001-5000
3225	apoya	지지하다, 뒷받침하다	Top3001-5000
3226	argentinos	아르헨티나인들	Top3001-5000
3227	asesinado	살해된	Top3001-5000
3228	atacar	공격하다	Top3001-5000
3229	caribe	카리브해	Top3001-5000
3230	carro	차, 마차	Top3001-5000
3232	científica	과학적인	Top3001-5000
3233	cifra	숫자, 수치	Top3001-5000
3234	concepción	개념, 임신	Top3001-5000
3235	concreto	구체적인, 콘크리트	Top3001-5000
3236	conservación	보존, 보호	Top3001-5000
3237	constantemente	끊임없이	Top3001-5000
3238	corrientes	흐름, 현재의	Top3001-5000
3239	cristiano	기독교의, 기독교인	Top3001-5000
3240	cuidar	돌보다	Top3001-5000
3241	darme	나에게 주다	Top3001-5000
3242	democrático	민주적인	Top3001-5000
3243	detenido	체포된, 멈춘	Top3001-5000
3244	dibujo	그림	Top3001-5000
3245	dichos	말, 언급된	Top3001-5000
3246	dirigentes	지도자들	Top3001-5000
3247	electricidad	전기	Top3001-5000
3248	episodio	에피소드, 사건	Top3001-5000
3249	escrita	쓰여진, 서면의	Top3001-5000
3250	escritos	글, 서면	Top3001-5000
3252	fotografías	사진들	Top3001-5000
3253	gabriel	가브리엘	Top3001-5000
3254	ganando	이기고 있는, 벌고 있는	Top3001-5000
3255	haberse	스스로 했음	Top3001-5000
3256	hacían	하고 있었다	Top3001-5000
3257	hugo	우고 (이름)	Top3001-5000
3258	humo	연기	Top3001-5000
3259	independientes	독립적인	Top3001-5000
3260	instrucciones	지시, 설명, 지침	Top3001-5000
3261	integración	통합	Top3001-5000
3262	judíos	유대인	Top3001-5000
3263	levantar	들어올리다, 세우다	Top3001-5000
3264	leyenda	전설, 신화	Top3001-5000
3265	link	링크	Top3001-5000
3266	llamados	이른바, 불린	Top3001-5000
3268	llevando	가져가고 있는	Top3001-5000
3269	mendoza	멘도사 (지역/성)	Top3001-5000
3270	montañas	산	Top3001-5000
3271	nace	태어나다, 생겨나다	Top3001-5000
3272	necesarias	필요한	Top3001-5000
3273	obtuvo	얻었다, 획득했다	Top3001-5000
3274	oficialmente	공식적으로	Top3001-5000
3275	paciencia	인내	Top3001-5000
3276	pasaba	지나갔다, 일어났다	Top3001-5000
3277	patio	마당, 안뜰	Top3001-5000
3278	perdida	잃어버린, 손실	Top3001-5000
3279	pico	부리, 정점	Top3001-5000
3280	piloto	조종사, 파일럿	Top3001-5000
3281	pm	오후 (PM)	Top3001-5000
3283	presidenta	여성 대통령	Top3001-5000
3285	recurso	자원, 수단	Top3001-5000
3286	registros	기록들	Top3001-5000
3287	relacionadas	관련된	Top3001-5000
3288	religiosos	종교적인	Top3001-5000
3289	river	리버 (팀명)	Top3001-5000
3290	saco	자루, 내가 꺼낸다	Top3001-5000
3292	sociedades	사회, 회사들	Top3001-5000
3293	tendremos	우리는 가질 것이다	Top3001-5000
3294	urbano	도시의	Top3001-5000
3295	♪	음표 기호	Top3001-5000
3296	acontecimientos	사건, 일들	Top3001-5000
3297	adecuado	적절한	Top3001-5000
3298	americanos	미국인들	Top3001-5000
3299	aparecer	나타나다, 보이다	Top3001-5000
3300	aparición	출현, 등장	Top3001-5000
3301	arroz	쌀, 밥	Top3001-5000
3302	autorización	허가, 승인	Top3001-5000
3303	avenida	대로, 큰길	Top3001-5000
3304	aventura	모험	Top3001-5000
3305	básica	기본적인	Top3001-5000
3307	ciudadana	시민의	Top3001-5000
3308	cobertura	보도, 범위	Top3001-5000
3309	colombiano	콜롬비아의, 콜롬비아인	Top3001-5000
3310	conforme	~에 따라, 동의하는	Top3001-5000
3312	consiguió	그는 얻었다	Top3001-5000
3313	deberías	해야 한다	Top3001-5000
3314	dejamos	우리는 내버려두다, 그만두다	Top3001-5000
3315	desgracia	불행, 불운	Top3001-5000
3316	detener	멈추다, 체포하다	Top3001-5000
3317	empezaron	시작했다	Top3001-5000
3318	enfoque	접근법, 초점	Top3001-5000
3319	entrenador	코치, 감독	Top3001-5000
3320	evaluación	평가	Top3001-5000
3321	explicó	설명했다	Top3001-5000
3322	explotación	착취, 운영	Top3001-5000
3323	faltan	부족하다, 빠지다	Top3001-5000
3325	financiero	재정의, 금융의	Top3001-5000
3327	gordo	뚱뚱하다	Top3001-5000
3328	habitual	습관적인, 평소의	Top3001-5000
3329	identificación	신분증, 식별	Top3001-5000
3330	incremento	증가	Top3001-5000
3331	individuales	개별의, 개인의	Top3001-5000
3332	iniciar	시작하다	Top3001-5000
3334	japonés	일본의, 일본인	Top3001-5000
3335	limpieza	청소, 깨끗함	Top3001-5000
3336	locos	미친 사람들, 미친	Top3001-5000
3337	macri	마크리 (성)	Top3001-5000
3338	mencionar	언급하다	Top3001-5000
3339	mexico	멕시코	Top3001-5000
3340	monedas	동전들	Top3001-5000
3341	na	NA, 나 (감탄사)	Top3001-5000
3342	nave	우주선, 배	Top3001-5000
3343	necesitaba	필요했다	Top3001-5000
3344	nieve	눈	Top3001-5000
3346	observar	관찰하다	Top3001-5000
3347	once	열하나	Top3001-5000
3348	originales	원본의, 독창적인	Top3001-5000
3349	pacto	협약, 합의	Top3001-5000
3350	particulares	특별한, 개인의	Top3001-5000
3351	presos	죄수들, 포로들	Top3001-5000
3352	profundidad	깊이	Top3001-5000
3353	prohibido	금지된	Top3001-5000
3354	putas	창녀, 매춘부	Top3001-5000
3356	realización	실현, 제작	Top3001-5000
3357	regionales	지역의	Top3001-5000
3360	revisión	검토, 수정	Top3001-5000
3361	roberto	로베르토 (이름)	Top3001-5000
3362	sabido	알려진	Top3001-5000
3364	sera	~일 것이다	Top3001-5000
3365	sexuales	성적인	Top3001-5000
3366	tarjetas	카드들	Top3001-5000
3367	tendencias	경향, 추세	Top3001-5000
3368	tonto	바보, 멍청한	Top3001-5000
3369	trabajado	일한	Top3001-5000
3370	transición	전환, 변천	Top3001-5000
3371	trataba	다루었다, 대했다	Top3001-5000
3372	tratan	다룬다, 대한다	Top3001-5000
3373	venía	오고 있었다	Top3001-5000
3375	vuestro	너희들의	Top3001-5000
3376	xx	XX (20, 로마 숫자)	Top3001-5000
3377	afirmó	단언했다, 확언했다	Top3001-5000
3378	alerta	경계, 경보	Top3001-5000
3379	alfonso	알폰소 (이름)	Top3001-5000
3380	aplica	적용하다	Top3001-5000
3381	aprendizaje	학습, 배움	Top3001-5000
3382	básicamente	기본적으로	Top3001-5000
3383	básicos	기본적인	Top3001-5000
3384	carmen	카르멘 (이름)	Top3001-5000
3386	caza	사냥	Top3001-5000
3387	cc	CC (참조, 용량)	Top3001-5000
3388	combustible	연료	Top3001-5000
3389	conviene	적합하다, 바람직하다	Top3001-5000
3390	curiosidad	호기심	Top3001-5000
3392	deportivo	스포츠의, 스포티한	Top3001-5000
3394	describe	묘사하다, 설명하다	Top3001-5000
3395	diversidad	다양성	Top3001-5000
3396	droga	마약, 약	Top3001-5000
3397	débil	약한	Top3001-5000
3398	ee	미국	Top3001-5000
3399	egipto	이집트	Top3001-5000
3400	ejercer	행사하다, 실행하다	Top3001-5000
3401	emperador	황제	Top3001-5000
3402	empezando	시작하고 있다	Top3001-5000
3403	ensayo	연습, 에세이, 시도	Top3001-5000
3404	escapar	도망치다, 탈출하다	Top3001-5000
3405	estabilidad	안정성	Top3001-5000
3406	estábamos	있었다	Top3001-5000
3407	exclusivamente	독점적으로, 오로지	Top3001-5000
3408	experto	전문가	Top3001-5000
3409	expresa	표현하다, 급행의	Top3001-5000
3410	fallo	판결, 실패	Top3001-5000
3411	fiscales	세금의, 검찰의	Top3001-5000
3412	funcionar	작동하다	Top3001-5000
3413	fundador	창립자	Top3001-5000
3414	garantizar	보장하다	Top3001-5000
3415	generaciones	세대들	Top3001-5000
3416	habilidad	능력, 기술, 재능	Top3001-5000
3417	hacerme	나에게 하다	Top3001-5000
3418	hernández	에르난데스 (성)	Top3001-5000
3419	hicimos	우리는 했다	Top3001-5000
3420	honduras	온두라스	Top3001-5000
3421	incendio	화재	Top3001-5000
3422	instrumento	도구, 악기	Top3001-5000
3423	interesado	관심 있는	Top3001-5000
3424	investigadores	연구자들	Top3001-5000
3425	investigar	조사하다, 수사하다	Top3001-5000
3426	lento	느린	Top3001-5000
3427	lleve	가지고 가다	Top3001-5000
3428	manifestaciones	시위, 표현	Top3001-5000
3429	mueve	움직이다	Top3001-5000
3430	originalmente	원래, 본래	Top3001-5000
3431	paja	짚, 빨대	Top3001-5000
3432	palo	막대기, 몽둥이	Top3001-5000
3434	podamos	우리가 할 수 있다	Top3001-5000
3435	pollo	닭	Top3001-5000
3437	profunda	깊은	Top3001-5000
3438	radical	급진적인, 근본적인	Top3001-5000
3439	relato	이야기, 서술	Top3001-5000
3440	reloj	시계	Top3001-5000
3441	requisitos	요구사항, 필수조건	Top3001-5000
3443	riesgos	위험들	Top3001-5000
3444	roca	바위	Top3001-5000
3445	salto	도약, 점프	Top3001-5000
3446	secretos	비밀들	Top3001-5000
3447	sentí	나는 느꼈다	Top3001-5000
3448	sirven	봉사하다, 쓸모 있다	Top3001-5000
3449	soldado	군인, 병사	Top3001-5000
3451	teníamos	우리는 가지고 있었다	Top3001-5000
3453	universitario	대학의	Top3001-5000
3456	abuso	남용, 학대	Top3001-5000
3457	ambiental	환경의, 환경적인	Top3001-5000
3458	asco	역겨움, 혐오	Top3001-5000
3459	bandas	밴드, 무리, 띠	Top3001-5000
3460	bolívar	볼리바르 (인명/화폐)	Top3001-5000
3461	caballos	말들	Top3001-5000
3462	cartel	포스터, 카르텔	Top3001-5000
3463	castigo	벌	Top3001-5000
3464	categorías	범주, 카테고리	Top3001-5000
3465	ceremonia	의식, 예식	Top3001-5000
3466	chileno	칠레의, 칠레 사람	Top3001-5000
3467	chinos	중국인들	Top3001-5000
3468	cierra	닫다	Top3001-5000
3469	computadora	컴퓨터	Top3001-5000
3470	conducta	행동, 품행	Top3001-5000
3471	confiar	신뢰하다, 믿다	Top3001-5000
3472	cortar	자르다	Top3001-5000
3473	créditos	크레딧, 학점, 신용	Top3001-5000
3474	cubierta	덮개, 갑판	Top3001-5000
3476	demas	그 외의, 나머지	Top3001-5000
3477	derrota	패배, 패전	Top3001-5000
3478	descubre	발견하다, 알아내다	Top3001-5000
3479	destacar	돋보이다, 강조하다	Top3001-5000
3480	dieta	식단, 다이어트	Top3001-5000
3481	establecimiento	시설, 설립, 점포	Top3001-5000
3482	estructuras	구조, 구조물	Top3001-5000
3483	famosa	유명한	Top3001-5000
3484	fórmula	공식, 방식	Top3001-5000
3485	golpes	타격, 주먹	Top3001-5000
3486	gracioso	웃긴, 재미있는	Top3001-5000
3487	heridos	부상자들	Top3001-5000
3488	https	HTTPS (프로토콜)	Top3001-5000
3489	ilusión	환상, 기대, 설렘	Top3001-5000
3490	instante	순간, 찰나	Top3001-5000
3491	intentó	그는 시도했다	Top3001-5000
3492	lanzó	던졌다, 발표했다, 출시했다	Top3001-5000
3493	lágrimas	눈물	Top3001-5000
3494	mama	엄마	Top3001-5000
3495	medalla	메달, 훈장	Top3001-5000
3496	multitud	군중	Top3001-5000
3497	nieto	손자	Top3001-5000
3498	nuclear	핵의, 원자력의	Top3001-5000
3499	numero	숫자, 번호	Top3001-5000
3500	ocupación	직업, 점령, 점유	Top3001-5000
3501	olvidado	잊혀진	Top3001-5000
3502	organizar	조직하다, 준비하다	Top3001-5000
3503	pacífico	평화로운, 태평양의	Top3001-5000
3504	pelota	공	Top3001-5000
3505	pendiente	미결의, 귀걸이, 경사	Top3001-5000
3506	permitido	허락된, 허용된	Top3001-5000
3507	plato	접시, 요리	Top3001-5000
3508	porno	포르노	Top3001-5000
3509	pre	전, 사전의 (접두어)	Top3001-5000
3510	previamente	미리, 사전에	Top3001-5000
3511	quita	없앤다, 치운다	Top3001-5000
3512	ramos	가지, 꽃다발 (복수)	Top3001-5000
3513	reciben	받다 (3인칭 복수)	Top3001-5000
3514	recomiendo	추천한다 (1인칭)	Top3001-5000
3515	recuperación	회복, 회수	Top3001-5000
3516	rueda	바퀴	Top3001-5000
3517	soledad	고독, 외로움	Top3001-5000
3518	sorprende	놀라게 한다	Top3001-5000
3519	supuestamente	추정컨대, 아마도	Top3001-5000
3520	temor	두려움, 공포	Top3001-5000
3521	tirar	던지다, 버리다, 당기다	Top3001-5000
3522	tranquila	차분한, 조용한	Top3001-5000
3523	ubicado	위치한, 자리잡은	Top3001-5000
3524	urgente	긴급한	Top3001-5000
3525	verdaderamente	진정으로, 정말로	Top3001-5000
3527	virtual	가상의, 사실상의	Top3001-5000
3528	xix	19 (로마 숫자)	Top3001-5000
3529	álbum	앨범	Top3001-5000
3530	árabe	아랍의, 아랍인	Top3001-5000
3531	únicos	유일한	Top3001-5000
3532	aborto	낙태, 유산	Top3001-5000
3533	ancho	넓은, 폭	Top3001-5000
3534	apellido	성, 성씨	Top3001-5000
3535	aprobado	승인된, 합격한	Top3001-5000
3536	aviones	비행기들	Top3001-5000
3537	borde	가장자리, 모서리	Top3001-5000
3538	canto	노래, 가장자리	Top3001-5000
3539	conductor	운전자	Top3001-5000
3540	consciente	의식하는, 자각하는	Top3001-5000
3541	contento	기쁜, 만족한	Top3001-5000
3542	conversaciones	대화, 회담	Top3001-5000
3543	curioso	호기심 많은, 이상한	Top3001-5000
3544	dama	숙녀	Top3001-5000
3545	desierto	사막	Top3001-5000
3546	destruir	파괴하다	Top3001-5000
3547	directora	여자 감독, 여자 교장	Top3001-5000
3548	duque	공작	Top3001-5000
3549	editor	편집자, 에디터	Top3001-5000
3550	educativo	교육의, 교육적인	Top3001-5000
3551	enseñar	가르치다	Top3001-5000
3552	entregar	전달하다, 넘기다	Top3001-5000
3553	equivalente	동등한, 상응하는	Top3001-5000
3554	escuchando	듣고 있는	Top3001-5000
3555	femenino	여성의, 여성적인	Top3001-5000
3556	feo	못생긴, 추한	Top3001-5000
3557	ficción	소설, 허구	Top3001-5000
3558	fronteras	국경, 경계	Top3001-5000
3559	funcionario	공무원, 관리	Top3001-5000
3560	fundamentales	근본적인, 기본적인	Top3001-5000
3561	fué	그것은 이었다	Top3001-5000
3563	hijas	딸들	Top3001-5000
3564	hoja	잎, 종이	Top3001-5000
3565	individuo	개인, 사람	Top3001-5000
3566	invitado	손님, 초대된	Top3001-5000
3567	isabel	이사벨	Top3001-5000
3569	limpiar	청소하다	Top3001-5000
3570	louis	루이	Top3001-5000
3571	lástima	유감, 불쌍함	Top3001-5000
3572	manga	소매, 만화	Top3001-5000
3573	marcos	틀, 액자, 마르코스 (인명)	Top3001-5000
3574	mediados	중반, 중순	Top3001-5000
3575	medias	양말, 스타킹	Top3001-5000
3576	mencionado	언급된	Top3001-5000
3577	mostró	보여주었다	Top3001-5000
3578	máquinas	기계	Top3001-5000
3579	necesariamente	반드시, 필연적으로	Top3001-5000
3580	orientación	방향, 오리엔테이션, 지도	Top3001-5000
3581	patrón	주인, 패턴	Top3001-5000
3582	positiva	긍정적인, 양성의	Top3001-5000
3583	procedimientos	절차, 방법	Top3001-5000
3584	profesora	여교사, 여교수	Top3001-5000
3585	quedando	남아 있는 (진행형)	Top3001-5000
3586	quinto	다섯 번째, 5분의 1	Top3001-5000
3587	rendimiento	성과, 수익, 성능	Top3001-5000
3588	reservas	예약, 보류, 비축	Top3001-5000
3589	reto	도전	Top3001-5000
3590	richard	리처드	Top3001-5000
3591	salarios	임금, 급여	Top3001-5000
3592	sentado	앉은	Top3001-5000
3593	sientes	느끼다	Top3001-5000
3594	suprema	최고의, 최상의	Top3001-5000
3595	titulado	제목이 붙은, 자격을 가진	Top3001-5000
3597	ud	당신	Top3001-5000
3598	une	결합하다, 잇다	Top3001-5000
3599	valiente	용감한	Top3001-5000
3600	vende	팔다, 판매하다	Top3001-5000
3601	vengan	그들이 오다	Top3001-5000
3602	verga	남근 (비속어), 막대	Top3001-5000
3603	vicepresidente	부통령, 부회장	Top3001-5000
3605	acusado	고발된, 피고인	Top3001-5000
3606	adecuada	적절한, 알맞은	Top3001-5000
3607	analizar	분석하다	Top3001-5000
3608	app	앱, 애플리케이션	Top3001-5000
3609	arco	활, 아치	Top3001-5000
3610	asesino	살인자, 살인의	Top3001-5000
3611	asiento	좌석, 자리	Top3001-5000
3612	asumir	맡다, 가정하다	Top3001-5000
3613	bolas	공	Top3001-5000
3614	caballeros	신사들, 기사들	Top3001-5000
3616	caminando	걷고 있는	Top3001-5000
3617	capa	망토, 층	Top3001-5000
3618	charla	대화, 담소	Top3001-5000
3619	creía	믿고 있었다	Top3001-5000
3620	cuentos	이야기, 동화	Top3001-5000
3621	cumbre	정상회담, 정상, 꼭대기	Top3001-5000
3622	declarado	선언된, 선포된	Top3001-5000
3623	dejas	너는 놓아두다	Top3001-5000
3624	desaparecido	사라진, 실종된	Top3001-5000
3625	embajador	대사	Top3001-5000
3626	equilibrio	균형, 평형	Top3001-5000
3627	equivocado	잘못된, 틀린	Top3001-5000
3628	escribiendo	쓰는 중, 작성 중	Top3001-5000
3630	exige	요구하다 (3인칭)	Top3001-5000
3631	expansión	확장, 팽창	Top3001-5000
3632	firmado	서명된	Top3001-5000
3633	guerras	전쟁 (복수)	Top3001-5000
3634	hechas	만들어진 (여성 복수)	Top3001-5000
3635	hermanas	자매들	Top3001-5000
3636	identificar	식별하다, 확인하다	Top3001-5000
3637	incluir	포함하다	Top3001-5000
3638	lector	독자, 판독기	Top3001-5000
3639	logro	성취	Top3001-5000
3640	mecanismo	기제, 메커니즘	Top3001-5000
3641	miren	보세요	Top3001-5000
3642	negativa	부정적인, 거절	Top3001-5000
3643	ocupado	바쁜, 점유된	Top3001-5000
3644	olvido	잊다, 망각	Top3001-5000
3645	orto	일출, 엉덩이 (속어)	Top3001-5000
3646	parada	정류장, 멈춘	Top3001-5000
3647	poderoso	강력한	Top3001-5000
3648	portada	표지, 커버	Top3001-5000
3649	previo	이전의, 사전의	Top3001-5000
3650	produjo	생산했다, 일으켰다	Top3001-5000
3651	profesión	직업	Top3001-5000
3652	puebla	푸에블라 (멕시코 지명)	Top3001-5000
3653	raíces	뿌리 (복수)	Top3001-5000
3654	rechazo	거부, 거절	Top3001-5000
3655	refiero	나는 언급하다, 가리키다	Top3001-5000
3656	reflexión	반성, 성찰	Top3001-5000
3657	rescate	구조, 몸값	Top3001-5000
3658	situado	위치한, 자리잡은	Top3001-5000
3659	tesis	논문, 학위논문	Top3001-5000
3660	tía	이모, 고모	Top3001-5000
3661	ventajas	장점, 이점	Top3001-5000
3663	votantes	유권자, 투표자	Top3001-5000
3664	órgano	기관, 장기, 오르간	Top3001-5000
3665	órganos	기관, 장기 (복수)	Top3001-5000
3666	alas	날개들	Top3001-5000
3667	amigas	여자친구들	Top3001-5000
3668	aprende	배우다 (3인칭)	Top3001-5000
3669	armadas	무장한, 군대의 (여성 복수)	Top3001-5000
3671	asegura	보장하다, 확언하다	Top3001-5000
3672	atender	돌보다, 응대하다	Top3001-5000
3673	autonomía	자치, 자율성	Top3001-5000
3675	botella	병	Top3001-5000
3676	básico	기본적인, 기초의	Top3001-5000
3677	cajas	상자	Top3001-5000
3678	campeonato	선수권 대회, 챔피언십	Top3001-5000
3679	cantidades	양, 수량 (복수)	Top3001-5000
3680	cerro	언덕, 산	Top3001-5000
3681	ciertamente	확실히	Top3001-5000
3682	coger	잡다, 타다	Top3001-5000
3683	colegios	학교, 단체 (복수)	Top3001-5000
3684	composición	구성, 작곡, 작문	Top3001-5000
3686	condena	유죄 판결, 형벌	Top3001-5000
3688	consigo	내가 얻는다, 그와 함께	Top3001-5000
3689	constituye	구성하다 (3인칭)	Top3001-5000
3690	continua	지속적인, 계속되는	Top3001-5000
3691	creciente	증가하는, 성장하는	Top3001-5000
3692	criterio	기준, 판단	Top3001-5000
3693	críticos	비판적인, 비평가들	Top3001-5000
3694	daría	내가 줄 것이다	Top3001-5000
3695	data	데이터, 날짜	Top3001-5000
3696	define	정의하다 (3인칭)	Top3001-5000
3697	digamos	말해보자	Top3001-5000
3698	electorales	선거의	Top3001-5000
3699	emociones	감정, 정서	Top3001-5000
3700	empiezan	그들이 시작하다	Top3001-5000
3701	entienden	그들은 이해한다	Top3001-5000
3702	espiritual	영적인, 정신적인	Top3001-5000
3703	femenina	여성의 (여성형)	Top3001-5000
3704	fiel	충실한, 신실한	Top3001-5000
3705	fortuna	행운, 재산	Top3001-5000
3706	gabinete	내각, 사무실	Top3001-5000
3707	go	고	Top3001-5000
3708	guillermo	기예르모 (인명)	Top3001-5000
3709	gustado	마음에 든	Top3001-5000
3710	habiendo	가지고 있는 (진행형)	Top3001-5000
3711	huelga	파업	Top3001-5000
3712	inicia	시작하다 (3인칭)	Top3001-5000
3713	instagram	인스타그램	Top3001-5000
3714	instalación	설치, 시설	Top3001-5000
3715	lanza	던지다, 창	Top3001-5000
3716	limpia	깨끗한, 청소한다	Top3001-5000
3717	manual	수동의, 매뉴얼	Top3001-5000
3718	maravilloso	멋진, 훌륭한	Top3001-5000
3719	mate	죽여라, 마테차	Top3001-5000
3720	menciona	언급하다 (3인칭)	Top3001-5000
3721	miami	마이애미	Top3001-5000
3722	muchachos	소년들, 청년들	Top3001-5000
3723	muestras	견본, 샘플, 보여주다	Top3001-5000
3724	negativo	부정적인, 음성의	Top3001-5000
3725	obama	오바마 (인명)	Top3001-5000
3726	oración	기도, 문장	Top3001-5000
3727	orgulloso	자랑스러운	Top3001-5000
3728	parcial	부분적인, 편파적인	Top3001-5000
3729	permitió	허용했다, 가능하게 했다	Top3001-5000
3730	producen	생산하다 (3인칭 복수)	Top3001-5000
3731	quitar	없애다, 제거하다, 벗기다	Top3001-5000
3732	recientes	최근의 (복수)	Top3001-5000
3733	religiosas	종교적인 (여성 복수)	Top3001-5000
3734	respectivamente	각각, 각자	Top3001-5000
3735	ridículo	우스꽝스러운, 말도 안 되는	Top3001-5000
3736	sabia	현명한	Top3001-5000
3738	sergio	세르히오 (인명)	Top3001-5000
3739	sesiones	회기, 세션	Top3001-5000
3740	socios	동업자들, 파트너들	Top3001-5000
3741	suave	부드러운	Top3001-5000
3742	tendrás	너는 가질 것이다	Top3001-5000
3743	teresa	테레사 (인명)	Top3001-5000
3744	territorios	영토, 지역	Top3001-5000
3745	tira	던진다, 당긴다	Top3001-5000
3746	transformación	변환, 변형	Top3001-5000
3748	universitaria	대학의, 대학생 (여성)	Top3001-5000
3749	world	세계 (영어)	Top3001-5000
3750	académico	학문의, 학술의	Top3001-5000
3751	actriz	여배우	Top3001-5000
3752	actualización	업데이트, 갱신	Top3001-5000
3753	adicional	추가의, 부가적인	Top3001-5000
3754	alemanes	독일인들	Top3001-5000
3755	amarillo	노란색	Top3001-5000
3756	aprovechar	활용하다, 이용하다	Top3001-5000
3757	basa	근거하다, 기초하다	Top3001-5000
3758	bello	아름다운	Top3001-5000
3759	bravo	잘했다, 용감하다	Top3001-5000
3760	cabezas	머리	Top3001-5000
3761	catalán	카탈루냐의, 카탈루냐어	Top3001-5000
3762	cercana	가까운 (여성형)	Top3001-5000
3763	charles	찰스	Top3001-5000
3764	city	도시	Top3001-5000
3765	coalición	연합, 연정	Top3001-5000
3766	coches	자동차들	Top3001-5000
3767	combatir	맞서 싸우다, 퇴치하다	Top3001-5000
3768	coordinación	조정, 협력	Top3001-5000
3769	culto	숭배, 교양 있는	Top3001-5000
3770	dato	자료, 데이터	Top3001-5000
3771	dependiendo	의존하는, ~에 따라	Top3001-5000
3773	dioses	신들	Top3001-5000
3774	distinta	다른, 구별되는 (여성형)	Top3001-5000
3775	efectivamente	실제로, 사실상	Top3001-5000
3776	electrónica	전자의, 전자공학	Top3001-5000
3778	empresario	기업가, 사업가	Top3001-5000
3779	escucho	나는 듣다	Top3001-5000
3780	esencial	본질적인, 필수적인	Top3001-5000
3781	espada	검, 칼	Top3001-5000
3782	expresar	표현하다	Top3001-5000
3783	flujo	흐름, 유동	Top3001-5000
3784	galería	갤러리, 화랑	Top3001-5000
3785	garantía	보증, 보장	Top3001-5000
3786	gasolina	휘발유	Top3001-5000
3787	habana	아바나 (쿠바 수도)	Top3001-5000
3788	hiciera	했더라면	Top3001-5000
3789	hilo	실, 실마리	Top3001-5000
3790	indio	인도인, 인디언	Top3001-5000
3791	indígena	원주민의, 토착의	Top3001-5000
3792	interesados	관심 있는, 이해관계자	Top3001-5000
3793	jack	잭	Top3001-5000
3794	jajajaja	하하하하 (웃음)	Top3001-5000
3795	laborales	노동의, 직업의	Top3001-5000
3796	latinoamérica	라틴아메리카	Top3001-5000
3797	liberales	자유주의의, 진보적인	Top3001-5000
3800	mínima	최소의 (여성형)	Top3001-5000
3801	móviles	모바일, 휴대전화 (복수)	Top3001-5000
3802	preparar	준비하다	Top3001-5000
3803	propietario	소유자, 주인	Top3001-5000
3804	protagonista	주인공, 주역	Top3001-5000
3805	quito	키토 (에콰도르 수도)	Top3001-5000
3806	química	화학	Top3001-5000
3807	realizan	실행하다 (3인칭 복수)	Top3001-5000
3808	revela	밝히다, 드러내다	Top3001-5000
3809	rusa	러시아 여자	Top3001-5000
3810	sentirse	느끼다	Top3001-5000
3811	sienta	앉다, 느끼다	Top3001-5000
3812	siria	시리아	Top3001-5000
3813	sufrido	겪은, 고통받은	Top3001-5000
3814	tengamos	우리가 가지다	Top3001-5000
3815	totalidad	전체, 총체	Top3001-5000
3816	tratados	조약, 다뤄진	Top3001-5000
3817	up	위로 (영어)	Top3001-5000
3818	urbana	도시의 (여성형)	Top3001-5000
3819	versiones	버전, 판	Top3001-5000
3820	violación	위반, 강간	Top3001-5000
3821	vivía	살고 있었다	Top3001-5000
3822	volviendo	돌아오고 있다	Top3001-5000
3823	acompañado	동반된, 함께 있는	Top3001-5000
3824	alex	알렉스	Top3001-5000
3825	alimentación	영양 섭취, 식품 공급	Top3001-5000
3826	alonso	알론소 (인명)	Top3001-5000
3827	alternativas	대안, 선택지	Top3001-5000
3828	anuncios	광고, 공지	Top3001-5000
3829	británico	영국의	Top3001-5000
3830	combinación	조합	Top3001-5000
3831	conocía	알고 있었다	Top3001-5000
3832	cultivo	재배, 경작	Top3001-5000
3834	células	세포들	Top3001-5000
3835	césar	세사르	Top3001-5000
3836	desconocido	알려지지 않은, 낯선	Top3001-5000
3838	dueños	주인, 소유주 (복수)	Top3001-5000
3839	echo	내가 던진다, 그립다	Top3001-5000
3840	efectiva	효과적인 (여성형)	Top3001-5000
3841	embajada	대사관	Top3001-5000
3842	empecé	내가 시작했다	Top3001-5000
3843	específico	특정한, 구체적인	Top3001-5000
3844	fijo	고정된, 확정된	Top3001-5000
3846	gris	회색	Top3001-5000
3847	gráfico	그래픽, 도표	Top3001-5000
3848	guarda	보관한다, 지킨다	Top3001-5000
3849	históricos	역사적인 (복수)	Top3001-5000
3850	hospitales	병원 (복수)	Top3001-5000
3851	héroes	영웅들	Top3001-5000
3852	incluidos	포함된 (복수)	Top3001-5000
3853	inmediata	즉각적인 (여성형)	Top3001-5000
3854	ira	분노	Top3001-5000
3855	jean	진, 장	Top3001-5000
3856	juvenil	청소년의, 젊은	Top3001-5000
3857	largas	긴	Top3001-5000
3858	literalmente	문자 그대로	Top3001-5000
3861	manifestación	시위, 표현	Top3001-5000
3862	matemáticas	수학	Top3001-5000
3863	mecanismos	기제, 메커니즘 (복수)	Top3001-5000
3864	moto	오토바이	Top3001-5000
3865	ordenó	명령했다, 정돈했다	Top3001-5000
3866	oír	듣다	Top3001-5000
3868	pagos	지불, 결제 (복수)	Top3001-5000
3869	pasamos	우리가 지나간다, 보낸다	Top3001-5000
3870	pesca	낚시, 어업	Top3001-5000
3871	pinta	모습, 칠하다, 파인트	Top3001-5000
3872	plazas	광장, 자리 (복수)	Top3001-5000
3873	posesión	소유	Top3001-5000
3874	prioridad	우선순위	Top3001-5000
3875	reglamento	규정, 규칙	Top3001-5000
3876	respetar	존중하다, 지키다	Top3001-5000
3877	rurales	시골의, 농촌의	Top3001-5000
3878	sacó	꺼냈다	Top3001-5000
3879	salsa	소스	Top3001-5000
3880	salta	뛰다	Top3001-5000
3881	separación	분리, 별거	Top3001-5000
3882	sucedido	일어난	Top3001-5000
3883	tasas	비율, 세금 (복수)	Top3001-5000
3884	tesoro	보물, 자기야	Top3001-5000
3885	toledo	톨레도 (지명)	Top3001-5000
3886	toneladas	톤 (무게 단위)	Top3001-5000
3887	tribunales	법원, 재판소 (복수)	Top3001-5000
3888	uu	EE.UU. (미국 약자)	Top3001-5000
3889	zaragoza	사라고사 (지명)	Top3001-5000
3890	éstos	이것들	Top3001-5000
3891	ética	윤리, 윤리학	Top3001-5000
3892	acaban	끝낸다, 막 했다	Top3001-5000
3893	acero	강철	Top3001-5000
3894	ala	날개	Top3001-5000
3895	aparato	기구, 기계	Top3001-5000
3896	armado	무장한	Top3001-5000
3897	autobús	버스	Top3001-5000
3898	barra	막대, 바	Top3001-5000
3899	bicicleta	자전거	Top3001-5000
3900	bolsillo	주머니	Top3001-5000
3901	busco	나는 찾다	Top3001-5000
3902	camiseta	티셔츠	Top3001-5000
3904	cinta	테이프, 리본	Top3001-5000
3905	cirugía	수술, 외과	Top3001-5000
3906	coca	코카 (잎), 콜라	Top3001-5000
3907	comparte	공유하다 (3인칭)	Top3001-5000
3908	creando	창조하는 (진행형)	Top3001-5000
3909	decían	말하고 있었다	Top3001-5000
3910	departamentos	부서, 아파트 (복수)	Top3001-5000
3911	determinado	결정된, 특정한	Top3001-5000
3912	dolores	고통, 아픔 (복수)	Top3001-5000
3913	domicilio	주소, 거주지	Top3001-5000
3914	dominicana	도미니카의 (여성형)	Top3001-5000
3915	escenas	장면, 씬 (복수)	Top3001-5000
3916	esclavos	노예들	Top3001-5000
3918	estatales	국가의, 국립의	Top3001-5000
3919	existentes	기존의, 존재하는	Top3001-5000
3920	explosión	폭발	Top3001-5000
3921	extrema	극단적인 (여성형)	Top3001-5000
3922	falla	실패, 결함	Top3001-5000
3923	fans	팬들	Top3001-5000
3924	firmas	서명, 회사 (복수)	Top3001-5000
3925	gatos	고양이들	Top3001-5000
3926	gil	바보 (속어), 길 (인명)	Top3001-5000
3927	guardar	보관하다, 간직하다	Top3001-5000
3928	gustaba	좋아했다	Top3001-5000
3929	hogares	가정, 가구 (복수)	Top3001-5000
3930	informa	알리다 (3인칭)	Top3001-5000
3931	inocente	무죄의, 순진한	Top3001-5000
3932	internos	내부의, 내면의	Top3001-5000
3933	lanzado	출시된, 던져진	Top3001-5000
3934	lectores	독자, 판독기 (복수)	Top3001-5000
3935	leí	내가 읽었다	Top3001-5000
3936	limpio	깨끗한	Top3001-5000
3937	llevará	가져갈 것이다	Top3001-5000
3938	mark	마크	Top3001-5000
3939	max	맥스	Top3001-5000
3940	merecen	받을 만하다 (3인칭 복수)	Top3001-5000
3941	montevideo	몬테비데오 (우루과이 수도)	Top3001-5000
3942	moscú	모스크바	Top3001-5000
3943	murieron	그들이 죽었다	Top3001-5000
3944	málaga	말라가 (스페인 지명)	Top3001-5000
3945	nacionalidad	국적	Top3001-5000
3946	palma	야자수, 손바닥	Top3001-5000
3947	pendejo	멍청이, 바보 (속어)	Top3001-5000
3948	poema	시	Top3001-5000
3949	pri	PRI (멕시코 정당)	Top3001-5000
3951	protestas	시위, 항의	Top3001-5000
3952	pudieran	할 수 있었을 (접속법)	Top3001-5000
3953	queja	불평, 항의	Top3001-5000
3954	quinta	다섯 번째 (여성형), 별장	Top3001-5000
3955	quiénes	누구들	Top3001-5000
3956	referencias	참고, 참조 (복수)	Top3001-5000
3957	reproducción	재생, 번식	Top3001-5000
3958	sabiendo	알고 있는	Top3001-5000
3959	sanidad	보건, 위생	Top3001-5000
3960	simples	단순한 (복수)	Top3001-5000
3961	sindicato	노동조합	Top3001-5000
3962	soberanía	주권	Top3001-5000
3963	sufre	고통받다 (3인칭)	Top3001-5000
3964	taxi	택시	Top3001-5000
3965	terroristas	테러리스트들	Top3001-5000
3966	testimonio	증언	Top3001-5000
3967	tom	톰	Top3001-5000
3968	tomaron	그들이 잡았다, 마셨다	Top3001-5000
3969	transparencia	투명성	Top3001-5000
3970	uniforme	제복, 균일한	Top3001-5000
3971	venezolana	베네수엘라의 (여성형)	Top3001-5000
3972	verdaderos	진정한, 진짜의 (복수)	Top3001-5000
3973	via	길, 경로, ~을 경유하여	Top3001-5000
3974	abiertas	열린 (여성 복수)	Top3001-5000
3975	adolescentes	청소년 (복수)	Top3001-5000
3976	aldea	마을	Top3001-5000
3977	amante	애인, 연인	Top3001-5000
3978	android	안드로이드	Top3001-5000
3979	aprendido	배운	Top3001-5000
3980	asistir	참석하다, 돕다	Top3001-5000
3981	asociaciones	협회, 연관 (복수)	Top3001-5000
3982	autónoma	자치의, 자율의 (여성형)	Top3001-5000
3983	bebe	마시다	Top3001-5000
3984	beber	마시다	Top3001-5000
3985	black	블랙	Top3001-5000
3986	cambiando	바꾸고 있는	Top3001-5000
3987	cansado	피곤한	Top3001-5000
3988	chiste	농담, 유머	Top3001-5000
3989	circulación	순환, 유통, 교통	Top3001-5000
3990	cometido	저지른, 범한	Top3001-5000
3991	comienzos	초반, 시작 (복수)	Top3001-5000
3992	componentes	구성 요소, 부품	Top3001-5000
3993	conducir	운전하다, 이끌다	Top3001-5000
3994	consta	구성되다, 명시되어 있다	Top3001-5000
3995	crece	자라다, 성장하다 (3인칭)	Top3001-5000
3996	criminales	범죄자들, 범죄적인	Top3001-5000
3997	crímenes	범죄들	Top3001-5000
3998	darles	그들에게 주다	Top3001-5000
3999	deberán	해야 할 것이다 (3인칭 복수)	Top3001-5000
4000	desaparecer	사라지다	Top3001-5000
4001	descarga	다운로드, 방전, 하역	Top3001-5000
4002	dibujos	그림, 만화	Top3001-5000
4003	empezamos	우리는 시작하다	Top3001-5000
4004	específicamente	구체적으로, 특히	Top3001-5000
4005	facilitar	용이하게 하다, 제공하다	Top3001-5000
4006	famosos	유명한, 유명인들	Top3001-5000
4008	firmar	서명하다	Top3001-5000
4009	fumar	담배 피우다	Top3001-5000
4010	futbol	축구	Top3001-5000
4012	hayas	네가 ~했기를	Top3001-5000
4013	henry	헨리	Top3001-5000
4014	herido	다친, 부상당한	Top3001-5000
4015	ideología	이데올로기, 이념	Top3001-5000
4016	ignacio	이그나시오 (인명)	Top3001-5000
4017	imaginación	상상력, 상상	Top3001-5000
4018	inflación	인플레이션, 물가상승	Top3001-5000
4019	integrantes	구성원, 멤버	Top3001-5000
4021	mantienen	유지하다 (3인칭 복수)	Top3001-5000
4022	mató	죽였다	Top3001-5000
4023	misterio	미스터리, 수수께끼	Top3001-5000
4024	nariz	코	Top3001-5000
4025	nicaragua	니카라과	Top3001-5000
4026	occidente	서양, 서방	Top3001-5000
4027	onu	UN (유엔)	Top3001-5000
4028	oscuridad	어둠	Top3001-5000
4029	paisaje	풍경, 경치	Top3001-5000
4030	participa	참가하다 (3인칭)	Top3001-5000
4032	pensó	그는 생각했다	Top3001-5000
4033	poblaciones	인구, 마을 (복수)	Top3001-5000
4035	preciosa	예쁜, 소중한	Top3001-5000
4037	redacción	작문, 편집부	Top3001-5000
4039	repetir	반복하다	Top3001-5000
4040	salas	방, 홀 (복수)	Top3001-5000
4041	seguirá	계속할 것이다, 따라갈 것이다	Top3001-5000
4042	sensible	예민한, 민감한	Top3001-5000
4044	sobrevivir	살아남다, 생존하다	Top3001-5000
4045	suiza	스위스	Top3001-5000
4046	tristeza	슬픔	Top3001-5000
4047	ventanas	창문들	Top3001-5000
4048	accidentes	사고 (복수)	Top3001-5000
4049	administrativa	행정의 (여성형)	Top3001-5000
4050	ahorro	저축, 절약	Top3001-5000
4051	alquiler	임대, 월세	Top3001-5000
4053	antiguas	오래된, 고대의 (여성 복수)	Top3001-5000
4054	apariencia	외모, 겉모습	Top3001-5000
4055	ayudan	돕다 (3인칭 복수)	Top3001-5000
4056	banca	은행업, 벤치	Top3001-5000
4057	bellas	아름다운 (여성 복수)	Top3001-5000
4058	cadenas	사슬, 체인, 방송망	Top3001-5000
4059	caos	혼돈, 카오스	Top3001-5000
4060	censo	인구조사, 센서스	Top3001-5000
4062	colectiva	집단의, 공동의 (여성형)	Top3001-5000
4063	compuesto	구성된, 화합물	Top3001-5000
4064	contactos	연락처, 접촉	Top3001-5000
4065	contando	세고 있는, 말하고 있는	Top3001-5000
4066	convertir	바꾸다, 전환하다	Top3001-5000
4067	crean	창조하다 (3인칭 복수)	Top3001-5000
4068	criterios	기준 (복수)	Top3001-5000
4069	crónica	만성의, 연대기	Top3001-5000
4070	culturas	문화 (복수)	Top3001-5000
4071	delegación	대표단, 위임	Top3001-5000
4072	despacho	사무실	Top3001-5000
4073	despertar	깨우다, 일어나다	Top3001-5000
4074	despierta	깨어나다, 깨어있는	Top3001-5000
4075	docente	교사, 교수	Top3001-5000
4076	documentación	문서, 서류	Top3001-5000
4077	eje	축, 중심	Top3001-5000
4078	estrategias	전략 (복수)	Top3001-5000
4079	finanzas	재정, 금융	Top3001-5000
4080	fortaleza	요새, 힘	Top3001-5000
4081	ganancias	이익, 수익	Top3001-5000
4083	integral	통합의, 전체의	Top3001-5000
4084	intenciones	의도, 의향	Top3001-5000
4085	invertir	투자하다, 뒤집다	Top3001-5000
4086	inútil	쓸모없다, 무용하다	Top3001-5000
4087	kilos	킬로그램	Top3001-5000
4088	lección	수업, 교훈	Top3001-5000
4089	legado	유산, 전통	Top3001-5000
4090	levanta	일으킨다, 든다	Top3001-5000
4091	llamaba	부르고 있었다	Top3001-5000
4092	lluvias	비 (복수)	Top3001-5000
4093	luchando	싸우고 있는	Top3001-5000
4094	mariano	마리아노 (인명)	Top3001-5000
4095	masas	대중, 덩어리 (복수)	Top3001-5000
4096	muerta	죽은	Top3001-5000
4097	muertes	죽음, 사망	Top3001-5000
4098	panorama	전경, 파노라마	Top3001-5000
4099	park	공원	Top3001-5000
4101	pedazo	조각, 부분	Top3001-5000
4102	permanecer	머무르다	Top3001-5000
4103	presidentes	대통령 (복수)	Top3001-5000
4104	prevención	예방	Top3001-5000
4105	profundamente	깊이, 깊게	Top3001-5000
4106	quedaba	남아있었다	Top3001-5000
4107	querida	사랑하는, 여보	Top3001-5000
4108	rama	나뭇가지, 분야	Top3001-5000
4109	raúl	라울 (인명)	Top3001-5000
4110	revistas	잡지 (복수)	Top3001-5000
4111	revolucionario	혁명적인, 혁명가	Top3001-5000
4112	roto	부서진, 깨진	Top3001-5000
4113	ruedas	바퀴	Top3001-5000
4114	seamos	우리가 되자	Top3001-5000
4115	segun	~에 따르면	Top3001-5000
4116	seguía	계속하다, 따르다	Top3001-5000
4117	serlo	그것이 되다	Top3001-5000
4118	signo	기호, 징조	Top3001-5000
4119	sois	너희는 이다	Top3001-5000
4120	sufrimiento	고통, 괴로움	Top3001-5000
4121	ta	있다 (구어, está의 축약)	Top3001-5000
4122	termino	끝낸다, 용어	Top3001-5000
4123	thomas	토마스	Top3001-5000
4124	todavia	아직, 여전히	Top3001-5000
4127	ultimo	마지막의, 최근의	Top3001-5000
4128	unico	유일한, 독특한	Top3001-5000
4129	vaso	컵, 유리잔	Top3001-5000
4130	veracruz	베라크루스 (멕시코 지명)	Top3001-5000
4131	visitantes	방문객 (복수)	Top3001-5000
4132	william	윌리엄	Top3001-5000
4133	abiertos	열린	Top3001-5000
4134	acabado	끝난, 완성된	Top3001-5000
4135	administrativo	행정의	Top3001-5000
4136	amenazas	위협 (복수)	Top3001-5000
4137	articulo	기사, 조항	Top3001-5000
4138	ayudó	도왔다	Top3001-5000
4139	bloque	블록, 진영	Top3001-5000
4140	bosques	숲 (복수)	Top3001-5000
4141	campamento	캠프, 야영지	Top3001-5000
4142	clínica	진료소	Top3001-5000
4143	condenado	유죄 선고받은, 저주받은	Top3001-5000
4144	conferencias	강연, 회의 (복수)	Top3001-5000
4145	convenio	협정, 합의	Top3001-5000
4146	creada	창설된, 만들어진 (여성형)	Top3001-5000
4147	cristal	유리, 수정	Top3001-5000
4148	cristiana	기독교의 (여성형)	Top3001-5000
4149	decimos	우리는 말한다	Top3001-5000
4150	dedicada	헌신된, ~에 전념하는 (여성형)	Top3001-5000
4151	defiende	방어하다, 옹호하다	Top3001-5000
4152	definir	정의하다	Top3001-5000
4153	desarrolla	개발하다, 전개하다 (3인칭)	Top3001-5000
4154	dirigir	지휘하다, 향하다	Top3001-5000
4155	dispone	가지고 있다, 배치하다	Top3001-5000
4156	dulces	사탕, 달콤한	Top3001-5000
4157	ejercicios	운동, 연습 (복수)	Top3001-5000
4158	elaboración	제작, 작성	Top3001-5000
4159	eras	너는 ~였다	Top3001-5000
4160	estable	안정적인	Top3001-5000
4161	estreno	개봉, 초연	Top3001-5000
4162	exceso	과잉, 초과	Top3001-5000
4163	extranjera	외국의 (여성형)	Top3001-5000
4164	financieros	금융의, 재정의	Top3001-5000
4165	giro	회전, 전환	Top3001-5000
4166	gratuita	무료의 (여성형)	Top3001-5000
4168	institucional	기관의, 제도적인	Top3001-5000
4169	juzgado	법원, 재판받은	Top3001-5000
4170	largos	긴 (복수)	Top3001-5000
4171	liderazgo	리더십, 지도력	Top3001-5000
4173	llenar	채우다	Top3001-5000
4174	longitud	길이, 경도	Top3001-5000
4175	lorenzo	로렌소 (인명)	Top3001-5000
4176	min	분 (시간 단위)	Top3001-5000
4177	mover	움직이다	Top3001-5000
4178	mr	미스터	Top3001-5000
4179	muchacho	소년, 청년	Top3001-5000
4180	naranja	오렌지, 주황색	Top3001-5000
4181	negociaciones	협상 (복수)	Top3001-5000
4182	olvides	너는 잊다	Top3001-5000
4183	otoño	가을	Top3001-5000
4184	pagado	지불한	Top3001-5000
4185	permita	허용하다 (접속법)	Top3001-5000
4186	placa	판, 배지, 번호판	Top3001-5000
4187	podremos	할 수 있을 것이다	Top3001-5000
4188	pongan	놓다	Top3001-5000
4189	recepción	접수처, 리셉션	Top3001-5000
4190	recoger	줍다, 수거하다	Top3001-5000
4191	refugio	피난처, 은신처	Top3001-5000
4192	regalos	선물들	Top3001-5000
4193	representar	대표하다, 나타내다	Top3001-5000
4194	represión	억압, 탄압	Top3001-5000
4195	ruiz	루이스 (성씨)	Top3001-5000
4196	sacerdote	사제, 신부	Top3001-5000
4197	sebastián	세바스티안 (인명)	Top3001-5000
4198	seco	마른, 건조한	Top3001-5000
4199	secretaria	비서	Top3001-5000
4200	sufrió	고통받았다, 겪었다	Top3001-5000
4201	supo	그는 알았다	Top3001-5000
4203	tele	텔레비전	Top3001-5000
4204	tenéis	너희는 가지고 있다	Top3001-5000
4205	territorial	영토의, 지역의	Top3001-5000
4206	toro	황소	Top3001-5000
4207	tragedia	비극	Top3001-5000
4208	venganza	복수	Top3001-5000
4209	vigente	유효한, 시행 중인	Top3001-5000
4210	volar	날다, 날리다	Top3001-5000
4211	z	Z (알파벳)	Top3001-5000
4212	ácido	산, 신맛의	Top3001-5000
4213	ó	또는	Top3001-5000
4214	ademas	게다가, ~외에	Top3001-5000
4215	afectados	영향받은 (복수)	Top3001-5000
4216	apartamento	아파트	Top3001-5000
4218	biblia	성경, 성서	Top3001-5000
4219	bombas	폭탄, 펌프	Top3001-5000
4221	calderón	칼데론 (인명)	Top3001-5000
4222	candidatura	후보 자격, 입후보	Top3001-5000
4223	característica	특징, 특성	Top3001-5000
4224	caído	떨어지다, 쓰러지다	Top3001-5000
4225	censura	검열, 비난	Top3001-5000
4226	cerrada	닫혀 있다	Top3001-5000
4227	comiendo	먹고 있는	Top3001-5000
4228	comprende	이해하다, 포함하다	Top3001-5000
4229	conquista	정복, 획득	Top3001-5000
4230	contestar	대답하다, 답하다	Top3001-5000
4232	creciendo	성장하는 (진행형)	Top3001-5000
4233	cruzar	건너다	Top3001-5000
4234	cuenca	유역, 쿠엔카 (지명)	Top3001-5000
4235	desaparición	소멸, 실종	Top3001-5000
4236	destacado	뛰어난, 돋보이는	Top3001-5000
4237	dichas	말해진, 상기의 (여성 복수)	Top3001-5000
4238	dificultad	어려움, 난이도	Top3001-5000
4239	dudo	나는 의심하다	Top3001-5000
4240	dólar	달러	Top3001-5000
4241	emisión	방송, 배출	Top3001-5000
4242	entrevistas	인터뷰 (복수)	Top3001-5000
4243	españolas	스페인의 (여성 복수)	Top3001-5000
4244	esperanzas	희망	Top3001-5000
4245	exigir	요구하다, 강요하다	Top3001-5000
4246	extremadamente	극도로	Top3001-5000
4247	favoritos	좋아하는, 즐겨찾기	Top3001-5000
4249	finalidad	목적, 의도	Top3001-5000
4250	fruto	열매, 결과, 성과	Top3001-5000
4252	guitarra	기타	Top3001-5000
4253	ignorancia	무지, 무식	Top3001-5000
4254	incidente	사건, 사고	Top3001-5000
4255	independientemente	독립적으로, ~와 상관없이	Top3001-5000
4256	informado	정보를 받은	Top3001-5000
4257	inscripción	등록, 가입, 비문	Top3001-5000
4258	inspiración	영감, 흡기	Top3001-5000
4260	justa	공정한, 정당한	Top3001-5000
4261	linea	선, 줄, 라인	Top3001-5000
4262	love	사랑 (영어)	Top3001-5000
4263	mención	언급, 거론	Top3001-5000
4264	milagro	기적	Top3001-5000
4265	nena	아가씨, 소녀	Top3001-5000
4266	normales	정상적인	Top3001-5000
4267	nosotras	우리 여자들	Top3001-5000
4268	notable	주목할 만한, 뛰어난	Top3001-5000
4269	observa	관찰하다, 지켜보다	Top3001-5000
4270	ocupar	차지하다, 점유하다	Top3001-5000
4271	océano	바다, 대양	Top3001-5000
4272	ofreció	제안했다, 제공했다	Top3001-5000
4273	parezca	보이다	Top3001-5000
4274	pasará	일어날 것이다, 지나갈 것이다	Top3001-5000
4275	pasta	파스타, 반죽	Top3001-5000
4276	poemas	시 (복수)	Top3001-5000
4277	preso	죄수, 수감자	Top3001-5000
4278	propietarios	소유주, 주인들	Top3001-5000
4279	quedé	내가 머물렀다	Top3001-5000
4280	reducido	축소된, 감소된	Top3001-5000
4281	regresa	돌아오다	Top3001-5000
4282	regulación	규제, 규정	Top3001-5000
4283	romero	로즈마리, 순례자	Top3001-5000
4284	rompe	부수다, 깨다	Top3001-5000
4285	sa	주식회사(S.A.)	Top3001-5000
4286	suspensión	중단, 정지, 서스펜션	Top3001-5000
4287	terrenos	토지, 부지	Top3001-5000
4288	terrorismo	테러리즘	Top3001-5000
4291	viejas	늙은, 오래된	Top3001-5000
4292	vital	필수의, 생명의	Top3001-5000
4293	víctor	빅토르 (이름)	Top3001-5000
4294	we	위	Top3001-5000
4296	xvi	16 (로마숫자)	Top3001-5000
4297	adolescente	청소년, 십대	Top3001-5000
4298	adquirir	획득하다, 구입하다	Top3001-5000
4299	alegre	즐거운, 기쁜	Top3001-5000
4300	altamente	매우, 고도로	Top3001-5000
4301	amar	사랑하다	Top3001-5000
4302	america	아메리카	Top3001-5000
4303	aves	새들	Top3001-5000
4304	bordo	승선, 탑승	Top3001-5000
4306	cancha	경기장, 코트	Top3001-5000
4307	catedral	대성당	Top3001-5000
4308	causar	일으키다	Top3001-5000
4309	centrales	중앙의, 중심의	Top3001-5000
4310	circuito	회로, 순환로	Top3001-5000
4311	circular	원형의, 순환하다	Top3001-5000
4312	cobre	구리, 동	Top3001-5000
4314	comprobar	확인하다, 점검하다	Top3001-5000
4315	construido	건설된, 지어진	Top3001-5000
4316	correa	끈, 벨트, 가죽끈	Top3001-5000
4317	costumbres	풍습, 관습	Top3001-5000
4318	cruel	잔인한	Top3001-5000
4319	cuadros	그림, 액자, 표	Top3001-5000
4320	cuyas	~의 (여성 복수 관계대명사)	Top3001-5000
4321	difundir	퍼뜨리다, 전파하다	Top3001-5000
4322	digitales	디지털의	Top3001-5000
4323	dinámica	역학, 동적인	Top3001-5000
4324	disciplina	규율, 학문, 훈련	Top3001-5000
4325	discriminación	차별, 식별	Top3001-5000
4326	disculpas	사과	Top3001-5000
4327	dió	주었다	Top3001-5000
4328	dosis	복용량, 투여량	Top3001-5000
4329	enamorado	사랑에 빠진	Top3001-5000
4330	enfrentar	맞서다, 직면하다	Top3001-5000
4331	envío	발송, 배송	Top3001-5000
4332	escándalo	스캔들, 추문	Top3001-5000
4333	esencia	본질, 에센스	Top3001-5000
4334	estaremos	우리는 있을 것이다	Top3001-5000
4335	expectativas	기대, 예상	Top3001-5000
4336	facilidad	쉬움, 편의	Top3001-5000
4337	felicitaciones	축하합니다	Top3001-5000
4338	fifa	피파 (FIFA)	Top3001-5000
4339	gesto	몸짓, 제스처, 표정	Top3001-5000
4340	grabar	녹음하다, 새기다	Top3001-5000
4341	habéis	너희들은 ~해왔다	Top3001-5000
4342	hagamos	우리 하자	Top3001-5000
4343	humilde	겸손한, 소박한	Top3001-5000
4344	impulso	충동, 추진력	Top3001-5000
4345	informar	알리다, 보고하다	Top3001-5000
4346	instancia	심급, 요청, 사례	Top3001-5000
4347	izquierdo	왼쪽의	Top3001-5000
4348	jaime	하이메 (이름)	Top3001-5000
4349	joda	농담, 성가신 일	Top3001-5000
4350	lentamente	천천히	Top3001-5000
4351	limitado	제한된, 한정된	Top3001-5000
4352	llave	열쇠, 키	Top3001-5000
4353	llegará	도착할 것이다	Top3001-5000
4355	multa	벌금, 과태료	Top3001-5000
4356	negras	검은 (여성 복수)	Top3001-5000
4357	niega	부정하다	Top3001-5000
4358	noble	고귀한, 귀족	Top3001-5000
4359	nombrado	임명된, 지명된	Top3001-5000
4360	obtenido	얻어진, 획득된	Top3001-5000
4361	participaron	참가했다 (3인칭 복수)	Top3001-5000
4362	participó	참가했다 (3인칭 단수)	Top3001-5000
4364	peces	물고기	Top3001-5000
4365	pelear	싸우다	Top3001-5000
4366	percepción	인식, 지각	Top3001-5000
4367	pertenecen	속한다, ~의 것이다	Top3001-5000
4368	plantea	제기하다, 제안하다	Top3001-5000
4369	policial	경찰의	Top3001-5000
4370	prisioneros	죄수들, 포로들	Top3001-5000
4371	privacidad	프라이버시, 사생활	Top3001-5000
4372	productor	생산자, 제작자	Top3001-5000
4373	promesas	약속들	Top3001-5000
4374	rabia	분노, 격노, 광견병	Top3001-5000
4375	rayos	빛, 번개, 제기랄	Top3001-5000
4376	realizadas	실행된, 수행된 (여성 복수)	Top3001-5000
4377	restaurantes	레스토랑들	Top3001-5000
4378	rodrigo	로드리고 (이름)	Top3001-5000
4379	santander	산탄데르 (지명)	Top3001-5000
4380	semillas	씨앗, 종자	Top3001-5000
4381	sentimos	우리는 느낀다, 유감이다	Top3001-5000
4382	soporte	지원, 받침대	Top3001-5000
4383	sostiene	지탱하다, 주장하다	Top3001-5000
4384	tomás	토마스 (이름)	Top3001-5000
4386	tradiciones	전통들	Top3001-5000
4387	utilizada	사용된 (여성)	Top3001-5000
4388	vimos	우리는 보았다	Top3001-5000
4389	actuaciones	공연, 행동, 조치	Top3001-5000
4390	aliados	동맹국, 연합군	Top3001-5000
4391	all	올	Top3001-5000
4392	apple	애플	Top3001-5000
4393	apuesta	내기	Top3001-5000
4394	avanzar	전진하다, 진척되다	Top3001-5000
4395	ayudas	도움, 지원	Top3001-5000
4396	añade	추가하다, 덧붙이다	Top3001-5000
4397	barcos	배, 선박	Top3001-5000
4398	big	빅	Top3001-5000
4399	ca	캘리포니아, 대략	Top3001-5000
4400	captura	체포, 캡처	Top3001-5000
4401	carnaval	카니발, 축제	Top3001-5000
4402	carreteras	도로, 고속도로	Top3001-5000
4403	cd	CD, 시디	Top3001-5000
4404	chilena	칠레의 (여성)	Top3001-5000
4405	comprensión	이해, 이해력	Top3001-5000
4406	convención	협약, 대회	Top3001-5000
4407	convocatoria	소집, 공고	Top3001-5000
4408	creador	창조자, 제작자	Top3001-5000
4409	dedica	헌신하다, 바치다	Top3001-5000
4410	descubrimiento	발견	Top3001-5000
4411	discos	디스크들, 음반들	Top3001-5000
4412	diseñado	디자인된, 설계된	Top3001-5000
4413	disfruta	즐기다	Top3001-5000
4414	eco	메아리, 에코	Top3001-5000
4415	ediciones	판, 발행	Top3001-5000
4416	eliminación	제거, 탈락	Top3001-5000
4417	empezado	시작된	Top3001-5000
4418	encuentras	너는 찾다	Top3001-5000
4419	encuentre	찾기를, 만나기를	Top3001-5000
4420	envía	보낸다	Top3001-5000
4421	escuche	들으세요	Top3001-5000
4422	estima	추정하다, 존경	Top3001-5000
4423	excelencia	탁월함, 우수성	Top3001-5000
4424	exámenes	시험들	Top3001-5000
4425	fabricación	제조, 생산	Top3001-5000
4426	federales	연방의, 연방 요원들	Top3001-5000
4427	financiación	자금 조달, 융자	Top3001-5000
4428	frank	프랭크	Top3001-5000
4429	ganadores	우승자들, 수상자들	Top3001-5000
4431	herida	상처, 부상	Top3001-5000
4432	impedir	막다, 방해하다	Top3001-5000
4433	importe	금액	Top3001-5000
4435	ingenieros	엔지니어들	Top3001-5000
4436	intensidad	강도, 세기	Top3001-5000
4437	juzgar	판단하다	Top3001-5000
4438	lanzar	던지다, 발사하다	Top3001-5000
4439	legislativo	입법의	Top3001-5000
4441	maldita	저주받은, 빌어먹을	Top3001-5000
4442	mancha	얼룩, 반점	Top3001-5000
4443	mauricio	마우리시오 (이름)	Top3001-5000
4445	obligaciones	의무, 책무	Top3001-5000
4446	pecado	죄	Top3001-5000
4447	penas	고통, 형벌	Top3001-5000
4448	pensiones	연금, 하숙	Top3001-5000
4449	planificación	계획, 기획	Top3001-5000
4450	podes	할 수 있다 (voseo)	Top3001-5000
4451	polémica	논란, 논쟁	Top3001-5000
4452	prevenir	예방하다, 방지하다	Top3001-5000
4453	psicología	심리학	Top3001-5000
4454	quedamos	우리가 머문다, 남는다	Top3001-5000
4455	queria	원했다	Top3001-5000
4456	refleja	반영하다, 비추다	Top3001-5000
4457	rosas	장미들	Top3001-5000
4458	rusos	러시아인들	Top3001-5000
4459	rutas	경로, 루트	Top3001-5000
4460	récord	기록, 레코드	Top3001-5000
4461	sacado	꺼낸, 뺀	Top3001-5000
4462	selva	밀림, 정글	Top3001-5000
4463	silva	실바 (성씨)	Top3001-5000
4464	socialismo	사회주의	Top3001-5000
4465	subió	올라갔다, 올렸다	Top3001-5000
4466	teléfonos	전화기들	Top3001-5000
4467	trabajaba	일하고 있었다	Top3001-5000
4468	vargas	바르가스 (성씨)	Top3001-5000
4469	vistazo	흘깃 봄, 일별	Top3001-5000
4470	visual	시각의, 비주얼	Top3001-5000
4471	vol	권, 볼륨 (약어)	Top3001-5000
4472	wow	와	Top3001-5000
4473	xxi	21 (로마숫자)	Top3001-5000
4474	admitir	인정하다	Top3001-5000
4475	agregar	추가하다, 덧붙이다	Top3001-5000
4476	ansiedad	불안, 초조	Top3001-5000
4477	asesinatos	살인	Top3001-5000
4478	asesinos	살인자들	Top3001-5000
4479	bob	밥	Top3001-5000
4480	bolsas	가방들, 봉지들	Top3001-5000
4481	camión	트럭	Top3001-5000
4482	canta	노래한다	Top3001-5000
4483	certificado	증명서, 인증된	Top3001-5000
4484	citas	약속, 데이트, 인용구	Top3001-5000
4485	claras	명확한, 밝은 (여성 복수)	Top3001-5000
4486	comentó	말했다, 논평했다	Top3001-5000
4487	considerada	고려된, 간주되는 (여성)	Top3001-5000
4488	consumidores	소비자들	Top3001-5000
4489	correos	우편, 이메일들	Top3001-5000
4490	creencias	믿음, 신념	Top3001-5000
4491	critica	비판하다, 비평	Top3001-5000
4492	criticar	비판하다, 비평하다	Top3001-5000
4494	cubano	쿠바의, 쿠바인	Top3001-5000
4495	cubierto	덮인, 가려진	Top3001-5000
4496	cubre	덮다, 가리다	Top3001-5000
4497	declara	선언하다, 진술하다	Top3001-5000
4498	declarar	선언하다, 신고하다	Top3001-5000
4499	delincuentes	범죄자들	Top3001-5000
4500	dependencia	의존, 부서	Top3001-5000
4501	depósito	예금, 보증금, 저장소	Top3001-5000
4502	desafío	도전	Top3001-5000
4503	descubrió	그는 발견했다	Top3001-5000
4504	destinado	~을 위한, 운명지어진	Top3001-5000
4505	diaria	매일의, 일간의	Top3001-5000
4507	docentes	교사들, 교수의	Top3001-5000
4509	enormes	거대한	Top3001-5000
4510	enseña	가르치다, 보여주다	Top3001-5000
4511	falsas	거짓의, 가짜의 (여성 복수)	Top3001-5000
4512	garantías	보증, 보장	Top3001-5000
4513	gravedad	중력, 심각성	Top3001-5000
4514	gustavo	구스타보 (이름)	Top3001-5000
4515	herencia	유산, 상속	Top3001-5000
4516	innovación	혁신	Top3001-5000
4517	intentado	시도한	Top3001-5000
4518	invasión	침략, 침공	Top3001-5000
4519	julia	줄리아	Top3001-5000
4520	kevin	케빈	Top3001-5000
4521	latino	라틴계의, 라틴아메리카의	Top3001-5000
4522	llenos	가득 찬 (남성 복수)	Top3001-5000
4523	magnitud	규모, 크기	Top3001-5000
4524	maldito	저주받은, 빌어먹을	Top3001-5000
4525	matando	죽이고 있는	Top3001-5000
4526	mataron	그들은 죽였다	Top3001-5000
4527	medicamentos	의약품, 약	Top3001-5000
4528	misiones	임무, 사명	Top3001-5000
4529	monumento	기념물, 기념비	Top3001-5000
4530	murcia	무르시아 (지명)	Top3001-5000
4531	negar	부정하다, 거부하다	Top3001-5000
4532	observación	관찰, 관측	Top3001-5000
4533	olímpicos	올림픽의	Top3001-5000
4534	op	작품 번호(Op.)	Top3001-5000
4535	perdieron	잃었다, 졌다 (3인칭 복수)	Top3001-5000
4536	perdí	나는 잃었다	Top3001-5000
4538	platos	접시들, 요리들	Top3001-5000
4539	plástico	플라스틱	Top3001-5000
4540	portugués	포르투갈의, 포르투갈어	Top3001-5000
4541	prepara	준비하다	Top3001-5000
4542	protocolo	프로토콜, 의전	Top3001-5000
4543	provoca	유발하다, 도발하다	Top3001-5000
4544	próximas	다음의, 가까운 (여성 복수)	Top3001-5000
4545	pérdidas	손실, 손해	Top3001-5000
4546	reporte	보고서	Top3001-5000
4547	residentes	거주자들, 주민들	Top3001-5000
4548	responsabilidades	책임들	Top3001-5000
4549	rival	라이벌, 경쟁자	Top3001-5000
4550	sello	도장, 우표, 인장	Top3001-5000
4551	semejante	비슷한, 그러한	Top3001-5000
4552	señalar	가리키다, 지적하다	Top3001-5000
4553	signos	기호, 징조	Top3001-5000
4554	solicitar	신청하다, 요청하다	Top3001-5000
4555	solucionar	해결하다	Top3001-5000
4556	suicidio	자살	Top3001-5000
4557	síntomas	증상	Top3001-5000
4558	teorías	이론들	Top3001-5000
4559	terminan	끝나다, 마치다 (3인칭 복수)	Top3001-5000
4560	trayectoria	경력, 궤적	Top3001-5000
4561	tumba	무덤	Top3001-5000
4562	usos	사용, 용도	Top3001-5000
4563	utilización	사용, 이용	Top3001-5000
4564	vencer	이기다, 극복하다	Top3001-5000
4565	verás	너는 볼 것이다	Top3001-5000
4566	vivió	살았다 (3인칭 단수)	Top3001-5000
4567	volvieron	돌아왔다 (3인칭 복수)	Top3001-5000
4568	º	서수 기호(°)	Top3001-5000
4569	éstas	이것들	Top3001-5000
4570	aceptado	받아들여진	Top3001-5000
4571	actúa	행동한다, 연기한다	Top3001-5000
4572	adicionales	추가의, 부가적인	Top3001-5000
4574	agregó	추가했다, 덧붙였다	Top3001-5000
4575	ampliamente	광범위하게, 널리	Top3001-5000
4577	aporte	기여, 공헌	Top3001-5000
4578	aérea	항공의, 공중의	Top3001-5000
4579	bloqueo	봉쇄, 차단	Top3001-5000
4580	cambian	바꾼다, 변한다	Top3001-5000
4581	capacitación	훈련, 교육	Top3001-5000
4582	carbón	석탄, 숯	Top3001-5000
4583	cobrar	징수하다, 받다	Top3001-5000
4584	comedia	코미디, 희극	Top3001-5000
4585	competir	경쟁하다, 겨루다	Top3001-5000
4586	completar	완성하다, 채우다	Top3001-5000
4587	conclusiones	결론들	Top3001-5000
4588	contribuir	기여하다, 공헌하다	Top3001-5000
4589	correspondientes	해당하는, 상응하는	Top3001-5000
4590	cuota	할당액, 회비, 쿼터	Top3001-5000
4591	defensor	수비수, 옹호자	Top3001-5000
4592	dejé	나는 남겼다, 그만두었다	Top3001-5000
4593	denuncias	고발, 신고	Top3001-5000
4594	desempeño	수행, 성과	Top3001-5000
4595	dimensiones	차원, 크기	Top3001-5000
4596	dispuestos	준비된, 배치된	Top3001-5000
4597	eficaz	효과적인, 효율적인	Top3001-5000
4598	encontrarse	만나다, 있다	Top3001-5000
4599	estadística	통계, 통계학	Top3001-5000
4600	existía	존재했다	Top3001-5000
4601	fan	팬	Top3001-5000
4602	fiebre	열	Top3001-5000
4603	fiscalía	검찰청	Top3001-5000
4604	florida	플로리다	Top3001-5000
4605	funcionan	작동하다	Top3001-5000
4606	gane	이기다 (접속법/명령)	Top3001-5000
4607	griego	그리스의, 그리스어	Top3001-5000
4608	guardias	경비원들	Top3001-5000
4609	herrera	에레라 (성씨)	Top3001-5000
4610	huesos	뼈들	Top3001-5000
4611	indican	나타내다, 지시하다 (복수)	Top3001-5000
4612	industriales	산업의, 공업의	Top3001-5000
4613	industrias	산업들	Top3001-5000
4614	intelectuales	지식인들, 지적인	Top3001-5000
4615	international	국제적인 (영어)	Top3001-5000
4616	iphone	아이폰	Top3001-5000
4618	kg	킬로그램	Top3001-5000
4619	ladrones	도둑들, 강도들	Top3001-5000
4620	llamando	부르고 있는, 전화하고 있는	Top3001-5000
4621	llame	부르다, 전화하다	Top3001-5000
4623	logros	성과, 업적	Top3001-5000
4624	manifiesto	선언문, 명백한	Top3001-5000
4625	mercedes	메르세데스 (이름)	Top3001-5000
4626	miseria	비참, 빈곤	Top3001-5000
4627	novelas	소설들	Top3001-5000
4628	ocurrir	일어나다, 발생하다	Top3001-5000
4629	ofertas	제안, 할인	Top3001-5000
4630	ojala	제발, 바라건대	Top3001-5000
4631	olvida	잊는다	Top3001-5000
4632	or	또는 (영어)	Top3001-5000
4633	pagina	페이지, 쪽	Top3001-5000
4634	pantalones	바지	Top3001-5000
4635	paulo	파울로 (이름)	Top3001-5000
4636	peruano	페루의, 페루인	Top3001-5000
4637	pierna	다리	Top3001-5000
4638	play	플레이 (영어)	Top3001-5000
4639	ponte	입어라, 놓아라	Top3001-5000
4640	preguntan	묻다 (3인칭 복수)	Top3001-5000
4641	previsto	예정된, 예상된	Top3001-5000
4642	probado	시험된, 증명된	Top3001-5000
4644	razonable	합리적인, 타당한	Top3001-5000
4645	referente	참조, 기준점	Top3001-5000
4646	respirar	숨 쉬다, 호흡하다	Top3001-5000
4647	revés	반대, 뒤	Top3001-5000
4648	sacrificio	희생	Top3001-5000
4650	sano	건강한	Top3001-5000
4652	separado	분리된, 별거한	Top3001-5000
4653	sombras	그림자들	Top3001-5000
4654	street	거리, 스트리트	Top3001-5000
4655	surge	나타나다, 발생하다	Top3001-5000
4656	tenis	테니스, 운동화	Top3001-5000
4658	terrorista	테러리스트	Top3001-5000
4659	tocó	만졌다, 연주했다	Top3001-5000
4660	tranquilidad	평온, 안정	Top3001-5000
4661	transferencia	이체, 전송	Top3001-5000
4662	trate	대하다, 시도하다	Top3001-5000
4663	turquía	터키 (국가)	Top3001-5000
4664	ubicada	위치한 (여성)	Top3001-5000
4665	veamos	우리 보자	Top3001-5000
4666	vega	베가 (평원, 성씨)	Top3001-5000
4667	venden	판다 (3인칭 복수)	Top3001-5000
4668	videojuegos	비디오 게임	Top3001-5000
4669	vidrio	유리	Top3001-5000
4670	vii	7 (로마숫자)	Top3001-5000
4671	virtud	미덕, 덕목	Top3001-5000
4672	abandonado	버려진, 포기된	Top3001-5000
4674	actitudes	태도들	Top3001-5000
4675	agrícola	농업의	Top3001-5000
4676	aprendí	나는 배웠다	Top3001-5000
4677	aprobó	승인했다, 통과했다	Top3001-5000
4678	atmósfera	대기, 분위기	Top3001-5000
4679	bebés	아기들	Top3001-5000
4680	bienvenidos	환영합니다	Top3001-5000
4681	blancas	하얀 (여성 복수)	Top3001-5000
4682	brasileño	브라질의, 브라질인	Top3001-5000
4683	bus	버스	Top3001-5000
4684	capítulos	장, 챕터들	Top3001-5000
4685	celebró	축하했다, 개최했다	Top3001-5000
4686	chris	크리스	Top3001-5000
4687	ciego	눈먼, 장님	Top3001-5000
4688	comisiones	위원회, 수수료	Top3001-5000
4689	conciertos	콘서트들	Top3001-5000
4690	confirmó	확인했다	Top3001-5000
4691	confusión	혼란, 혼동	Top3001-5000
4692	conoció	알게 되었다, 만났다	Top3001-5000
4693	continuó	계속했다	Top3001-5000
4694	costado	옆구리, 측면	Top3001-5000
4695	cuartos	방, 4분의 1 (복수)	Top3001-5000
4696	cómodo	편안한	Top3001-5000
4697	danza	춤, 무용	Top3001-5000
4698	decidieron	결정했다 (3인칭 복수)	Top3001-5000
4699	detenidos	체포된 사람들, 구금된	Top3001-5000
4700	diccionario	사전	Top3001-5000
4701	dirigió	지휘했다, 이끌었다	Top3001-5000
4702	dispositivo	장치, 기기	Top3001-5000
4703	echa	던진다, 쫓아낸다	Top3001-5000
4705	encuestas	설문조사, 여론조사	Top3001-5000
4706	estándar	표준, 기준	Top3001-5000
4707	europeas	유럽의 (여성 복수)	Top3001-5000
4709	fantasía	환상, 판타지	Top3001-5000
4710	fija	고정된, 고정하다	Top3001-5000
4711	frecuentes	잦은, 빈번한	Top3001-5000
4712	fresco	신선한, 시원한	Top3001-5000
4713	habrían	했을 것이다	Top3001-5000
4714	hitler	히틀러	Top3001-5000
4715	imponer	강요하다, 부과하다	Top3001-5000
4716	iniciativas	이니셔티브, 발의	Top3001-5000
4717	inmigración	이민	Top3001-5000
4718	inteligentes	지능적인, 똑똑한	Top3001-5000
4719	lana	양모, 털실	Top3001-5000
4720	limitada	제한된 (여성)	Top3001-5000
4721	madrugada	새벽	Top3001-5000
4722	mantuvo	유지했다	Top3001-5000
4723	marcado	표시된, 뚜렷한	Top3001-5000
4724	medina	메디나 (지명, 성씨)	Top3001-5000
4725	metido	들어간, 끼어든	Top3001-5000
4726	miranda	미란다 (이름)	Top3001-5000
4727	misa	미사	Top3001-5000
4728	motores	엔진, 모터들	Top3001-5000
4729	mueren	죽다	Top3001-5000
4730	nervioso	긴장한, 초조한	Top3001-5000
4731	ningun	어떤 ~도 아닌	Top3001-5000
4732	núcleo	핵, 중심	Top3001-5000
4733	obligados	의무가 있는, 강요된	Top3001-5000
4734	patas	다리들, 발들	Top3001-5000
4735	persecución	추격, 박해	Top3001-5000
4736	pesado	무거운, 지루한	Top3001-5000
4737	pescado	생선	Top3001-5000
4738	plataformas	플랫폼들	Top3001-5000
4739	popularidad	인기	Top3001-5000
4740	pozo	우물, 구덩이	Top3001-5000
4741	precioso	아름답다, 귀중하다	Top3001-5000
4742	preparados	준비된	Top3001-5000
4743	propuesto	제안된	Top3001-5000
4744	quejas	불평, 민원	Top3001-5000
4745	rajoy	라호이 (성씨)	Top3001-5000
4746	recibieron	받았다 (3인칭 복수)	Top3001-5000
4747	registrado	등록된, 기록된	Top3001-5000
4748	remedio	치료법, 해결책	Top3001-5000
4749	reputación	평판	Top3001-5000
4750	rumores	소문, 풍문	Top3001-5000
4751	sinceramente	진심으로, 솔직히	Top3001-5000
4752	sindicatos	노동조합들	Top3001-5000
4753	this	이것 (영어)	Top3001-5000
4754	trenes	기차들	Top3001-5000
4755	universitarios	대학생들, 대학의	Top3001-5000
4756	usó	사용했다	Top3001-5000
4757	vinieron	그들이 왔다	Top3001-5000
4759	xi	11 (로마숫자)	Top3001-5000
4760	alcanzó	도달했다, 달성했다	Top3001-5000
4761	alemana	독일의 (여성)	Top3001-5000
4762	amado	사랑받는, 사랑하는 사람	Top3001-5000
4763	anna	안나	Top3001-5000
4764	apunta	가리키다, 적다	Top3001-5000
4765	aragón	아라곤 (지명)	Top3001-5000
4766	asistente	조수, 참석자	Top3001-5000
4767	ayude	돕다	Top3001-5000
4768	añadir	추가하다, 덧붙이다	Top3001-5000
4769	be	이다 (영어)	Top3001-5000
4770	caen	떨어지다 (3인칭 복수)	Top3001-5000
4771	casco	헬멧	Top3001-5000
4772	chicago	시카고	Top3001-5000
4773	cocinar	요리하다	Top3001-5000
4774	colectivos	집단의, 단체 (복수)	Top3001-5000
4775	confirmar	확인하다	Top3001-5000
4776	contaminación	오염	Top3001-5000
4777	copias	복사본들	Top3001-5000
4778	cumplido	칭찬, 완수한	Top3001-5000
4779	descansar	쉬다	Top3001-5000
4780	descargar	다운로드하다, 내리다	Top3001-5000
4781	diagnóstico	진단	Top3001-5000
4782	digno	가치 있는, 품위 있는	Top3001-5000
4783	directores	감독, 이사들	Top3001-5000
4784	dormido	잠든	Top3001-5000
4786	empleos	일자리들	Top3001-5000
4787	ensayos	에세이, 시도, 리허설	Top3001-5000
4789	estudiando	공부하고 있는	Top3001-5000
4790	explicaciones	설명들	Top3001-5000
4791	frutos	열매들, 결실	Top3001-5000
4792	galicia	갈리시아 (지명)	Top3001-5000
4793	grabación	녹음, 녹화	Top3001-5000
4794	grasa	지방, 기름	Top3001-5000
4795	gritar	소리치다	Top3001-5000
4796	huir	도망치다	Top3001-5000
4797	inglesa	영국의 (여성)	Top3001-5000
4798	intentos	시도들	Top3001-5000
4799	japonesa	일본의 (여성)	Top3001-5000
4800	joaquín	호아킨 (이름)	Top3001-5000
4801	jurídica	법적인, 사법의	Top3001-5000
4802	macho	남자, 수컷	Top3001-5000
4803	mail	메일 (영어)	Top3001-5000
4804	mandó	보냈다, 명령했다	Top3001-5000
4805	mary	메리	Top3001-5000
4806	maíz	옥수수	Top3001-5000
4807	mire	보다	Top3001-5000
4808	muriendo	죽어가고 있다	Top3001-5000
4809	músicos	음악가들	Top3001-5000
4810	nº	번호 (기호)	Top3001-5000
4811	ola	파도, 물결	Top3001-5000
4812	operativo	작전, 작동하는	Top3001-5000
4814	organizada	조직된 (여성)	Top3001-5000
4815	ortega	오르테가 (성씨)	Top3001-5000
4816	paraíso	천국, 낙원	Top3001-5000
4817	pasen	들어오세요, 지나가세요	Top3001-5000
4818	pendientes	미결인, 귀걸이	Top3001-5000
4819	península	반도	Top3001-5000
4820	poderosa	강력한	Top3001-5000
4821	posteriores	이후의, 뒤의	Top3001-5000
4822	practicar	연습하다	Top3001-5000
4824	presa	먹이, 댐, 포로	Top3001-5000
4825	proporciona	제공하다	Top3001-5000
4826	proporcionar	제공하다, 공급하다	Top3001-5000
4827	provocar	유발하다, 도발하다	Top3001-5000
4828	quedarme	내가 머물다	Top3001-5000
4829	queres	원하다 (voseo)	Top3001-5000
4830	reacciones	반응들	Top3001-5000
4831	recomendaciones	추천, 권고사항	Top3001-5000
4832	relevante	중요한, 관련 있는	Top3001-5000
4834	sabían	그들은 알고 있었다	Top3001-5000
4835	senadores	상원의원들	Top3001-5000
4836	sepan	알다	Top3001-5000
4837	soportar	견디다, 참다	Top3001-5000
4838	surgió	나타났다, 발생했다	Top3001-5000
4839	tetas	가슴, 젖	Top3001-5000
4840	time	시간 (영어)	Top3001-5000
4841	times	타임스 (영어)	Top3001-5000
4842	tomen	잡으세요, 마시세요	Top3001-5000
4843	ultima	마지막의, 최후의	Top3001-5000
4844	veas	네가 보다	Top3001-5000
4845	verá	볼 것이다	Top3001-5000
4846	útiles	유용한, 도구들	Top3001-5000
4847	aclarar	명확히 하다, 밝히다	Top3001-5000
4848	adopción	입양, 채택	Top3001-5000
4849	adoptar	채택하다, 입양하다	Top3001-5000
4850	alarma	경보	Top3001-5000
4851	alegro	나는 기뻐하다	Top3001-5000
4852	almas	영혼	Top3001-5000
4853	amanecer	새벽, 동트다	Top3001-5000
4854	anuncia	발표하다, 광고하다	Top3001-5000
4855	apartado	항목, 사서함, 떨어진	Top3001-5000
4856	asalto	습격, 강도, 폭행	Top3001-5000
4857	at	~에서 (영어)	Top3001-5000
4858	av	대로 (Avenida 약어)	Top3001-5000
4859	berlín	베를린	Top3001-5000
4860	botón	버튼, 단추	Top3001-5000
4861	básicas	기본적인 (여성 복수)	Top3001-5000
4862	cercanos	가까운, 근처의	Top3001-5000
4863	colegas	동료들, 친구들	Top3001-5000
4864	colombiana	콜롬비아의 (여성)	Top3001-5000
4865	colonial	식민지의	Top3001-5000
4866	comenta	논평하다, 언급하다	Top3001-5000
4867	conduce	운전하다, 이끌다	Top3001-5000
4868	confirma	확인하다	Top3001-5000
4869	confirmado	확인된	Top3001-5000
4870	conocidas	알려진 (여성 복수)	Top3001-5000
4871	consentimiento	동의, 승낙	Top3001-5000
4872	contaba	세었다, 이야기했다	Top3001-5000
4873	contado	말해진, 셈된	Top3001-5000
4874	conveniente	편리한, 적절한	Top3001-5000
4875	corporación	법인, 기업	Top3001-5000
4876	cortos	짧은 (남성 복수)	Top3001-5000
4877	decidí	나는 결정했다	Top3001-5000
4878	demandas	수요, 소송	Top3001-5000
4879	descuento	할인	Top3001-5000
4880	desempleo	실업	Top3001-5000
4881	deudas	빚, 부채	Top3001-5000
4882	direcciones	주소, 방향들	Top3001-5000
4883	diré	말할 것이다	Top3001-5000
4884	dispositivos	장치, 기기들	Top3001-5000
4885	duelo	결투, 애도	Top3001-5000
4886	educativa	교육의 (여성)	Top3001-5000
4887	embarazo	임신	Top3001-5000
4888	emocional	감정적인	Top3001-5000
4889	encanto	매력, 마법	Top3001-5000
4890	entran	들어가다 (3인칭 복수)	Top3001-5000
4891	escuché	나는 들었다	Top3001-5000
4892	escudo	방패, 문장	Top3001-5000
4893	estancia	체류, 방	Top3001-5000
4894	etapas	단계, 구간	Top3001-5000
4895	existente	기존의, 존재하는	Top3001-5000
4897	filas	줄, 열, 행	Top3001-5000
4898	flota	함대, 선단	Top3001-5000
4899	fomentar	촉진하다, 장려하다	Top3001-5000
4900	frecuente	빈번한, 자주 있는	Top3001-5000
4901	frecuentemente	자주, 빈번하게	Top3001-5000
4902	fruta	과일	Top3001-5000
4903	fuga	탈출, 누수	Top3001-5000
4904	ganan	이기다, 벌다 (3인칭 복수)	Top3001-5000
4905	garganta	목구멍	Top3001-5000
4906	gráfica	그래프, 도표	Top3001-5000
4908	himno	찬가, 국가	Top3001-5000
4909	house	하우스	Top3001-5000
4910	ideales	이상적인, 이상들	Top3001-5000
4911	informática	정보학, 컴퓨터 공학	Top3001-5000
4912	investigador	연구자, 조사관	Top3001-5000
4913	ios	아이오에스	Top3001-5000
4914	juegan	놀다, 경기하다 (3인칭 복수)	Top3001-5000
4915	king	킹	Top3001-5000
4916	lobo	늑대	Top3001-5000
4917	lograron	달성했다, 해냈다	Top3001-5000
4918	lógico	논리적인, 당연한	Top3001-5000
4919	margarita	데이지 꽃, 마가리타	Top3001-5000
4920	matan	죽이다	Top3001-5000
4921	medellín	메데인 (콜롬비아 도시)	Top3001-5000
4922	mensual	월간의, 매월의	Top3001-5000
4923	mete	넣다, 집어넣다	Top3001-5000
4924	miras	네가 본다	Top3001-5000
4925	monterrey	몬테레이 (멕시코 도시)	Top3001-5000
4926	mostrando	보여주는 중, 표시하면서	Top3001-5000
4927	muebles	가구	Top3001-5000
4928	musicales	음악의, 음악적인	Top3001-5000
4929	negociación	협상, 교섭	Top3001-5000
4930	oficio	직업, 업무	Top3001-5000
4931	parado	서 있는, 멈춘	Top3001-5000
4932	pierden	잃다, 지다 (3인칭 복수)	Top3001-5000
4933	presentarse	나타나다, 자신을 소개하다	Top3001-5000
4934	préstamo	대출, 융자	Top3001-5000
4935	receta	요리법, 처방전	Top3001-5000
4936	recibo	영수증, 수령	Top3001-5000
4937	rincón	구석, 모퉁이	Top3001-5000
4938	sagrado	신성한	Top3001-5000
4939	salgan	그들이 나가라	Top3001-5000
4941	salvaje	야생의, 난폭한	Top3001-5000
4942	sanciones	제재, 처벌	Top3001-5000
4943	satisfacción	만족, 충족	Top3001-5000
4944	sexy	섹시하다	Top3001-5000
4945	situada	위치한, 자리잡은	Top3001-5000
4946	smith	스미스	Top3001-5000
4947	solía	보통 ~하곤 했다	Top3001-5000
4948	sonora	소리가 울리는, 소노라 (멕시코 주)	Top3001-5000
4949	sorprendente	놀라운	Top3001-5000
4950	soviética	소비에트의, 소련의	Top3001-5000
4951	steve	스티브	Top3001-5000
4952	sufren	고통받다, 겪다 (3인칭 복수)	Top3001-5000
4953	sugiere	제안하다, 암시하다	Top3001-5000
4954	supe	알았다	Top3001-5000
4955	tela	천, 직물	Top3001-5000
4956	texas	텍사스	Top3001-5000
4957	utilidad	유용성, 이익	Top3001-5000
4958	vasco	바스크의, 바스크인	Top3001-5000
4959	visible	보이는, 눈에 띄는	Top3001-5000
4960	vistas	경치, 전망	Top3001-5000
4961	windows	윈도우 (운영체제)	Top3001-5000
4962	with	with (영어: ~와 함께)	Top3001-5000
4963	éxitos	성공들, 히트곡들	Top3001-5000
4964	aceptación	수락, 승인	Top3001-5000
4965	adn	디엔에이	Top3001-5000
4966	agustín	아구스틴 (남자 이름)	Top3001-5000
4967	alcanzado	도달한, 달성한	Top3001-5000
4968	alegra	기쁘게 하다	Top3001-5000
4969	apreciar	감상하다, 인정하다	Top3001-5000
4970	atractivo	매력적인	Top3001-5000
4971	avances	진전, 발전	Top3001-5000
4972	azules	파란색들	Top3001-5000
4973	bahía	만 (灣)	Top3001-5000
4974	billetes	지폐, 표	Top3001-5000
4976	campesinos	농민, 시골 사람들	Top3001-5000
4977	capitalismo	자본주의	Top3001-5000
4978	cargar	싣다, 충전하다	Top3001-5000
4979	chilenos	칠레인들, 칠레의	Top3001-5000
4980	cia	CIA	Top3001-5000
4981	clásica	고전의, 클래식의	Top3001-5000
4982	com	com (도메인)	Top3001-5000
4983	cometer	저지르다	Top3001-5000
4984	comprado	산, 구입한	Top3001-5000
4985	comunistas	공산주의자들, 공산주의의	Top3001-5000
4986	debates	토론, 논쟁	Top3001-5000
4987	directiva	이사회, 지침	Top3001-5000
4988	discursos	연설, 담론	Top3001-5000
4989	elevado	높은, 고양된	Top3001-5000
4990	elige	선택한다	Top3001-5000
4991	eléctrico	전기의, 전기적인	Top3001-5000
4992	encantaría	매우 좋아할 것이다	Top3001-5000
4993	encuentros	만남, 회동	Top3001-5000
4994	enferma	아픈	Top3001-5000
4995	enfermos	아픈 사람들	Top3001-5000
4996	enfrente	앞에, 맞은편에	Top3001-5000
4997	entrado	들어간	Top3001-5000
5000	estimado	존경하는, 추정된	Top3001-5000